# This file uses centimeters as units for non-parametric coordinates.

mtllib basic_mouse_pad.mtl
adobe_mdllib basic_mouse_pad.mdl
g default
v -9.822594 0.012371 6.086114
v -6.916673 0.012371 8.838228
v -8.733850 0.012371 8.685504
v -9.294952 0.012371 8.310587
v -9.669869 0.012371 7.749483
v -9.822595 0.332235 6.086114
v -9.669869 0.332235 7.749483
v -9.294951 0.332235 8.310586
v -8.733849 0.332235 8.685504
v -6.916673 0.332235 8.838228
v 9.822595 0.012371 6.086114
v 9.669869 0.012371 7.749483
v 9.294952 0.012371 8.310586
v 8.733850 0.012371 8.685503
v 6.916673 0.012371 8.838229
v 9.822595 0.332235 6.086114
v 6.916673 0.332235 8.838228
v 8.733850 0.332235 8.685503
v 9.294952 0.332235 8.310586
v 9.669869 0.332235 7.749483
v -8.733849 0.332235 -8.685503
v -9.294952 0.332235 -8.310586
v -9.669870 0.332235 -7.749483
v -9.822596 0.332235 -6.086114
v -6.916673 0.332235 -8.838228
v -9.822595 0.012371 -6.086113
v -9.669869 0.012371 -7.749483
v -9.294952 0.012371 -8.310586
v -8.733850 0.012371 -8.685504
v -6.916673 0.012371 -8.838229
v 9.669869 0.332235 -7.749483
v 9.294952 0.332235 -8.310587
v 8.733850 0.332235 -8.685504
v 6.916673 0.332235 -8.838228
v 9.822594 0.332235 -6.086114
v 9.822594 0.012371 -6.086113
v 6.916673 0.012371 -8.838228
v 8.733850 0.012371 -8.685504
v 9.294952 0.012371 -8.310587
v 9.669869 0.012371 -7.749483
v 8.931896 0.347698 -7.970776
v 9.396516 0.347698 -7.559299
v 8.523434 0.347698 -8.432382
v 6.766958 0.347698 -8.393600
v -6.766957 0.347698 -8.393600
v -8.523433 0.347698 -8.432382
v -8.931895 0.347698 -7.970776
v -9.396516 0.347698 -7.559299
v -9.354720 0.347698 -5.956012
v -9.354721 0.347698 5.956012
v -9.396516 0.347698 7.559299
v -8.931895 0.347698 7.970776
v -8.523434 0.347698 8.432382
v -6.766957 0.347698 8.393600
v 6.766958 0.347698 8.393601
v 8.523434 0.347698 8.432382
v 8.931896 0.347698 7.970776
v 9.396515 0.347698 7.559299
v 9.354722 0.347698 5.956012
v 9.354720 0.347698 -5.956012
v 9.354722 0.000000 -5.956012
v 9.354721 0.000000 5.956012
v 9.396516 0.000000 7.559299
v 8.931895 0.000000 7.970776
v 8.523434 0.000000 8.432382
v 6.766957 0.000000 8.393600
v -6.766957 0.000000 8.393600
v -8.523433 0.000000 8.432382
v -8.931896 0.000000 7.970776
v -9.396516 0.000000 7.559299
v -9.354720 0.000000 5.956012
v -9.354720 0.000000 -5.956012
v -9.396516 0.000000 -7.559299
v -8.931895 0.000000 -7.970776
v -8.523434 0.000000 -8.432382
v -6.766957 0.000000 -8.393600
v 6.766958 0.000000 -8.393601
v 8.523434 0.000000 -8.432382
v 8.931896 0.000000 -7.970776
v 9.396515 0.000000 -7.559299
v -7.282160 0.347698 -6.428598
v -7.282160 0.347698 6.428598
v 7.282163 0.347698 -6.428598
v 7.282163 0.347698 6.428598
v -7.282160 0.000000 -6.428598
v -7.282161 0.000000 6.428598
v 7.282161 0.000000 6.428598
v 7.282163 0.000000 -6.428598
v -0.000000 0.012371 8.859301
v -0.000000 0.000000 8.381279
v -0.000000 0.000000 6.075657
v 0.000001 0.000000 -6.075657
v 0.000001 0.000000 -8.381279
v -0.000000 0.012371 -8.859301
v -0.000000 0.332235 -8.859301
v 0.000001 0.347698 -8.381278
v 0.000002 0.347698 -6.075657
v 0.000002 0.347698 6.075657
v 0.000001 0.347698 8.381279
v -0.000000 0.332235 8.859301
v -9.843666 0.332235 0.000000
v -9.342400 0.347698 0.000000
v -6.882144 0.347698 0.000000
v 0.000002 0.347698 0.000000
v 6.882146 0.347698 0.000000
v 9.342401 0.347698 0.000000
v 9.843666 0.332235 0.000000
v 9.843666 0.012371 0.000000
v 9.342401 0.000000 0.000000
v 6.882145 0.000000 0.000000
v 0.000001 0.000000 0.000000
v -6.882144 0.000000 0.000000
v -9.342399 0.000000 0.000000
v -9.843666 0.012371 0.000000
v -9.875314 0.237702 6.118779
v -9.721770 0.237702 7.791076
v -9.344840 0.237702 8.355190
v -8.780726 0.237702 8.732121
v -6.953795 0.237702 8.885665
v -0.000000 0.237702 8.906850
v 6.953796 0.237702 8.885665
v 8.780727 0.237702 8.732121
v 9.344839 0.237702 8.355191
v 9.721769 0.237702 7.791076
v 9.875315 0.237702 6.118779
v 9.896500 0.237702 0.000000
v 9.875314 0.237702 -6.118779
v 9.721769 0.237702 -7.791076
v 9.344840 0.237702 -8.355190
v 8.780725 0.237702 -8.732120
v 6.953796 0.237702 -8.885665
v -0.000000 0.237702 -8.906850
v -6.953796 0.237702 -8.885665
v -8.780726 0.237702 -8.732121
v -9.344840 0.237702 -8.355191
v -9.721770 0.237702 -7.791076
v -9.875315 0.237702 -6.118779
v -9.896499 0.237702 0.000000
v -9.875314 0.093295 6.118779
v -9.721770 0.093295 7.791076
v -9.344840 0.093295 8.355190
v -8.780726 0.093295 8.732121
v -6.953795 0.093295 8.885665
v -0.000000 0.093295 8.906850
v 6.953796 0.093295 8.885665
v 8.780727 0.093295 8.732121
v 9.344839 0.093295 8.355191
v 9.721769 0.093295 7.791076
v 9.875315 0.093295 6.118779
v 9.896500 0.093295 0.000000
v 9.875314 0.093295 -6.118779
v 9.721769 0.093295 -7.791076
v 9.344840 0.093295 -8.355190
v 8.780725 0.093295 -8.732121
v 6.953796 0.093295 -8.885665
v -0.000000 0.093295 -8.906850
v -6.953795 0.093295 -8.885664
v -8.780726 0.093295 -8.732121
v -9.344840 0.093295 -8.355191
v -9.721768 0.093295 -7.791076
v -9.875314 0.093295 -6.118779
v -9.896500 0.093295 0.000000
v -6.836364 0.001237 -8.710277
v -8.135736 0.000000 -8.419500
v -0.000000 0.001237 -8.727811
v 3.920461 0.012371 -8.857193
v 6.836364 0.001237 -8.710278
v 3.829240 0.000000 -8.382511
v 8.293838 0.012371 -8.785870
v 8.629805 0.001237 -8.576850
v 8.135738 0.000000 -8.419500
v 9.032772 0.012371 -8.525539
v 9.170844 0.001237 -8.198100
v 8.687030 0.000000 -8.238540
v 9.509905 0.012371 -8.048406
v 9.549899 0.001237 -7.656753
v 9.200035 0.000000 -7.725534
v 9.770235 0.012371 -7.324851
v 9.380995 0.000000 -7.189260
v 6.916354 0.347698 -3.388030
v 8.581017 0.347698 0.000000
v -8.485709 0.000000 -7.538379
v -8.485708 0.000000 7.538378
v -6.805437 0.000000 7.754108
v 8.485709 0.347698 7.538378
v 6.805439 0.347698 7.754108
v -6.805436 0.347698 -7.754108
v -8.485708 0.347698 -7.538379
v -8.581015 0.347698 0.000000
v -6.916350 0.347698 -3.388030
v -8.701438 0.347698 -5.994471
v -8.485709 0.347698 7.538379
v -8.701439 0.347698 5.994471
v 6.805439 0.347698 -7.754108
v 0.000001 0.347698 -7.639585
v 3.855048 0.347698 -6.105831
v 3.823431 0.347698 0.000000
v 0.000002 0.347698 -3.360445
v 3.855048 0.347698 6.105831
v 0.000001 0.347698 7.639585
v 8.485709 0.000000 -7.538378
v 6.805439 0.000000 -7.754108
v 8.581016 0.000000 0.000000
v 6.916353 0.000000 -3.388030
v 8.701440 0.000000 -5.994471
v 8.485708 0.000000 7.538379
v 8.701439 0.000000 5.994471
v -0.000000 0.000000 7.639585
v 3.855046 0.000000 6.105831
v 6.805437 0.000000 7.754108
v 3.823430 0.000000 0.000000
v 0.000001 0.000000 -3.360445
v 3.855048 0.000000 -6.105831
v 0.000001 0.000000 -7.639585
v 8.701440 0.347698 5.994471
v -6.805436 0.347698 7.754108
v -8.701439 0.000000 5.994471
v -6.805436 0.000000 -7.754108
v -3.920460 0.012371 8.857193
v -3.829239 0.000000 8.382510
v -3.855046 0.000000 6.105831
v -3.823428 0.000000 0.000000
v -3.855045 0.000000 -6.105831
v -3.829239 0.000000 -8.382511
v -3.920461 0.012371 -8.857193
v -3.941502 0.237702 -8.904732
v -3.920461 0.332235 -8.857192
v -3.829239 0.347698 -8.382510
v -3.855045 0.347698 -6.105831
v -3.823427 0.347698 0.000000
v -3.855044 0.347698 6.105831
v -3.829239 0.347698 8.382511
v -3.920461 0.332235 8.857193
v -3.941503 0.237702 8.904732
v -9.841558 0.332235 3.443658
v -9.343632 0.347698 3.363697
v -6.916351 0.347698 3.388030
v 0.000002 0.347698 3.360445
v 6.916353 0.347698 3.388030
v 9.343632 0.347698 3.363697
v 9.841559 0.332235 3.443658
v 9.894381 0.237702 3.462141
v 9.841559 0.012371 3.443658
v 9.343631 0.000000 3.363697
v 6.916352 0.000000 3.388030
v -0.000000 0.000000 3.360445
v -6.916351 0.000000 3.388030
v -9.343632 0.000000 3.363697
v -9.841558 0.012371 3.443658
v -9.894382 0.237702 3.462141
v -9.822672 0.093295 7.364165
v -9.721768 0.164262 7.791076
v -9.875314 0.164262 6.118779
v -9.560946 0.093295 8.091603
v -9.344840 0.164262 8.355189
v -9.081253 0.093295 8.571299
v -8.780725 0.164262 8.732121
v -8.338351 0.093295 8.833025
v -6.953796 0.164262 8.885665
v -3.941503 0.093295 8.904732
v -0.000000 0.164262 8.906852
v 3.941503 0.093295 8.904733
v 6.953795 0.164262 8.885665
v 8.338351 0.093295 8.833025
v 8.780725 0.164262 8.732121
v 9.081253 0.093295 8.571299
v 9.344840 0.164262 8.355189
v 9.560947 0.093295 8.091602
v 9.721768 0.164262 7.791076
v 9.822673 0.093295 7.364165
v 9.875314 0.164262 6.118779
v 9.894381 0.093295 3.462141
v 9.896499 0.164262 0.000000
v 9.894381 0.093295 -3.462141
v 9.875314 0.164262 -6.118779
v 9.822673 0.093295 -7.364165
v 9.721769 0.164262 -7.791076
v 9.560947 0.093295 -8.091602
v 9.344840 0.164262 -8.355190
v 9.081253 0.093295 -8.571299
v 8.780725 0.164262 -8.732121
v 8.338351 0.093295 -8.833025
v 6.953796 0.164262 -8.885665
v 3.941503 0.093295 -8.904732
v -0.000000 0.164262 -8.906852
v -3.941502 0.093295 -8.904732
v -6.953796 0.164262 -8.885665
v -8.338351 0.093295 -8.833026
v -8.780725 0.164262 -8.732121
v -9.081253 0.093295 -8.571299
v -9.344841 0.164262 -8.355190
v -9.560946 0.093295 -8.091602
v -9.721769 0.164262 -7.791076
v -9.822673 0.093295 -7.364165
v -9.875315 0.164262 -6.118779
v -9.894382 0.093295 -3.462141
v -9.896499 0.164262 0.000000
v -9.894382 0.093295 3.462141
v -9.716578 0.042235 7.786916
v -9.870042 0.042235 6.115512
v -9.339851 0.042235 8.350729
v -8.776038 0.042235 8.727459
v -6.950083 0.042235 8.880920
v -0.000000 0.042235 8.902095
v 6.950083 0.042235 8.880920
v 8.776038 0.042235 8.727459
v 9.339851 0.042235 8.350729
v 9.716578 0.042235 7.786916
v 9.870041 0.042235 6.115512
v 9.891215 0.042235 0.000000
v 9.870042 0.042235 -6.115512
v 9.716578 0.042235 -7.786916
v 9.339851 0.042235 -8.350729
v 8.776039 0.042235 -8.727459
v 6.950084 0.042235 -8.880921
v -0.000000 0.042235 -8.902095
v -6.950084 0.042235 -8.880920
v -8.776037 0.042235 -8.727459
v -9.339851 0.042235 -8.350730
v -9.716578 0.042235 -7.786916
v -9.870041 0.042235 -6.115513
v -9.891214 0.042235 0.000000
v -0.000000 0.295566 8.902095
v 3.941503 0.237702 8.904732
v 6.950083 0.295566 8.880921
v 3.920461 0.332235 8.857193
v 3.941503 0.237702 -8.904732
v -0.000000 0.295566 -8.902095
v 3.920461 0.332235 -8.857193
v 6.950083 0.295566 -8.880920
v 9.891214 0.295566 0.000000
v 9.894381 0.237702 -3.462141
v 9.870041 0.295566 -6.115512
v 9.841559 0.332235 -3.443658
v -9.870041 0.295566 -6.115512
v -9.894382 0.237702 -3.462141
v -9.891214 0.295566 0.000000
v -9.841558 0.332235 -3.443658
v -9.822672 0.237702 7.364164
v -9.716578 0.295566 7.786916
v -9.770235 0.332235 7.324851
v -9.870041 0.295566 6.115512
v -9.560946 0.237702 8.091603
v -9.339851 0.295566 8.350729
v -9.509906 0.332235 8.048407
v -9.081253 0.237702 8.571299
v -8.776038 0.295566 8.727459
v -9.032773 0.332235 8.525539
v -8.338351 0.237702 8.833025
v -6.950083 0.295566 8.880920
v -8.293839 0.332235 8.785870
v 8.338351 0.237702 8.833025
v 8.776038 0.295566 8.727459
v 8.293838 0.332235 8.785869
v 9.081253 0.237702 8.571299
v 9.339851 0.295566 8.350729
v 9.032773 0.332235 8.525539
v 9.560947 0.237702 8.091601
v 9.716578 0.295566 7.786916
v 9.509906 0.332235 8.048405
v 9.822673 0.237702 7.364165
v 9.870041 0.295566 6.115512
v 9.770235 0.332235 7.324851
v -9.770234 0.332235 -7.324852
v -9.716578 0.295566 -7.786916
v -9.822672 0.237702 -7.364165
v -9.509905 0.332235 -8.048406
v -9.339851 0.295566 -8.350729
v -9.560946 0.237702 -8.091603
v -9.032773 0.332235 -8.525539
v -8.776038 0.295566 -8.727459
v -9.081253 0.237702 -8.571299
v -8.293837 0.332235 -8.785869
v -6.950083 0.295566 -8.880920
v -8.338351 0.237702 -8.833026
v 8.293838 0.332235 -8.785870
v 8.776038 0.295566 -8.727459
v 8.338351 0.237702 -8.833025
v 9.032773 0.332235 -8.525539
v 9.339851 0.295566 -8.350729
v 9.081253 0.237702 -8.571299
v 9.509906 0.332235 -8.048406
v 9.716578 0.295566 -7.786916
v 9.560947 0.237702 -8.091603
v 9.770235 0.332235 -7.324851
v 9.822673 0.237702 -7.364165
v 9.200034 0.347698 -7.725534
v 8.485710 0.347698 -7.538379
v 8.701441 0.347698 -5.994471
v 9.380994 0.347698 -7.189261
v -6.916351 0.000000 -3.388030
v -8.581016 0.000000 0.000000
v -9.343631 0.000000 -3.363697
v -8.701438 0.000000 -5.994471
v 9.170844 0.346152 -8.198100
v 9.549900 0.346152 -7.656753
v 8.629805 0.346152 -8.576850
v 8.687029 0.347698 -8.238540
v 6.836365 0.346152 -8.710277
v 8.135738 0.347698 -8.419500
v -0.000000 0.346152 -8.727810
v 3.829240 0.347698 -8.382511
v -8.629804 0.346152 -8.576850
v -8.135737 0.347698 -8.419501
v -6.836364 0.346152 -8.710278
v -9.170844 0.346152 -8.198100
v -8.687028 0.347698 -8.238540
v -9.549899 0.346152 -7.656753
v -9.200033 0.347698 -7.725534
v -9.683021 0.346152 -6.015613
v -9.380994 0.347698 -7.189260
v -9.700553 0.346152 0.000000
v -9.343632 0.347698 -3.363697
v -9.549900 0.346152 7.656753
v -9.380995 0.347698 7.189260
v -9.683021 0.346152 6.015613
v -9.170844 0.346152 8.198100
v -9.200033 0.347698 7.725534
v -8.629804 0.346152 8.576850
v -8.687028 0.347698 8.238540
v -6.836364 0.346152 8.710277
v -8.135736 0.347698 8.419500
v -0.000000 0.346152 8.727811
v 6.836364 0.346152 8.710278
v 3.829240 0.347698 8.382511
v 8.629805 0.346152 8.576850
v 8.135738 0.347698 8.419500
v 9.170844 0.346152 8.198100
v 8.687030 0.347698 8.238540
v 9.549899 0.346152 7.656753
v 9.200035 0.347698 7.725534
v 9.683021 0.346152 6.015613
v 9.380995 0.347698 7.189260
v 9.700553 0.346152 0.000000
v 9.683021 0.346152 -6.015612
v 9.343632 0.347698 -3.363697
v 9.841559 0.012371 -3.443658
v 9.700553 0.001237 0.000000
v 9.343632 0.000000 -3.363697
v 9.683021 0.001237 -6.015612
v 9.770235 0.012371 7.324852
v 9.549899 0.001237 7.656753
v 9.380995 0.000000 7.189260
v 9.683021 0.001237 6.015612
v 9.509905 0.012371 8.048406
v 9.170844 0.001237 8.198100
v 9.200034 0.000000 7.725534
v 9.032772 0.012371 8.525539
v 8.629805 0.001237 8.576850
v 8.687029 0.000000 8.238540
v 8.293838 0.012371 8.785870
v 6.836365 0.001237 8.710277
v 8.135737 0.000000 8.419500
v 3.920461 0.012371 8.857193
v -0.000000 0.001237 8.727810
v 3.829240 0.000000 8.382511
v -8.293837 0.012371 8.785870
v -8.629804 0.001237 8.576850
v -8.135736 0.000000 8.419500
v -6.836364 0.001237 8.710278
v -9.032771 0.012371 8.525539
v -9.170844 0.001237 8.198100
v -8.687028 0.000000 8.238540
v -9.509905 0.012371 8.048406
v -9.549899 0.001237 7.656753
v -9.200033 0.000000 7.725534
v -9.770234 0.012371 7.324851
v -9.683021 0.001237 6.015613
v -9.380994 0.000000 7.189260
v -9.700553 0.001237 0.000000
v -9.841558 0.012371 -3.443658
v -9.683021 0.001237 -6.015612
v -9.770234 0.012371 -7.324852
v -9.549900 0.001237 -7.656753
v -9.380994 0.000000 -7.189260
v -9.509905 0.012371 -8.048406
v -9.170844 0.001237 -8.198100
v -9.200033 0.000000 -7.725534
v -9.032771 0.012371 -8.525539
v -8.629804 0.001237 -8.576850
v -8.687028 0.000000 -8.238540
v -8.293837 0.012371 -8.785870
v 3.939399 0.295566 8.899979
v 3.939399 0.295566 -8.899979
v 9.889101 0.295566 -3.460293
v -9.889101 0.295566 -3.460293
v -9.817431 0.295566 7.360233
v -9.555843 0.295566 8.087284
v -9.076405 0.295566 8.566721
v -8.333900 0.295566 8.828309
v 8.333899 0.295566 8.828310
v 9.076406 0.295566 8.566722
v 9.555844 0.295566 8.087283
v 9.817430 0.295566 7.360233
v -9.817430 0.295566 -7.360233
v -9.555844 0.295566 -8.087284
v -9.076406 0.295566 -8.566723
v -8.333900 0.295566 -8.828309
v 8.333899 0.295566 -8.828310
v 9.076406 0.295566 -8.566723
v 9.555844 0.295566 -8.087283
v 9.817432 0.295566 -7.360233
v 8.963104 0.347698 -7.270537
v -8.592974 0.000000 -3.356033
v 9.388896 0.346152 -7.940486
v 8.913282 0.346152 -8.416101
v 8.199372 0.346152 -8.666332
v 3.874306 0.346152 -8.726056
v -8.199372 0.346152 -8.666332
v -8.913282 0.346152 -8.416101
v -9.388896 0.346152 -7.940486
v -9.639127 0.346152 -7.241777
v -9.698803 0.346152 -3.403133
v -9.639127 0.346152 7.241777
v -9.388896 0.346152 7.940486
v -8.913281 0.346152 8.416101
v -8.199372 0.346152 8.666332
v 3.874305 0.346152 8.726057
v 8.199372 0.346152 8.666332
v 8.913280 0.346152 8.416101
v 9.388896 0.346152 7.940485
v 9.639127 0.346152 7.241777
v 9.698804 0.346152 -3.403133
v 9.639125 0.346152 -7.241777
v 9.698804 0.001237 -3.403133
v 9.639128 0.001237 7.241776
v 9.388896 0.001237 7.940486
v 8.913280 0.001237 8.416100
v 8.199373 0.001237 8.666332
v 3.874305 0.001237 8.726057
v -8.199372 0.001237 8.666332
v -8.913281 0.001237 8.416101
v -9.388896 0.001237 7.940485
v -9.639127 0.001237 7.241777
v -9.698802 0.001237 -3.403132
v -9.639126 0.001237 -7.241777
v -9.388896 0.001237 -7.940486
v -8.913281 0.001237 -8.416100
v -8.199373 0.001237 -8.666332
v 3.874305 0.001237 -8.726057
v 8.199372 0.001237 -8.666332
v 8.913280 0.001237 -8.416101
v 9.388896 0.001237 -7.940485
v 9.639127 0.001237 -7.241777
v 8.592976 0.347698 -3.356033
v -8.963103 0.000000 -7.270537
v -8.213144 0.000000 8.007420
v 8.213145 0.347698 8.007420
v -8.213144 0.347698 -8.007420
v -8.592973 0.347698 -3.356033
v -8.963103 0.347698 7.270537
v 3.819945 0.347698 -7.650870
v 3.828955 0.347698 -3.365297
v 3.819945 0.347698 7.650869
v 8.213145 0.000000 -8.007420
v 8.592975 0.000000 -3.356033
v 8.963103 0.000000 7.270537
v 3.819944 0.000000 7.650869
v 3.828955 0.000000 -3.365298
v 3.819945 0.000000 -7.650869
v -8.963104 0.347698 -7.270537
v 8.213146 0.347698 -8.007419
v 8.963104 0.347698 7.270537
v -8.213144 0.347698 8.007419
v -8.963103 0.000000 7.270537
v 8.213145 0.000000 8.007419
v 8.963105 0.000000 -7.270537
v -8.213145 0.000000 -8.007419
v -3.874305 0.001237 8.726056
v -3.819944 0.000000 7.650870
v -3.828952 0.000000 -3.365297
v -3.819943 0.000000 -7.650870
v -3.874305 0.001237 -8.726057
v -3.939398 0.295566 -8.899979
v -3.874305 0.346152 -8.726056
v -3.819943 0.347698 -7.650870
v -3.828951 0.347698 -3.365297
v -3.819943 0.347698 7.650870
v -3.874305 0.346152 8.726056
v -3.939398 0.295566 8.899979
v -9.698803 0.346152 3.403133
v -8.592974 0.347698 3.356033
v -3.828952 0.347698 3.365297
v 3.828955 0.347698 3.365298
v 8.592975 0.347698 3.356033
v 9.698803 0.346152 3.403133
v 9.889100 0.295566 3.460293
v 9.698803 0.001237 3.403133
v 8.592975 0.000000 3.356033
v 3.828953 0.000000 3.365297
v -3.828952 0.000000 3.365297
v -8.592974 0.000000 3.356033
v -9.698802 0.001237 3.403133
v -9.889100 0.295566 3.460293
v -9.822677 0.164262 7.364164
v -9.560948 0.164262 8.091603
v -9.081254 0.164262 8.571299
v -8.338352 0.164262 8.833026
v -3.941502 0.164262 8.904731
v 3.941503 0.164262 8.904732
v 8.338351 0.164262 8.833027
v 9.081255 0.164262 8.571300
v 9.560949 0.164262 8.091602
v 9.822677 0.164262 7.364164
v 9.894383 0.164262 3.462141
v 9.894384 0.164262 -3.462141
v 9.822677 0.164262 -7.364164
v 9.560949 0.164262 -8.091602
v 9.081255 0.164262 -8.571300
v 8.338351 0.164262 -8.833026
v 3.941504 0.164262 -8.904732
v -3.941502 0.164262 -8.904732
v -8.338351 0.164262 -8.833025
v -9.081255 0.164262 -8.571299
v -9.560948 0.164262 -8.091604
v -9.822675 0.164262 -7.364164
v -9.894384 0.164262 -3.462141
v -9.894383 0.164262 3.462141
v -9.817431 0.042235 7.360233
v -9.555845 0.042235 8.087283
v -9.076407 0.042235 8.566723
v -8.333899 0.042235 8.828310
v -3.939398 0.042235 8.899979
v 3.939399 0.042235 8.899979
v 8.333899 0.042235 8.828310
v 9.076406 0.042235 8.566724
v 9.555845 0.042235 8.087283
v 9.817430 0.042235 7.360233
v 9.889100 0.042235 3.460293
v 9.889100 0.042235 -3.460293
v 9.817430 0.042235 -7.360233
v 9.555845 0.042235 -8.087283
v 9.076406 0.042235 -8.566721
v 8.333899 0.042235 -8.828310
v 3.939399 0.042235 -8.899979
v -3.939398 0.042235 -8.899978
v -8.333899 0.042235 -8.828310
v -9.076406 0.042235 -8.566722
v -9.555844 0.042235 -8.087284
v -9.817430 0.042235 -7.360233
v -9.889100 0.042235 -3.460293
v -9.889099 0.042235 3.460293
v 2.024495 0.316771 8.887831
v 2.028827 0.269062 8.906850
v 5.621877 0.269062 8.898376
v 5.609871 0.316771 8.879375
v 5.621877 0.269062 -8.898376
v 2.028827 0.269062 -8.906850
v 2.024495 0.316771 -8.887831
v 5.609871 0.316771 -8.879375
v 9.875366 0.316771 -1.777610
v 9.896500 0.269062 -1.781414
v 9.888026 0.269062 -4.941492
v 9.866911 0.316771 -4.930940
v -9.866911 0.316771 -4.930940
v -9.888026 0.269062 -4.941492
v -9.896500 0.269062 -1.781414
v -9.875366 0.316771 -1.777610
v -9.854130 0.269062 6.893315
v -9.779153 0.269062 7.630397
v -9.758269 0.316771 7.614103
v -9.833087 0.316771 6.878594
v -9.648728 0.269062 7.945270
v -9.459345 0.269062 8.228703
v -9.439145 0.316771 8.211129
v -9.628123 0.316771 7.928303
v -9.218352 0.269062 8.469695
v -8.934919 0.269062 8.659078
v -8.915841 0.316771 8.640589
v -9.198667 0.316771 8.451609
v -8.620047 0.269062 8.789503
v -7.821111 0.269062 8.864480
v -7.804410 0.316771 8.845551
v -8.601640 0.316771 8.770735
v 7.821111 0.269062 8.864480
v 8.620048 0.269062 8.789504
v 8.601640 0.316771 8.770735
v 7.804410 0.316771 8.845551
v 8.934920 0.269062 8.659079
v 9.218352 0.269062 8.469696
v 9.198668 0.316771 8.451609
v 8.915841 0.316771 8.640589
v 9.459346 0.269062 8.228702
v 9.648728 0.269062 7.945270
v 9.628124 0.316771 7.928304
v 9.439145 0.316771 8.211130
v 9.779152 0.269062 7.630396
v 9.854131 0.269062 6.893314
v 9.833086 0.316771 6.878595
v 9.758270 0.316771 7.614102
v -9.833087 0.316771 -6.878594
v -9.758270 0.316771 -7.614103
v -9.779152 0.269062 -7.630397
v -9.854130 0.269062 -6.893314
v -9.628124 0.316771 -7.928304
v -9.439144 0.316771 -8.211130
v -9.459346 0.269062 -8.228701
v -9.648727 0.269062 -7.945270
v -9.198667 0.316771 -8.451610
v -8.915841 0.316771 -8.640588
v -8.934920 0.269062 -8.659079
v -9.218351 0.269062 -8.469695
v -8.601639 0.316771 -8.770734
v -7.804410 0.316771 -8.845551
v -7.821111 0.269062 -8.864479
v -8.620049 0.269062 -8.789504
v 7.804411 0.316771 -8.845551
v 8.601640 0.316771 -8.770734
v 8.620047 0.269062 -8.789504
v 7.821111 0.269062 -8.864480
v 8.915841 0.316771 -8.640588
v 9.198668 0.316771 -8.451609
v 9.218352 0.269062 -8.469694
v 8.934920 0.269062 -8.659079
v 9.439145 0.316771 -8.211130
v 9.628124 0.316771 -7.928303
v 9.648728 0.269062 -7.945270
v 9.459346 0.269062 -8.228702
v 9.758269 0.316771 -7.614102
v 9.833087 0.316771 -6.878594
v 9.854130 0.269062 -6.893315
v 9.779153 0.269062 -7.630397
v 9.249421 0.347698 -7.481997
v 8.918692 0.347698 -7.665802
v 8.426181 0.347698 -6.905971
v 9.132469 0.347698 -6.727017
v -7.991112 0.000000 -4.892202
v -7.885762 0.000000 -1.720550
v -9.041898 0.000000 -1.724354
v -9.060012 0.000000 -4.794111
v 9.545708 0.341513 -7.860437
v 9.358347 0.341513 -8.140843
v 9.189617 0.347698 -7.975549
v 9.397963 0.347698 -7.729506
v 9.119925 0.341513 -8.379264
v 8.839521 0.341513 -8.566625
v 8.696732 0.347698 -8.430739
v 8.941952 0.347698 -8.223213
v 8.528009 0.341513 -8.695658
v 7.737605 0.341513 -8.769833
v 7.648297 0.347698 -8.575052
v 8.427269 0.347698 -8.542354
v 5.561852 0.341513 -8.803368
v 2.007165 0.341513 -8.811750
v 1.981171 0.347698 -8.590110
v 5.492001 0.347698 -8.587099
v -7.737605 0.341513 -8.769833
v -8.528009 0.341513 -8.695658
v -8.427269 0.347698 -8.542354
v -7.648298 0.347698 -8.575051
v -8.839520 0.341513 -8.566625
v -9.119927 0.341513 -8.379264
v -8.941951 0.347698 -8.223213
v -8.696733 0.347698 -8.430738
v -9.358347 0.341513 -8.140843
v -9.545707 0.341513 -7.860437
v -9.397963 0.347698 -7.729506
v -9.189616 0.347698 -7.975548
v -9.674740 0.341513 -7.548926
v -9.748916 0.341513 -6.819714
v -9.541455 0.347698 -6.742295
v -9.509579 0.347698 -7.460043
v -9.782452 0.341513 -4.888731
v -9.790833 0.341513 -1.762394
v -9.556514 0.347698 -1.739570
v -9.553502 0.347698 -4.827599
v -9.748916 0.341513 6.819715
v -9.674740 0.341513 7.548926
v -9.509579 0.347698 7.460043
v -9.541455 0.347698 6.742294
v -9.545707 0.341513 7.860438
v -9.358347 0.341513 8.140843
v -9.189616 0.347698 7.975549
v -9.397963 0.347698 7.729506
v -9.119927 0.341513 8.379263
v -8.839520 0.341513 8.566625
v -8.696733 0.347698 8.430739
v -8.941952 0.347698 8.223213
v -8.528010 0.341513 8.695656
v -7.737605 0.341513 8.769833
v -7.648297 0.347698 8.575052
v -8.427269 0.347698 8.542354
v 1.981171 0.347698 8.590110
v 2.007165 0.341513 8.811750
v 5.561852 0.341513 8.803368
v 5.492001 0.347698 8.587099
v 7.737605 0.341513 8.769833
v 8.528009 0.341513 8.695658
v 8.427270 0.347698 8.542354
v 7.648297 0.347698 8.575052
v 8.839521 0.341513 8.566625
v 9.119925 0.341513 8.379263
v 8.941952 0.347698 8.223213
v 8.696732 0.347698 8.430738
v 9.358347 0.341513 8.140842
v 9.545708 0.341513 7.860437
v 9.397964 0.347698 7.729506
v 9.189617 0.347698 7.975548
v 9.674741 0.341513 7.548926
v 9.748916 0.341513 6.819714
v 9.541456 0.347698 6.742295
v 9.509579 0.347698 7.460043
v 9.556515 0.347698 -1.739570
v 9.790834 0.341513 -1.762394
v 9.782450 0.341513 -4.888731
v 9.553502 0.347698 -4.827599
v 9.748916 0.341513 -6.819715
v 9.674740 0.341513 -7.548926
v 9.509580 0.347698 -7.460043
v 9.541456 0.347698 -6.742294
v 9.782450 0.004948 -4.888731
v 9.790834 0.004948 -1.762394
v 9.556515 0.000000 -1.739570
v 9.553503 0.000000 -4.827599
v 9.748917 0.004948 6.819714
v 9.674739 0.004948 7.548926
v 9.509580 0.000000 7.460043
v 9.541456 0.000000 6.742294
v 9.545708 0.004948 7.860437
v 9.358348 0.004948 8.140843
v 9.189617 0.000000 7.975549
v 9.397964 0.000000 7.729506
v 9.119925 0.004948 8.379264
v 8.839521 0.004948 8.566625
v 8.696732 0.000000 8.430739
v 8.941952 0.000000 8.223213
v 8.528009 0.004948 8.695657
v 7.737605 0.004948 8.769833
v 7.648297 0.000000 8.575052
v 8.427269 0.000000 8.542354
v 5.561852 0.004948 8.803367
v 2.007165 0.004948 8.811750
v 1.981171 0.000000 8.590110
v 5.492001 0.000000 8.587099
v -7.737605 0.004948 8.769833
v -8.528009 0.004948 8.695656
v -8.427269 0.000000 8.542354
v -7.648298 0.000000 8.575052
v -8.839521 0.004948 8.566625
v -9.119927 0.004948 8.379264
v -8.941951 0.000000 8.223213
v -8.696733 0.000000 8.430738
v -9.358348 0.004948 8.140843
v -9.545708 0.004948 7.860437
v -9.397963 0.000000 7.729506
v -9.189616 0.000000 7.975548
v -9.674739 0.004948 7.548926
v -9.748917 0.004948 6.819715
v -9.541455 0.000000 6.742295
v -9.509579 0.000000 7.460043
v -9.556514 0.000000 -1.739570
v -9.790834 0.004948 -1.762394
v -9.782451 0.004948 -4.888731
v -9.553502 0.000000 -4.827599
v -9.748916 0.004948 -6.819715
v -9.674740 0.004948 -7.548926
v -9.509579 0.000000 -7.460043
v -9.541456 0.000000 -6.742294
v -9.545707 0.004948 -7.860437
v -9.358347 0.004948 -8.140843
v -9.189616 0.000000 -7.975549
v -9.397963 0.000000 -7.729506
v -9.119926 0.004948 -8.379264
v -8.839520 0.004948 -8.566625
v -8.696733 0.000000 -8.430739
v -8.941952 0.000000 -8.223213
v -8.528009 0.004948 -8.695657
v -7.737605 0.004948 -8.769833
v -7.648297 0.000000 -8.575052
v -8.427269 0.000000 -8.542354
v 1.981171 0.000000 -8.590110
v 2.007165 0.004948 -8.811750
v 5.561852 0.004948 -8.803368
v 5.492001 0.000000 -8.587099
v 7.737605 0.004948 -8.769833
v 8.528009 0.004948 -8.695656
v 8.427270 0.000000 -8.542354
v 7.648297 0.000000 -8.575052
v 8.839521 0.004948 -8.566625
v 9.119925 0.004948 -8.379263
v 8.941952 0.000000 -8.223213
v 8.696732 0.000000 -8.430738
v 9.358347 0.004948 -8.140843
v 9.545708 0.004948 -7.860437
v 9.397964 0.000000 -7.729506
v 9.189617 0.000000 -7.975548
v 9.674740 0.004948 -7.548926
v 9.748917 0.004948 -6.819715
v 9.541456 0.000000 -6.742295
v 9.509579 0.000000 -7.460043
v 9.060013 0.347698 -4.794111
v 7.991114 0.347698 -4.892202
v 7.885765 0.347698 -1.720550
v 9.041899 0.347698 -1.724354
v -8.918690 0.000000 -7.665802
v -8.426178 0.000000 -6.905971
v -9.132468 0.000000 -6.727017
v -9.249420 0.000000 -7.481997
v -8.623752 0.000000 7.960740
v -7.812820 0.000000 7.489460
v -7.625095 0.000000 8.174517
v -8.441826 0.000000 8.289593
v 8.623754 0.347698 7.960740
v 7.812822 0.347698 7.489460
v 7.625096 0.347698 8.174517
v 8.441827 0.347698 8.289593
v -7.812820 0.347698 -7.489459
v -7.625095 0.347698 -8.174517
v -8.441825 0.347698 -8.289592
v -8.623753 0.347698 -7.960740
v -9.041898 0.347698 -1.724354
v -7.885762 0.347698 -1.720550
v -7.991113 0.347698 -4.892202
v -9.060012 0.347698 -4.794111
v -8.918690 0.347698 7.665802
v -8.426178 0.347698 6.905971
v -9.132468 0.347698 6.727017
v -9.249420 0.347698 7.481997
v 5.560094 0.347698 -7.084262
v 5.452703 0.347698 -8.102061
v 1.963842 0.347698 -8.083947
v 1.959510 0.347698 -6.989666
v 1.959511 0.347698 -1.720550
v 5.496173 0.347698 -1.720550
v 5.584562 0.347698 -4.916668
v 1.959511 0.347698 -4.839033
v 5.452702 0.347698 8.102061
v 5.560094 0.347698 7.084262
v 1.959510 0.347698 6.989666
v 1.963842 0.347698 8.083947
v 8.623754 0.000000 -7.960740
v 7.812822 0.000000 -7.489460
v 7.625096 0.000000 -8.174517
v 8.441827 0.000000 -8.289593
v 9.060013 0.000000 -4.794111
v 9.041899 0.000000 -1.724354
v 7.885764 0.000000 -1.720550
v 7.991114 0.000000 -4.892202
v 8.918691 0.000000 7.665802
v 8.426180 0.000000 6.905971
v 9.132468 0.000000 6.727017
v 9.249421 0.000000 7.481997
v 1.963841 0.000000 8.083947
v 1.959509 0.000000 6.989665
v 5.560093 0.000000 7.084263
v 5.452702 0.000000 8.102061
v 5.584561 0.000000 -4.916668
v 5.496172 0.000000 -1.720550
v 1.959510 0.000000 -1.720550
v 1.959511 0.000000 -4.839033
v 5.452702 0.000000 -8.102061
v 5.560094 0.000000 -7.084262
v 1.959510 0.000000 -6.989666
v 1.963842 0.000000 -8.083947
v -8.426179 0.347698 -6.905971
v -8.918691 0.347698 -7.665803
v -9.249421 0.347698 -7.481997
v -9.132468 0.347698 -6.727017
v 7.812822 0.347698 -7.489460
v 8.623755 0.347698 -7.960740
v 8.441826 0.347698 -8.289593
v 7.625096 0.347698 -8.174517
v 9.132468 0.347698 6.727017
v 8.426181 0.347698 6.905971
v 8.918692 0.347698 7.665803
v 9.249421 0.347698 7.481997
v -7.625094 0.347698 8.174518
v -7.812820 0.347698 7.489460
v -8.623752 0.347698 7.960740
v -8.441825 0.347698 8.289592
v -9.132467 0.000000 6.727017
v -8.426178 0.000000 6.905971
v -8.918691 0.000000 7.665803
v -9.249421 0.000000 7.481997
v 7.625095 0.000000 8.174518
v 7.812820 0.000000 7.489459
v 8.623753 0.000000 7.960740
v 8.441826 0.000000 8.289592
v 9.132469 0.000000 -6.727017
v 8.426180 0.000000 -6.905971
v 8.918692 0.000000 -7.665803
v 9.249421 0.000000 -7.481997
v -7.625094 0.000000 -8.174518
v -7.812820 0.000000 -7.489460
v -8.623752 0.000000 -7.960740
v -8.441825 0.000000 -8.289592
v -1.981170 0.000000 8.590110
v -2.007165 0.004948 8.811750
v -5.561851 0.004948 8.803368
v -5.492001 0.000000 8.587099
v -5.452701 0.000000 8.102061
v -5.560092 0.000000 7.084262
v -1.959509 0.000000 6.989666
v -1.963841 0.000000 8.083947
v -1.959508 0.000000 -4.839032
v -1.959508 0.000000 -1.720550
v -5.496170 0.000000 -1.720550
v -5.584559 0.000000 -4.916668
v -1.963841 0.000000 -8.083947
v -1.959508 0.000000 -6.989665
v -5.560092 0.000000 -7.084263
v -5.452701 0.000000 -8.102061
v -5.561851 0.004948 -8.803367
v -2.007165 0.004948 -8.811750
v -1.981170 0.000000 -8.590110
v -5.492001 0.000000 -8.587099
v -2.028827 0.269062 -8.906850
v -5.621876 0.269062 -8.898376
v -5.609871 0.316771 -8.879375
v -2.024494 0.316771 -8.887831
v -1.981170 0.347698 -8.590110
v -2.007165 0.341513 -8.811750
v -5.561851 0.341513 -8.803368
v -5.492001 0.347698 -8.587099
v -1.959508 0.347698 -6.989665
v -1.963841 0.347698 -8.083947
v -5.452701 0.347698 -8.102062
v -5.560092 0.347698 -7.084263
v -5.496170 0.347698 -1.720550
v -1.959507 0.347698 -1.720550
v -1.959507 0.347698 -4.839033
v -5.584559 0.347698 -4.916668
v -1.963841 0.347698 8.083947
v -1.959508 0.347698 6.989665
v -5.560092 0.347698 7.084263
v -5.452701 0.347698 8.102061
v -5.561851 0.341513 8.803368
v -2.007165 0.341513 8.811750
v -1.981170 0.347698 8.590110
v -5.492001 0.347698 8.587099
v -5.609871 0.316771 8.879375
v -5.621877 0.269062 8.898376
v -2.028827 0.269062 8.906850
v -2.024494 0.316771 8.887830
v -9.556515 0.347698 1.739570
v -9.790833 0.341513 1.762394
v -9.782451 0.341513 4.888731
v -9.553502 0.347698 4.827599
v -7.991112 0.347698 4.892202
v -7.885762 0.347698 1.720550
v -9.041898 0.347698 1.724354
v -9.060012 0.347698 4.794111
v -1.959507 0.347698 4.839032
v -1.959507 0.347698 1.720550
v -5.496170 0.347698 1.720550
v -5.584559 0.347698 4.916668
v 5.584562 0.347698 4.916668
v 5.496172 0.347698 1.720550
v 1.959511 0.347698 1.720550
v 1.959511 0.347698 4.839033
v 9.041899 0.347698 1.724354
v 7.885765 0.347698 1.720550
v 7.991114 0.347698 4.892202
v 9.060013 0.347698 4.794111
v 9.782450 0.341513 4.888731
v 9.790834 0.341513 1.762394
v 9.556515 0.347698 1.739570
v 9.553502 0.347698 4.827599
v 9.866910 0.316771 4.930940
v 9.888025 0.269062 4.941492
v 9.896500 0.269062 1.781414
v 9.875366 0.316771 1.777610
v 9.556515 0.000000 1.739570
v 9.790834 0.004948 1.762394
v 9.782450 0.004948 4.888731
v 9.553502 0.000000 4.827599
v 7.885763 0.000000 1.720550
v 9.041899 0.000000 1.724354
v 9.060013 0.000000 4.794111
v 7.991113 0.000000 4.892202
v 1.959510 0.000000 1.720550
v 5.496172 0.000000 1.720550
v 5.584560 0.000000 4.916668
v 1.959509 0.000000 4.839033
v -5.496170 0.000000 1.720550
v -1.959508 0.000000 1.720550
v -1.959508 0.000000 4.839033
v -5.584560 0.000000 4.916668
v -9.041898 0.000000 1.724354
v -7.885762 0.000000 1.720550
v -7.991113 0.000000 4.892202
v -9.060012 0.000000 4.794111
v -9.782450 0.004948 4.888731
v -9.790833 0.004948 1.762394
v -9.556514 0.000000 1.739570
v -9.553502 0.000000 4.827599
v -9.875366 0.316771 1.777610
v -9.896500 0.269062 1.781415
v -9.888026 0.269062 4.941492
v -9.866911 0.316771 4.930940
v -9.854130 0.127212 6.893315
v -9.779153 0.127212 7.630397
v -9.779152 0.201930 7.630396
v -9.854131 0.201930 6.893314
v -9.648728 0.127212 7.945270
v -9.459345 0.127212 8.228703
v -9.459346 0.201930 8.228701
v -9.648727 0.201930 7.945270
v -9.218352 0.127212 8.469696
v -8.934919 0.127212 8.659078
v -8.934920 0.201930 8.659079
v -9.218351 0.201930 8.469695
v -8.620047 0.127212 8.789503
v -7.821111 0.127212 8.864480
v -7.821111 0.201930 8.864479
v -8.620049 0.201930 8.789504
v -2.028827 0.201930 8.906850
v -5.621877 0.201930 8.898376
v -5.621877 0.127212 8.898376
v -2.028827 0.127212 8.906850
v 5.621877 0.201930 8.898376
v 2.028827 0.201930 8.906850
v 2.028827 0.127212 8.906850
v 5.621877 0.127212 8.898376
v 7.821111 0.127212 8.864480
v 8.620048 0.127212 8.789504
v 8.620047 0.201930 8.789504
v 7.821111 0.201930 8.864480
v 8.934920 0.127212 8.659079
v 9.218352 0.127212 8.469696
v 9.218352 0.201930 8.469695
v 8.934920 0.201930 8.659079
v 9.459346 0.127212 8.228702
v 9.648728 0.127212 7.945270
v 9.648728 0.201930 7.945270
v 9.459346 0.201930 8.228702
v 9.779152 0.127212 7.630396
v 9.854131 0.127212 6.893314
v 9.854130 0.201930 6.893315
v 9.779153 0.201930 7.630396
v 9.896500 0.201930 1.781415
v 9.888025 0.201930 4.941492
v 9.888026 0.127212 4.941492
v 9.896500 0.127212 1.781414
v 9.888026 0.201930 -4.941492
v 9.896499 0.201930 -1.781414
v 9.896500 0.127212 -1.781414
v 9.888026 0.127212 -4.941492
v 9.779154 0.201930 -7.630397
v 9.854130 0.201930 -6.893315
v 9.854130 0.127212 -6.893315
v 9.779153 0.127212 -7.630396
v 9.459345 0.201930 -8.228701
v 9.648727 0.201930 -7.945270
v 9.648728 0.127212 -7.945270
v 9.459346 0.127212 -8.228702
v 8.934919 0.201930 -8.659079
v 9.218352 0.201930 -8.469696
v 9.218352 0.127212 -8.469694
v 8.934920 0.127212 -8.659079
v 7.821111 0.201930 -8.864479
v 8.620047 0.201930 -8.789504
v 8.620047 0.127212 -8.789504
v 7.821111 0.127212 -8.864480
v 5.621877 0.127212 -8.898376
v 2.028827 0.127212 -8.906850
v 2.028827 0.201930 -8.906850
v 5.621877 0.201930 -8.898376
v -2.028827 0.127212 -8.906850
v -5.621877 0.127212 -8.898376
v -5.621877 0.201930 -8.898376
v -2.028827 0.201930 -8.906850
v -8.620047 0.201930 -8.789504
v -7.821112 0.201930 -8.864480
v -7.821111 0.127212 -8.864479
v -8.620049 0.127212 -8.789504
v -9.218352 0.201930 -8.469695
v -8.934919 0.201930 -8.659078
v -8.934920 0.127212 -8.659079
v -9.218352 0.127212 -8.469695
v -9.648727 0.201930 -7.945270
v -9.459345 0.201930 -8.228703
v -9.459346 0.127212 -8.228701
v -9.648727 0.127212 -7.945270
v -9.854129 0.201930 -6.893314
v -9.779154 0.201930 -7.630397
v -9.779152 0.127212 -7.630396
v -9.854131 0.127212 -6.893314
v -9.896500 0.201930 -1.781414
v -9.888026 0.201930 -4.941492
v -9.888026 0.127212 -4.941492
v -9.896500 0.127212 -1.781414
v -9.888026 0.201930 4.941492
v -9.896500 0.201930 1.781414
v -9.896500 0.127212 1.781414
v -9.888025 0.127212 4.941492
v -9.833086 0.024741 6.878594
v -9.758270 0.024741 7.614103
v -9.779152 0.065028 7.630397
v -9.854131 0.065028 6.893314
v -9.628123 0.024741 7.928303
v -9.439145 0.024741 8.211130
v -9.459346 0.065028 8.228701
v -9.648727 0.065028 7.945270
v -9.198667 0.024741 8.451609
v -8.915840 0.024741 8.640588
v -8.934920 0.065028 8.659079
v -9.218351 0.065028 8.469695
v -8.601639 0.024741 8.770735
v -7.804410 0.024741 8.845551
v -7.821111 0.065028 8.864479
v -8.620049 0.065028 8.789504
v -2.028827 0.065028 8.906850
v -5.621877 0.065028 8.898376
v -5.609871 0.024741 8.879375
v -2.024494 0.024741 8.887831
v 5.621877 0.065028 8.898376
v 2.028827 0.065028 8.906850
v 2.024495 0.024741 8.887831
v 5.609871 0.024741 8.879375
v 7.804411 0.024741 8.845551
v 8.601639 0.024741 8.770734
v 8.620047 0.065028 8.789504
v 7.821111 0.065028 8.864480
v 8.915840 0.024741 8.640588
v 9.198668 0.024741 8.451609
v 9.218352 0.065028 8.469695
v 8.934920 0.065028 8.659079
v 9.439145 0.024741 8.211130
v 9.628123 0.024741 7.928303
v 9.648728 0.065028 7.945270
v 9.459346 0.065028 8.228702
v 9.758270 0.024741 7.614103
v 9.833087 0.024741 6.878595
v 9.854130 0.065028 6.893315
v 9.779153 0.065028 7.630397
v 9.896500 0.065028 1.781414
v 9.888025 0.065028 4.941492
v 9.866911 0.024741 4.930940
v 9.875366 0.024741 1.777610
v 9.888026 0.065028 -4.941492
v 9.896499 0.065028 -1.781414
v 9.875366 0.024741 -1.777610
v 9.866911 0.024741 -4.930940
v 9.779153 0.065028 -7.630397
v 9.854130 0.065028 -6.893315
v 9.833086 0.024741 -6.878595
v 9.758270 0.024741 -7.614102
v 9.459345 0.065028 -8.228702
v 9.648727 0.065028 -7.945270
v 9.628124 0.024741 -7.928304
v 9.439145 0.024741 -8.211130
v 8.934919 0.065028 -8.659079
v 9.218352 0.065028 -8.469696
v 9.198668 0.024741 -8.451609
v 8.915841 0.024741 -8.640589
v 7.821111 0.065028 -8.864479
v 8.620047 0.065028 -8.789504
v 8.601640 0.024741 -8.770735
v 7.804410 0.024741 -8.845551
v 2.024495 0.024741 -8.887830
v 2.028827 0.065028 -8.906850
v 5.621877 0.065028 -8.898376
v 5.609871 0.024741 -8.879375
v -5.609871 0.024741 -8.879375
v -5.621877 0.065028 -8.898376
v -2.028827 0.065028 -8.906850
v -2.024494 0.024741 -8.887830
v -8.620047 0.065028 -8.789504
v -7.821112 0.065028 -8.864480
v -7.804410 0.024741 -8.845551
v -8.601640 0.024741 -8.770735
v -9.218352 0.065028 -8.469695
v -8.934919 0.065028 -8.659078
v -8.915841 0.024741 -8.640589
v -9.198667 0.024741 -8.451609
v -9.648727 0.065028 -7.945270
v -9.459345 0.065028 -8.228703
v -9.439146 0.024741 -8.211130
v -9.628123 0.024741 -7.928303
v -9.854129 0.065028 -6.893314
v -9.779154 0.065028 -7.630397
v -9.758269 0.024741 -7.614103
v -9.833087 0.024741 -6.878594
v -9.896500 0.065028 -1.781414
v -9.888026 0.065028 -4.941492
v -9.866911 0.024741 -4.930940
v -9.875366 0.024741 -1.777610
v -9.888026 0.065028 4.941492
v -9.896500 0.065028 1.781414
v -9.875366 0.024741 1.777610
v -9.866910 0.024741 4.930940
v 2.027744 0.295566 8.902095
v 3.941503 0.269062 8.904733
v 5.618875 0.295566 8.893626
v 3.933086 0.316771 8.885717
v 3.941503 0.269062 -8.904732
v 2.027744 0.295566 -8.902096
v 3.933086 0.316771 -8.885717
v 5.618875 0.295566 -8.893626
v 9.891215 0.295566 -1.780464
v 9.894381 0.269062 -3.462142
v 9.882747 0.295566 -4.938853
v 9.873254 0.316771 -3.454748
v -9.882747 0.295566 -4.938853
v -9.894382 0.269062 -3.462142
v -9.891216 0.295566 -1.780464
v -9.873254 0.316771 -3.454748
v -9.822674 0.269062 7.364165
v -9.773933 0.295566 7.626323
v -9.801699 0.316771 7.348440
v -9.848868 0.295566 6.889634
v -9.560947 0.269062 8.091602
v -9.454294 0.295566 8.224309
v -9.540530 0.316771 8.074325
v -9.643578 0.295566 7.941028
v -9.081253 0.269062 8.571298
v -8.930150 0.295566 8.654456
v -9.061861 0.316771 8.552995
v -9.213429 0.295566 8.465174
v -8.338352 0.269062 8.833024
v -7.816936 0.295566 8.859747
v -8.320546 0.316771 8.814162
v -8.615446 0.295566 8.784810
v 8.338352 0.269062 8.833024
v 8.615446 0.295566 8.784810
v 8.320546 0.316771 8.814163
v 7.816936 0.295566 8.859747
v 9.081253 0.269062 8.571298
v 9.213428 0.295566 8.465174
v 9.061862 0.316771 8.552995
v 8.930150 0.295566 8.654456
v 9.560947 0.269062 8.091602
v 9.643578 0.295566 7.941028
v 9.540531 0.316771 8.074325
v 9.454295 0.295566 8.224309
v 9.822673 0.269062 7.364165
v 9.848868 0.295566 6.889634
v 9.801700 0.316771 7.348440
v 9.773934 0.295566 7.626322
v -9.801699 0.316771 -7.348439
v -9.773933 0.295566 -7.626323
v -9.822674 0.269062 -7.364165
v -9.848868 0.295566 -6.889634
v -9.540530 0.316771 -8.074325
v -9.454294 0.295566 -8.224309
v -9.560947 0.269062 -8.091603
v -9.643578 0.295566 -7.941028
v -9.061861 0.316771 -8.552994
v -8.930150 0.295566 -8.654456
v -9.081253 0.269062 -8.571298
v -9.213429 0.295566 -8.465174
v -8.320546 0.316771 -8.814162
v -7.816936 0.295566 -8.859747
v -8.338352 0.269062 -8.833024
v -8.615446 0.295566 -8.784810
v 8.320546 0.316771 -8.814162
v 8.615446 0.295566 -8.784810
v 8.338351 0.269062 -8.833025
v 7.816936 0.295566 -8.859747
v 9.061861 0.316771 -8.552994
v 9.213428 0.295566 -8.465174
v 9.081254 0.269062 -8.571298
v 8.930150 0.295566 -8.654456
v 9.540530 0.316771 -8.074324
v 9.643578 0.295566 -7.941028
v 9.560947 0.269062 -8.091603
v 9.454295 0.295566 -8.224309
v 9.801699 0.316771 -7.348439
v 9.848868 0.295566 -6.889634
v 9.822674 0.269062 -7.364165
v 9.773934 0.295566 -7.626322
v 9.087916 0.347698 -7.558926
v 8.714166 0.347698 -7.377262
v 8.823568 0.347698 -6.780746
v 9.188877 0.347698 -7.209514
v -7.912100 0.000000 -3.373738
v -8.581016 0.000000 -1.721501
v -9.046426 0.000000 -3.353970
v -8.628842 0.000000 -4.816628
v 9.458863 0.341513 -8.005207
v 9.285866 0.346151 -8.073162
v 9.301490 0.347698 -7.849992
v 9.477865 0.346152 -7.802254
v 8.984292 0.341513 -8.479782
v 8.775206 0.346152 -8.504917
v 8.816601 0.347698 -8.334881
v 9.045905 0.346152 -8.313121
v 8.249322 0.341513 -8.738713
v 7.690226 0.346151 -8.692743
v 8.156359 0.347698 -8.562359
v 8.475213 0.346152 -8.629177
v 3.899419 0.341513 -8.809655
v 1.994168 0.346151 -8.727811
v 3.849464 0.347698 -8.589356
v 5.526381 0.346152 -8.720798
v -8.249323 0.341513 -8.738713
v -8.475213 0.346152 -8.629177
v -8.156359 0.347698 -8.562360
v -7.690226 0.346152 -8.692743
v -8.984292 0.341513 -8.479782
v -9.045904 0.346151 -8.313121
v -8.816602 0.347698 -8.334881
v -8.775205 0.346152 -8.504918
v -9.458864 0.341513 -8.005207
v -9.477865 0.346152 -7.802254
v -9.301490 0.347698 -7.849992
v -9.285864 0.346152 -8.073161
v -9.717795 0.341513 -7.285537
v -9.665487 0.346151 -6.778279
v -9.528968 0.347698 -7.204850
v -9.602127 0.346152 -7.502264
v -9.788737 0.341513 -3.425176
v -9.700554 0.346151 -1.750982
v -9.555762 0.347698 -3.381362
v -9.693541 0.346152 -4.857619
v -9.717795 0.341513 7.285537
v -9.602126 0.346152 7.502264
v -9.528969 0.347698 7.204851
v -9.665486 0.346152 6.778279
v -9.458864 0.341513 8.005207
v -9.285864 0.346151 8.073162
v -9.301490 0.347698 7.849992
v -9.477866 0.346152 7.802254
v -8.984292 0.341513 8.479782
v -8.775205 0.346152 8.504917
v -8.816602 0.347698 8.334881
v -9.045904 0.346152 8.313121
v -8.249323 0.341513 8.738713
v -7.690226 0.346151 8.692743
v -8.156359 0.347698 8.562359
v -8.475214 0.346152 8.629177
v 1.994168 0.346151 8.727811
v 3.899419 0.341513 8.809655
v 5.526381 0.346152 8.720798
v 3.849464 0.347698 8.589356
v 8.249323 0.341513 8.738713
v 8.475213 0.346152 8.629177
v 8.156360 0.347698 8.562360
v 7.690226 0.346152 8.692743
v 8.984292 0.341513 8.479782
v 9.045906 0.346151 8.313121
v 8.816601 0.347698 8.334881
v 8.775206 0.346152 8.504918
v 9.458863 0.341513 8.005207
v 9.477865 0.346152 7.802254
v 9.301490 0.347698 7.849992
v 9.285865 0.346152 8.073161
v 9.717795 0.341513 7.285537
v 9.665485 0.346151 6.778279
v 9.528968 0.347698 7.204850
v 9.602125 0.346152 7.502264
v 9.700553 0.346151 -1.750982
v 9.788736 0.341513 -3.425176
v 9.693541 0.346152 -4.857619
v 9.555762 0.347698 -3.381362
v 9.717795 0.341513 -7.285537
v 9.602125 0.346152 -7.502264
v 9.528968 0.347698 -7.204851
v 9.665486 0.346152 -6.778279
v 9.788736 0.004948 -3.425176
v 9.700553 0.001237 -1.750982
v 9.555762 0.000000 -3.381362
v 9.693541 0.001237 -4.857619
v 9.717795 0.004948 7.285537
v 9.602125 0.001237 7.502264
v 9.528968 0.000000 7.204851
v 9.665485 0.001237 6.778279
v 9.458863 0.004948 8.005207
v 9.285865 0.001237 8.073162
v 9.301490 0.000000 7.849992
v 9.477865 0.001237 7.802254
v 8.984292 0.004948 8.479782
v 8.775206 0.001237 8.504917
v 8.816602 0.000000 8.334881
v 9.045904 0.001237 8.313121
v 8.249322 0.004948 8.738713
v 7.690226 0.001237 8.692743
v 8.156359 0.000000 8.562359
v 8.475213 0.001237 8.629177
v 3.899419 0.004948 8.809655
v 1.994168 0.001237 8.727811
v 3.849463 0.000000 8.589356
v 5.526381 0.001237 8.720798
v -8.249323 0.004948 8.738713
v -8.475213 0.001237 8.629177
v -8.156359 0.000000 8.562360
v -7.690226 0.001237 8.692743
v -8.984292 0.004948 8.479782
v -9.045904 0.001237 8.313121
v -8.816602 0.000000 8.334881
v -8.775205 0.001237 8.504918
v -9.458864 0.004948 8.005207
v -9.477865 0.001237 7.802254
v -9.301490 0.000000 7.849992
v -9.285864 0.001237 8.073161
v -9.717795 0.004948 7.285537
v -9.665487 0.001237 6.778279
v -9.528968 0.000000 7.204850
v -9.602127 0.001237 7.502264
v -9.700554 0.001237 -1.750982
v -9.788737 0.004948 -3.425176
v -9.693541 0.001237 -4.857619
v -9.555762 0.000000 -3.381362
v -9.717795 0.004948 -7.285537
v -9.602126 0.001237 -7.502264
v -9.528969 0.000000 -7.204851
v -9.665486 0.001237 -6.778279
v -9.458864 0.004948 -8.005207
v -9.285864 0.001237 -8.073162
v -9.301490 0.000000 -7.849992
v -9.477866 0.001237 -7.802254
v -8.984292 0.004948 -8.479782
v -8.775205 0.001237 -8.504917
v -8.816602 0.000000 -8.334881
v -9.045904 0.001237 -8.313121
v -8.249323 0.004948 -8.738713
v -7.690226 0.001237 -8.692743
v -8.156359 0.000000 -8.562359
v -8.475214 0.001237 -8.629177
v 1.994168 0.001237 -8.727811
v 3.899419 0.004948 -8.809655
v 5.526381 0.001237 -8.720798
v 3.849464 0.000000 -8.589356
v 8.249323 0.004948 -8.738713
v 8.475213 0.001237 -8.629177
v 8.156360 0.000000 -8.562360
v 7.690226 0.001237 -8.692743
v 8.984292 0.004948 -8.479782
v 9.045906 0.001237 -8.313121
v 8.816601 0.000000 -8.334881
v 8.775206 0.001237 -8.504918
v 9.458863 0.004948 -8.005207
v 9.477865 0.001237 -7.802254
v 9.301490 0.000000 -7.849992
v 9.285865 0.001237 -8.073161
v 9.717795 0.004948 -7.285537
v 9.665485 0.001237 -6.778279
v 9.528968 0.000000 -7.204850
v 9.602125 0.001237 -7.502264
v 8.628844 0.347698 -4.816628
v 7.912102 0.347698 -3.373738
v 8.581017 0.347698 -1.721501
v 9.046427 0.347698 -3.353970
v -8.714164 0.000000 -7.377262
v -8.823566 0.000000 -6.780746
v -9.188877 0.000000 -7.209513
v -9.087915 0.000000 -7.558926
v -8.321379 0.000000 7.762578
v -7.680027 0.000000 7.871981
v -8.152965 0.000000 8.230457
v -8.517345 0.000000 8.129497
v 8.321381 0.347698 7.762578
v 7.680028 0.347698 7.871981
v 8.152965 0.347698 8.230457
v 8.517346 0.347698 8.129497
v -7.680026 0.347698 -7.871981
v -8.152965 0.347698 -8.230457
v -8.517345 0.347698 -8.129497
v -8.321379 0.347698 -7.762578
v -8.581016 0.347698 -1.721501
v -7.912100 0.347698 -3.373738
v -8.628842 0.347698 -4.816628
v -9.046426 0.347698 -3.353970
v -8.714164 0.347698 7.377262
v -8.823566 0.347698 6.780746
v -9.188877 0.347698 7.209513
v -9.087915 0.347698 7.558926
v 5.476818 0.347698 -7.684724
v 3.817978 0.347698 -8.088475
v 1.960593 0.347698 -7.639585
v 3.839411 0.347698 -7.013315
v 3.823431 0.347698 -1.720550
v 5.518269 0.347698 -3.379854
v 3.845528 0.347698 -4.858441
v 1.959511 0.347698 -3.360445
v 5.476818 0.347698 7.684724
v 3.839411 0.347698 7.013314
v 1.960593 0.347698 7.639585
v 3.817978 0.347698 8.088475
v 8.321381 0.000000 -7.762578
v 7.680028 0.000000 -7.871981
v 8.152965 0.000000 -8.230457
v 8.517346 0.000000 -8.129497
v 9.046427 0.000000 -3.353970
v 8.581017 0.000000 -1.721501
v 7.912101 0.000000 -3.373738
v 8.628843 0.000000 -4.816628
v 8.714165 0.000000 7.377262
v 8.823567 0.000000 6.780746
v 9.188876 0.000000 7.209513
v 9.087916 0.000000 7.558926
v 1.960592 0.000000 7.639585
v 3.839409 0.000000 7.013315
v 5.476817 0.000000 7.684725
v 3.817977 0.000000 8.088475
v 5.518269 0.000000 -3.379854
v 3.823430 0.000000 -1.720550
v 1.959510 0.000000 -3.360445
v 3.845527 0.000000 -4.858441
v 5.476818 0.000000 -7.684724
v 3.839411 0.000000 -7.013314
v 1.960593 0.000000 -7.639585
v 3.817978 0.000000 -8.088475
v -8.714164 0.347698 -7.377262
v -9.087915 0.347698 -7.558925
v -9.188877 0.347698 -7.209514
v -8.823566 0.347698 -6.780746
v 8.321381 0.347698 -7.762578
v 8.517345 0.347698 -8.129497
v 8.152966 0.347698 -8.230457
v 7.680028 0.347698 -7.871981
v 8.823568 0.347698 6.780746
v 8.714166 0.347698 7.377263
v 9.087916 0.347698 7.558925
v 9.188877 0.347698 7.209514
v -7.680026 0.347698 7.871981
v -8.321379 0.347698 7.762578
v -8.517344 0.347698 8.129497
v -8.152965 0.347698 8.230457
v -8.823566 0.000000 6.780746
v -8.714164 0.000000 7.377263
v -9.087915 0.000000 7.558925
v -9.188878 0.000000 7.209514
v 7.680027 0.000000 7.871981
v 8.321380 0.000000 7.762578
v 8.517345 0.000000 8.129497
v 8.152966 0.000000 8.230457
v 8.823568 0.000000 -6.780746
v 8.714166 0.000000 -7.377263
v 9.087916 0.000000 -7.558925
v 9.188877 0.000000 -7.209514
v -7.680026 0.000000 -7.871981
v -8.321379 0.000000 -7.762578
v -8.517344 0.000000 -8.129497
v -8.152965 0.000000 -8.230457
v -1.994168 0.001237 8.727811
v -3.899419 0.004948 8.809655
v -5.526381 0.001237 8.720798
v -3.849463 0.000000 8.589356
v -5.476817 0.000000 7.684724
v -3.839409 0.000000 7.013314
v -1.960592 0.000000 7.639585
v -3.817976 0.000000 8.088475
v -1.959508 0.000000 -3.360445
v -3.823427 0.000000 -1.720550
v -5.518267 0.000000 -3.379854
v -3.845525 0.000000 -4.858441
v -1.960591 0.000000 -7.639585
v -3.839408 0.000000 -7.013315
v -5.476817 0.000000 -7.684725
v -3.817976 0.000000 -8.088475
v -3.899418 0.004948 -8.809655
v -1.994168 0.001237 -8.727811
v -3.849463 0.000000 -8.589356
v -5.526380 0.001237 -8.720798
v -3.941502 0.269062 -8.904732
v -5.618875 0.295566 -8.893626
v -3.933086 0.316771 -8.885717
v -2.027744 0.295566 -8.902096
v -1.994168 0.346151 -8.727811
v -3.899419 0.341513 -8.809655
v -5.526381 0.346152 -8.720798
v -3.849463 0.347698 -8.589356
v -1.960591 0.347698 -7.639585
v -3.817976 0.347698 -8.088475
v -5.476817 0.347698 -7.684725
v -3.839408 0.347698 -7.013315
v -3.823427 0.347698 -1.720550
v -1.959507 0.347698 -3.360445
v -3.845525 0.347698 -4.858441
v -5.518267 0.347698 -3.379854
v -1.960591 0.347698 7.639585
v -3.839408 0.347698 7.013315
v -5.476817 0.347698 7.684725
v -3.817976 0.347698 8.088475
v -3.899418 0.341513 8.809655
v -1.994168 0.346151 8.727811
v -3.849463 0.347698 8.589356
v -5.526380 0.346152 8.720798
v -5.618875 0.295566 8.893625
v -3.941503 0.269062 8.904733
v -2.027744 0.295566 8.902096
v -3.933085 0.316771 8.885717
v -9.700554 0.346151 1.750982
v -9.788737 0.341513 3.425176
v -9.693541 0.346152 4.857619
v -9.555762 0.347698 3.381362
v -7.912100 0.347698 3.373738
v -8.581016 0.347698 1.721501
v -9.046426 0.347698 3.353970
v -8.628842 0.347698 4.816628
v -1.959507 0.347698 3.360445
v -3.823427 0.347698 1.720550
v -5.518267 0.347698 3.379854
v -3.845525 0.347698 4.858441
v 5.518269 0.347698 3.379854
v 3.823431 0.347698 1.720550
v 1.959511 0.347698 3.360445
v 3.845528 0.347698 4.858441
v 8.581017 0.347698 1.721501
v 7.912102 0.347698 3.373738
v 8.628844 0.347698 4.816628
v 9.046427 0.347698 3.353970
v 9.788736 0.341513 3.425176
v 9.700554 0.346151 1.750982
v 9.555762 0.347698 3.381362
v 9.693541 0.346152 4.857619
v 9.882746 0.295566 4.938853
v 9.894381 0.269062 3.462142
v 9.891216 0.295566 1.780464
v 9.873254 0.316771 3.454748
v 9.700553 0.001237 1.750982
v 9.788736 0.004948 3.425176
v 9.693540 0.001237 4.857619
v 9.555762 0.000000 3.381362
v 8.581017 0.000000 1.721501
v 9.046426 0.000000 3.353970
v 8.628843 0.000000 4.816628
v 7.912100 0.000000 3.373738
v 3.823429 0.000000 1.720550
v 5.518268 0.000000 3.379854
v 3.845526 0.000000 4.858441
v 1.959510 0.000000 3.360445
v -3.823428 0.000000 1.720550
v -1.959509 0.000000 3.360445
v -3.845525 0.000000 4.858441
v -5.518268 0.000000 3.379854
v -8.581016 0.000000 1.721501
v -7.912100 0.000000 3.373738
v -8.628842 0.000000 4.816628
v -9.046426 0.000000 3.353970
v -9.788737 0.004948 3.425176
v -9.700554 0.001237 1.750982
v -9.555762 0.000000 3.381362
v -9.693541 0.001237 4.857619
v -9.891216 0.295566 1.780464
v -9.894382 0.269062 3.462142
v -9.882747 0.295566 4.938853
v -9.873254 0.316771 3.454748
v -9.822674 0.127212 7.364165
v -9.779154 0.164262 7.630396
v -9.822674 0.201930 7.364165
v -9.854129 0.164262 6.893314
v -9.560947 0.127212 8.091602
v -9.459345 0.164262 8.228702
v -9.560947 0.201930 8.091603
v -9.648728 0.164262 7.945270
v -9.081253 0.127212 8.571298
v -8.934920 0.164262 8.659080
v -9.081253 0.201930 8.571298
v -9.218350 0.164262 8.469696
v -8.338352 0.127212 8.833024
v -7.821112 0.164262 8.864480
v -8.338352 0.201930 8.833024
v -8.620049 0.164262 8.789502
v -3.941502 0.201930 8.904732
v -5.621876 0.164262 8.898376
v -3.941502 0.127212 8.904733
v -2.028827 0.164262 8.906851
v 3.941503 0.201930 8.904732
v 2.028827 0.164262 8.906851
v 3.941503 0.127212 8.904733
v 5.621876 0.164262 8.898376
v 8.338352 0.127212 8.833024
v 8.620048 0.164262 8.789502
v 8.338351 0.201930 8.833025
v 7.821111 0.164262 8.864480
v 9.081253 0.127212 8.571298
v 9.218350 0.164262 8.469696
v 9.081254 0.201930 8.571298
v 8.934920 0.164262 8.659080
v 9.560947 0.127212 8.091602
v 9.648728 0.164262 7.945270
v 9.560947 0.201930 8.091603
v 9.459346 0.164262 8.228702
v 9.822673 0.127212 7.364165
v 9.854129 0.164262 6.893314
v 9.822674 0.201930 7.364165
v 9.779155 0.164262 7.630396
v 9.894380 0.201930 3.462142
v 9.888024 0.164262 4.941491
v 9.894381 0.127212 3.462142
v 9.896499 0.164262 1.781415
v 9.894380 0.201930 -3.462142
v 9.896499 0.164262 -1.781415
v 9.894381 0.127212 -3.462142
v 9.888024 0.164262 -4.941491
v 9.822673 0.201930 -7.364165
v 9.854129 0.164262 -6.893314
v 9.822674 0.127212 -7.364165
v 9.779155 0.164262 -7.630396
v 9.560947 0.201930 -8.091602
v 9.648728 0.164262 -7.945270
v 9.560947 0.127212 -8.091603
v 9.459346 0.164262 -8.228702
v 9.081253 0.201930 -8.571298
v 9.218350 0.164262 -8.469696
v 9.081254 0.127212 -8.571298
v 8.934920 0.164262 -8.659080
v 8.338352 0.201930 -8.833024
v 8.620048 0.164262 -8.789502
v 8.338351 0.127212 -8.833025
v 7.821111 0.164262 -8.864480
v 3.941503 0.127212 -8.904732
v 2.028827 0.164262 -8.906851
v 3.941503 0.201930 -8.904733
v 5.621876 0.164262 -8.898376
v -3.941502 0.127212 -8.904732
v -5.621876 0.164262 -8.898376
v -3.941502 0.201930 -8.904733
v -2.028827 0.164262 -8.906851
v -8.338352 0.201930 -8.833024
v -7.821112 0.164262 -8.864480
v -8.338352 0.127212 -8.833024
v -8.620049 0.164262 -8.789502
v -9.081253 0.201930 -8.571298
v -8.934920 0.164262 -8.659080
v -9.081253 0.127212 -8.571298
v -9.218350 0.164262 -8.469696
v -9.560947 0.201930 -8.091602
v -9.459345 0.164262 -8.228702
v -9.560947 0.127212 -8.091603
v -9.648728 0.164262 -7.945270
v -9.822674 0.201930 -7.364165
v -9.779154 0.164262 -7.630396
v -9.822674 0.127212 -7.364165
v -9.854129 0.164262 -6.893314
v -9.894382 0.201930 -3.462142
v -9.888024 0.164262 -4.941491
v -9.894382 0.127212 -3.462142
v -9.896499 0.164262 -1.781415
v -9.894382 0.201930 3.462142
v -9.896499 0.164262 1.781415
v -9.894382 0.127212 3.462142
v -9.888024 0.164262 4.941491
v -9.801699 0.024741 7.348439
v -9.773933 0.042235 7.626323
v -9.822674 0.065028 7.364165
v -9.848868 0.042235 6.889634
v -9.540530 0.024741 8.074325
v -9.454294 0.042235 8.224309
v -9.560947 0.065028 8.091603
v -9.643578 0.042235 7.941028
v -9.061861 0.024741 8.552994
v -8.930150 0.042235 8.654456
v -9.081253 0.065028 8.571298
v -9.213429 0.042235 8.465174
v -8.320546 0.024741 8.814162
v -7.816936 0.042235 8.859747
v -8.338352 0.065028 8.833024
v -8.615446 0.042235 8.784810
v -3.941502 0.065028 8.904732
v -5.618875 0.042235 8.893626
v -3.933086 0.024741 8.885717
v -2.027744 0.042235 8.902096
v 3.941503 0.065028 8.904732
v 2.027744 0.042235 8.902096
v 3.933086 0.024741 8.885717
v 5.618875 0.042235 8.893626
v 8.320546 0.024741 8.814162
v 8.615446 0.042235 8.784810
v 8.338351 0.065028 8.833025
v 7.816936 0.042235 8.859747
v 9.061861 0.024741 8.552994
v 9.213428 0.042235 8.465174
v 9.081254 0.065028 8.571298
v 8.930150 0.042235 8.654456
v 9.540530 0.024741 8.074324
v 9.643578 0.042235 7.941028
v 9.560947 0.065028 8.091603
v 9.454295 0.042235 8.224309
v 9.801699 0.024741 7.348439
v 9.848868 0.042235 6.889634
v 9.822674 0.065028 7.364165
v 9.773934 0.042235 7.626322
v 9.894380 0.065028 3.462142
v 9.882747 0.042235 4.938853
v 9.873254 0.024741 3.454748
v 9.891216 0.042235 1.780464
v 9.894380 0.065028 -3.462142
v 9.891216 0.042235 -1.780464
v 9.873254 0.024741 -3.454748
v 9.882747 0.042235 -4.938853
v 9.822673 0.065028 -7.364165
v 9.848868 0.042235 -6.889634
v 9.801700 0.024741 -7.348440
v 9.773934 0.042235 -7.626322
v 9.560947 0.065028 -8.091602
v 9.643578 0.042235 -7.941028
v 9.540531 0.024741 -8.074325
v 9.454295 0.042235 -8.224309
v 9.081253 0.065028 -8.571298
v 9.213428 0.042235 -8.465174
v 9.061862 0.024741 -8.552995
v 8.930150 0.042235 -8.654456
v 8.338352 0.065028 -8.833024
v 8.615446 0.042235 -8.784810
v 8.320546 0.024741 -8.814163
v 7.816936 0.042235 -8.859747
v 2.027744 0.042235 -8.902095
v 3.941503 0.065028 -8.904733
v 5.618875 0.042235 -8.893626
v 3.933086 0.024741 -8.885717
v -5.618875 0.042235 -8.893625
v -3.941503 0.065028 -8.904733
v -2.027744 0.042235 -8.902096
v -3.933085 0.024741 -8.885717
v -8.338352 0.065028 -8.833024
v -7.816936 0.042235 -8.859747
v -8.320546 0.024741 -8.814162
v -8.615446 0.042235 -8.784810
v -9.081253 0.065028 -8.571298
v -8.930150 0.042235 -8.654456
v -9.061861 0.024741 -8.552995
v -9.213429 0.042235 -8.465174
v -9.560947 0.065028 -8.091602
v -9.454294 0.042235 -8.224309
v -9.540530 0.024741 -8.074325
v -9.643578 0.042235 -7.941028
v -9.822674 0.065028 -7.364165
v -9.773933 0.042235 -7.626323
v -9.801699 0.024741 -7.348440
v -9.848868 0.042235 -6.889634
v -9.894382 0.065028 -3.462142
v -9.882747 0.042235 -4.938853
v -9.873254 0.024741 -3.454748
v -9.891216 0.042235 -1.780464
v -9.894382 0.065028 3.462142
v -9.891216 0.042235 1.780464
v -9.873254 0.024741 3.454748
v -9.882747 0.042235 4.938853
v -0.000000 0.316771 8.887831
v -0.000000 0.269062 8.906849
v 2.028827 0.237702 8.906850
v 5.621876 0.237702 8.898376
v 6.953796 0.269062 8.885665
v 6.938947 0.316771 8.866691
v 5.591864 0.332235 8.850871
v 2.017996 0.332235 8.859301
v 5.621876 0.237702 -8.898376
v 2.028827 0.237702 -8.906849
v -0.000000 0.269062 -8.906850
v -0.000000 0.316771 -8.887830
v 2.017996 0.332235 -8.859301
v 5.591864 0.332235 -8.850871
v 6.938947 0.316771 -8.866691
v 6.953796 0.269062 -8.885665
v 9.875367 0.316771 0.000000
v 9.896500 0.269062 0.000000
v 9.896500 0.237702 -1.781415
v 9.888026 0.237702 -4.941492
v 9.875316 0.269062 -6.118779
v 9.854228 0.316771 -6.105713
v 9.835239 0.332235 -4.915112
v 9.843667 0.332235 -1.771904
v -9.854227 0.316771 -6.105713
v -9.875315 0.269062 -6.118779
v -9.888026 0.237702 -4.941492
v -9.896500 0.237702 -1.781415
v -9.896500 0.269062 0.000000
v -9.875367 0.316771 0.000000
v -9.843668 0.332235 -1.771904
v -9.835238 0.332235 -4.915112
v -9.854130 0.237702 6.893315
v -9.779154 0.237702 7.630396
v -9.721769 0.269062 7.791076
v -9.701010 0.316771 7.774438
v -9.726947 0.332235 7.589662
v -9.801523 0.332235 6.856514
v -9.854228 0.316771 6.105713
v -9.875316 0.269062 6.118779
v -9.648728 0.237702 7.945268
v -9.459346 0.237702 8.228703
v -9.344841 0.269062 8.355190
v -9.324885 0.316771 8.337348
v -9.408846 0.332235 8.184772
v -9.597219 0.332235 7.902853
v -9.218351 0.237702 8.469696
v -8.934920 0.237702 8.659078
v -8.780726 0.269062 8.732120
v -8.761975 0.316771 8.713472
v -8.887220 0.332235 8.612851
v -9.169139 0.332235 8.424479
v -8.620049 0.237702 8.789503
v -7.821111 0.237702 8.864480
v -6.953796 0.269062 8.885665
v -6.938947 0.316771 8.866691
v -7.779358 0.332235 8.817157
v -8.574029 0.332235 8.742579
v 7.821112 0.237702 8.864480
v 8.620047 0.237702 8.789503
v 8.780725 0.269062 8.732120
v 8.761975 0.316771 8.713472
v 8.574028 0.332235 8.742579
v 7.779358 0.332235 8.817157
v 8.934920 0.237702 8.659078
v 9.218352 0.237702 8.469696
v 9.344842 0.269062 8.355190
v 9.324886 0.316771 8.337349
v 9.169141 0.332235 8.424479
v 8.887219 0.332235 8.612851
v 9.459347 0.237702 8.228703
v 9.648729 0.237702 7.945268
v 9.721769 0.269062 7.791076
v 9.701010 0.316771 7.774438
v 9.597219 0.332235 7.902853
v 9.408847 0.332235 8.184772
v 9.779154 0.237702 7.630396
v 9.854129 0.237702 6.893315
v 9.875316 0.269062 6.118779
v 9.854227 0.316771 6.105713
v 9.801523 0.332235 6.856514
v 9.726946 0.332235 7.589662
v -9.801523 0.332235 -6.856514
v -9.726948 0.332235 -7.589662
v -9.701010 0.316771 -7.774438
v -9.721769 0.269062 -7.791075
v -9.779154 0.237702 -7.630396
v -9.854130 0.237702 -6.893315
v -9.597219 0.332235 -7.902853
v -9.408846 0.332235 -8.184772
v -9.324885 0.316771 -8.337349
v -9.344841 0.269062 -8.355190
v -9.459346 0.237702 -8.228703
v -9.648728 0.237702 -7.945269
v -9.169140 0.332235 -8.424479
v -8.887219 0.332235 -8.612851
v -8.761975 0.316771 -8.713472
v -8.780726 0.269062 -8.732120
v -8.934920 0.237702 -8.659078
v -9.218352 0.237702 -8.469696
v -8.574029 0.332235 -8.742579
v -7.779358 0.332235 -8.817157
v -6.938947 0.316771 -8.866691
v -6.953796 0.269062 -8.885665
v -7.821111 0.237702 -8.864480
v -8.620049 0.237702 -8.789503
v 7.779358 0.332235 -8.817157
v 8.574028 0.332235 -8.742579
v 8.761975 0.316771 -8.713472
v 8.780725 0.269062 -8.732120
v 8.620047 0.237702 -8.789503
v 7.821112 0.237702 -8.864480
v 8.887220 0.332235 -8.612851
v 9.169140 0.332235 -8.424479
v 9.324886 0.316771 -8.337349
v 9.344842 0.269062 -8.355190
v 9.218352 0.237702 -8.469696
v 8.934920 0.237702 -8.659078
v 9.408848 0.332235 -8.184772
v 9.597219 0.332235 -7.902853
v 9.701010 0.316771 -7.774438
v 9.721769 0.269062 -7.791076
v 9.648728 0.237702 -7.945269
v 9.459347 0.237702 -8.228702
v 9.726946 0.332235 -7.589662
v 9.801523 0.332235 -6.856514
v 9.854130 0.237702 -6.893315
v 9.779154 0.237702 -7.630396
v 9.317863 0.347698 -7.627613
v 9.067821 0.347698 -7.841822
v 8.758414 0.347698 -7.800463
v 8.052025 0.347698 -7.132328
v 8.152556 0.347698 -6.121195
v 9.087184 0.347698 -5.950039
v 9.367042 0.347698 -6.721846
v 9.393283 0.347698 -7.445532
v -7.018969 0.000000 -4.949370
v -6.882143 0.000000 -1.720550
v -7.885762 0.000000 0.000000
v -9.041898 0.000000 0.000000
v -9.342400 0.000000 -1.730060
v -9.347329 0.000000 -4.804488
v -9.087183 0.000000 -5.950039
v -8.152555 0.000000 -6.121195
v 9.245066 0.341513 -8.265982
v 9.067915 0.347698 -8.101511
v 9.470255 0.347698 -7.603165
v 9.617969 0.341513 -7.707891
v 8.686974 0.341513 -8.638886
v 8.570801 0.347698 -8.502618
v 8.590230 0.347698 -8.355245
v 8.802943 0.347698 -8.106700
v 6.879550 0.341513 -8.790792
v 6.795905 0.347698 -8.582581
v 7.622896 0.347698 -8.405923
v 8.408149 0.347698 -8.430665
v -0.000000 0.341513 -8.811750
v -0.000000 0.347698 -8.590110
v 1.970340 0.347698 -8.381279
v 5.465259 0.347698 -8.386207
v -8.686974 0.341513 -8.638885
v -8.570801 0.347698 -8.502618
v -8.408149 0.347698 -8.430665
v -7.622895 0.347698 -8.405922
v -6.795905 0.347698 -8.582581
v -6.879549 0.341513 -8.790792
v -9.245065 0.341513 -8.265982
v -9.067914 0.347698 -8.101511
v -8.802942 0.347698 -8.106700
v -8.590230 0.347698 -8.355245
v -9.617970 0.341513 -7.707891
v -9.470254 0.347698 -7.603165
v -9.317863 0.347698 -7.627613
v -9.067820 0.347698 -7.841822
v -9.769876 0.341513 -6.053448
v -9.548984 0.347698 -5.980502
v -9.367042 0.347698 -6.721846
v -9.393282 0.347698 -7.445532
v -9.790834 0.341513 0.000000
v -9.556514 0.347698 0.000000
v -9.342399 0.347698 -1.730060
v -9.347328 0.347698 -4.804488
v -9.617970 0.341513 7.707891
v -9.470254 0.347698 7.603165
v -9.393282 0.347698 7.445532
v -9.367042 0.347698 6.721846
v -9.548985 0.347698 5.980503
v -9.769876 0.341513 6.053448
v -9.245066 0.341513 8.265981
v -9.067914 0.347698 8.101511
v -9.067820 0.347698 7.841822
v -9.317863 0.347698 7.627613
v -8.686974 0.341513 8.638886
v -8.570801 0.347698 8.502618
v -8.590230 0.347698 8.355245
v -8.802942 0.347698 8.106700
v -6.879549 0.341513 8.790792
v -6.795905 0.347698 8.582581
v -7.622895 0.347698 8.405923
v -8.408149 0.347698 8.430665
v -0.000000 0.347698 8.590110
v -0.000000 0.341513 8.811750
v 6.879550 0.341513 8.790792
v 6.795905 0.347698 8.582581
v 5.465259 0.347698 8.386207
v 1.970340 0.347698 8.381279
v 8.686975 0.341513 8.638885
v 8.570801 0.347698 8.502618
v 8.408149 0.347698 8.430665
v 7.622896 0.347698 8.405923
v 9.245066 0.341513 8.265981
v 9.067915 0.347698 8.101510
v 8.802943 0.347698 8.106700
v 8.590230 0.347698 8.355245
v 9.617969 0.341513 7.707890
v 9.470255 0.347698 7.603165
v 9.317864 0.347698 7.627613
v 9.067821 0.347698 7.841822
v 9.769875 0.341513 6.053448
v 9.548985 0.347698 5.980502
v 9.367043 0.347698 6.721846
v 9.393283 0.347698 7.445532
v 9.556514 0.347698 0.000000
v 9.790834 0.341513 0.000000
v 9.769876 0.341513 -6.053448
v 9.548984 0.347698 -5.980503
v 9.347329 0.347698 -4.804488
v 9.342401 0.347698 -1.730060
v 9.835239 0.012371 -4.915112
v 9.843667 0.012371 -1.771904
v 9.790834 0.004948 0.000000
v 9.556514 0.000000 0.000000
v 9.342400 0.000000 -1.730060
v 9.347329 0.000000 -4.804488
v 9.548984 0.000000 -5.980502
v 9.769876 0.004948 -6.053448
v 9.801523 0.012371 6.856514
v 9.726948 0.012371 7.589662
v 9.617970 0.004948 7.707891
v 9.470254 0.000000 7.603165
v 9.393283 0.000000 7.445532
v 9.367043 0.000000 6.721846
v 9.548984 0.000000 5.980503
v 9.769875 0.004948 6.053448
v 9.597220 0.012371 7.902853
v 9.408847 0.012371 8.184772
v 9.245066 0.004948 8.265981
v 9.067914 0.000000 8.101511
v 9.067820 0.000000 7.841822
v 9.317863 0.000000 7.627613
v 9.169139 0.012371 8.424479
v 8.887220 0.012371 8.612851
v 8.686974 0.004948 8.638886
v 8.570801 0.000000 8.502618
v 8.590230 0.000000 8.355245
v 8.802943 0.000000 8.106700
v 8.574028 0.012371 8.742579
v 7.779358 0.012371 8.817156
v 6.879550 0.004948 8.790792
v 6.795905 0.000000 8.582581
v 7.622896 0.000000 8.405923
v 8.408148 0.000000 8.430665
v 5.591864 0.012371 8.850871
v 2.017996 0.012371 8.859300
v -0.000000 0.004948 8.811750
v -0.000000 0.000000 8.590110
v 1.970340 0.000000 8.381279
v 5.465259 0.000000 8.386207
v -7.779358 0.012371 8.817156
v -8.574029 0.012371 8.742579
v -8.686974 0.004948 8.638885
v -8.570801 0.000000 8.502618
v -8.408148 0.000000 8.430665
v -7.622895 0.000000 8.405922
v -6.795905 0.000000 8.582581
v -6.879549 0.004948 8.790792
v -8.887219 0.012371 8.612851
v -9.169140 0.012371 8.424479
v -9.245065 0.004948 8.265981
v -9.067914 0.000000 8.101510
v -8.802942 0.000000 8.106700
v -8.590230 0.000000 8.355245
v -9.408846 0.012371 8.184772
v -9.597219 0.012371 7.902853
v -9.617970 0.004948 7.707891
v -9.470254 0.000000 7.603165
v -9.317863 0.000000 7.627613
v -9.067820 0.000000 7.841822
v -9.726947 0.012371 7.589662
v -9.801523 0.012371 6.856514
v -9.769876 0.004948 6.053448
v -9.548984 0.000000 5.980502
v -9.367042 0.000000 6.721846
v -9.393282 0.000000 7.445532
v -9.556514 0.000000 0.000000
v -9.790834 0.004948 0.000000
v -9.843667 0.012371 -1.771904
v -9.835238 0.012371 -4.915112
v -9.769875 0.004948 -6.053448
v -9.548985 0.000000 -5.980502
v -9.801523 0.012371 -6.856514
v -9.726947 0.012371 -7.589662
v -9.617970 0.004948 -7.707891
v -9.470254 0.000000 -7.603165
v -9.393282 0.000000 -7.445532
v -9.367042 0.000000 -6.721846
v -9.597219 0.012371 -7.902853
v -9.408847 0.012371 -8.184772
v -9.245066 0.004948 -8.265981
v -9.067914 0.000000 -8.101511
v -9.067820 0.000000 -7.841822
v -9.317863 0.000000 -7.627613
v -9.169139 0.012371 -8.424479
v -8.887219 0.012371 -8.612851
v -8.686974 0.004948 -8.638886
v -8.570801 0.000000 -8.502618
v -8.590230 0.000000 -8.355245
v -8.802942 0.000000 -8.106700
v -8.574029 0.012371 -8.742579
v -7.779358 0.012371 -8.817156
v -6.879549 0.004948 -8.790792
v -6.795905 0.000000 -8.582581
v -7.622895 0.000000 -8.405923
v -8.408149 0.000000 -8.430665
v -0.000000 0.000000 -8.590110
v -0.000000 0.004948 -8.811750
v 2.017996 0.012371 -8.859301
v 5.591864 0.012371 -8.850871
v 6.879550 0.004948 -8.790792
v 6.795905 0.000000 -8.582581
v 5.465259 0.000000 -8.386207
v 1.970340 0.000000 -8.381279
v 7.779358 0.012371 -8.817156
v 8.574028 0.012371 -8.742579
v 8.686975 0.004948 -8.638885
v 8.570801 0.000000 -8.502618
v 8.408149 0.000000 -8.430665
v 7.622896 0.000000 -8.405923
v 8.887219 0.012371 -8.612851
v 9.169140 0.012371 -8.424479
v 9.245066 0.004948 -8.265981
v 9.067915 0.000000 -8.101510
v 8.802943 0.000000 -8.106700
v 8.590230 0.000000 -8.355245
v 9.408847 0.012371 -8.184772
v 9.597220 0.012371 -7.902853
v 9.617969 0.004948 -7.707890
v 9.470255 0.000000 -7.603165
v 9.317864 0.000000 -7.627613
v 9.067821 0.000000 -7.841822
v 9.726948 0.012371 -7.589662
v 9.801522 0.012371 -6.856514
v 9.367043 0.000000 -6.721846
v 9.393283 0.000000 -7.445532
v 7.018971 0.347698 -4.949370
v 6.882147 0.347698 -1.720550
v 7.885764 0.347698 0.000000
v 9.041899 0.347698 0.000000
v -8.758413 0.000000 -7.800463
v -8.052023 0.000000 -7.132328
v -8.758413 0.000000 7.800463
v -8.052023 0.000000 7.132328
v -6.943812 0.000000 7.232860
v -6.758309 0.000000 8.129232
v 8.758414 0.347698 7.800463
v 8.052025 0.347698 7.132328
v 6.943815 0.347698 7.232860
v 6.758310 0.347698 8.129232
v -6.943812 0.347698 -7.232860
v -6.758309 0.347698 -8.129232
v -8.758413 0.347698 -7.800463
v -8.052023 0.347698 -7.132328
v -9.041898 0.347698 0.000000
v -7.885762 0.347698 0.000000
v -6.882143 0.347698 -1.720550
v -7.018969 0.347698 -4.949370
v -8.152555 0.347698 -6.121195
v -9.087183 0.347698 -5.950039
v -8.758413 0.347698 7.800463
v -8.052023 0.347698 7.132328
v -8.152555 0.347698 6.121195
v -9.087183 0.347698 5.950039
v 6.943814 0.347698 -7.232860
v 6.758310 0.347698 -8.129231
v 0.000001 0.347698 -8.083947
v 0.000001 0.347698 -6.989665
v 1.959511 0.347698 -6.075657
v 5.622640 0.347698 -6.196352
v 1.959511 0.347698 0.000000
v 5.496172 0.347698 0.000000
v 0.000002 0.347698 -4.839032
v 0.000002 0.347698 -1.720550
v 5.622640 0.347698 6.196352
v 1.959511 0.347698 6.075657
v 0.000001 0.347698 6.989665
v 0.000001 0.347698 8.083946
v 8.758414 0.000000 -7.800463
v 8.052025 0.000000 -7.132328
v 6.943815 0.000000 -7.232860
v 6.758310 0.000000 -8.129232
v 9.041898 0.000000 0.000000
v 7.885763 0.000000 0.000000
v 6.882146 0.000000 -1.720550
v 7.018971 0.000000 -4.949370
v 8.152556 0.000000 -6.121195
v 9.087184 0.000000 -5.950039
v 8.758414 0.000000 7.800463
v 8.052023 0.000000 7.132328
v 8.152555 0.000000 6.121195
v 9.087183 0.000000 5.950039
v -0.000000 0.000000 8.083947
v -0.000000 0.000000 6.989665
v 1.959509 0.000000 6.075657
v 5.622638 0.000000 6.196352
v 6.943813 0.000000 7.232860
v 6.758309 0.000000 8.129231
v 5.496171 0.000000 0.000000
v 1.959510 0.000000 0.000000
v 0.000001 0.000000 -1.720550
v 0.000002 0.000000 -4.839032
v 1.959511 0.000000 -6.075657
v 5.622640 0.000000 -6.196352
v 0.000001 0.000000 -6.989665
v 0.000001 0.000000 -8.083946
v 9.087184 0.347698 5.950039
v 8.152556 0.347698 6.121195
v -6.758309 0.347698 8.129231
v -6.943812 0.347698 7.232860
v -9.087183 0.000000 5.950039
v -8.152555 0.000000 6.121195
v -6.758309 0.000000 -8.129231
v -6.943812 0.000000 -7.232860
v -2.017996 0.012371 8.859301
v -5.591863 0.012371 8.850871
v -5.465258 0.000000 8.386207
v -1.970339 0.000000 8.381279
v -5.622638 0.000000 6.196352
v -1.959508 0.000000 6.075657
v -1.959508 0.000000 0.000000
v -5.496170 0.000000 0.000000
v -5.622637 0.000000 -6.196352
v -1.959507 0.000000 -6.075657
v -5.465258 0.000000 -8.386207
v -1.970339 0.000000 -8.381279
v -5.591863 0.012371 -8.850871
v -2.017996 0.012371 -8.859300
v -2.028827 0.237702 -8.906850
v -5.621876 0.237702 -8.898376
v -5.591864 0.332235 -8.850871
v -2.017996 0.332235 -8.859301
v -5.465258 0.347698 -8.386207
v -1.970339 0.347698 -8.381279
v -5.622637 0.347698 -6.196352
v -1.959507 0.347698 -6.075657
v -5.496169 0.347698 0.000000
v -1.959507 0.347698 0.000000
v -1.959507 0.347698 6.075657
v -5.622637 0.347698 6.196352
v -5.465258 0.347698 8.386207
v -1.970339 0.347698 8.381279
v -5.591863 0.332235 8.850871
v -2.017996 0.332235 8.859300
v -5.621876 0.237702 8.898376
v -2.028827 0.237702 8.906849
v -9.843667 0.332235 1.771904
v -9.835238 0.332235 4.915112
v -9.347328 0.347698 4.804488
v -9.342399 0.347698 1.730060
v -7.018969 0.347698 4.949370
v -6.882143 0.347698 1.720550
v 0.000002 0.347698 4.839032
v 0.000002 0.347698 1.720550
v 7.018971 0.347698 4.949370
v 6.882147 0.347698 1.720550
v 9.347329 0.347698 4.804488
v 9.342399 0.347698 1.730060
v 9.835239 0.332235 4.915112
v 9.843667 0.332235 1.771904
v 9.888026 0.237702 4.941492
v 9.896500 0.237702 1.781415
v 9.843668 0.012371 1.771904
v 9.835239 0.012371 4.915112
v 9.347328 0.000000 4.804488
v 9.342399 0.000000 1.730060
v 7.018970 0.000000 4.949370
v 6.882145 0.000000 1.720550
v -0.000000 0.000000 4.839032
v 0.000001 0.000000 1.720550
v -7.018969 0.000000 4.949370
v -6.882143 0.000000 1.720550
v -9.347329 0.000000 4.804488
v -9.342400 0.000000 1.730060
v -9.835238 0.012371 4.915112
v -9.843667 0.012371 1.771904
v -9.896500 0.237702 1.781415
v -9.888026 0.237702 4.941492
v -9.854130 0.093295 6.893315
v -9.779154 0.093295 7.630396
v -9.721769 0.127212 7.791076
v -9.721769 0.201930 7.791076
v -9.875316 0.201930 6.118779
v -9.875316 0.127212 6.118779
v -9.648728 0.093295 7.945269
v -9.459346 0.093295 8.228703
v -9.344841 0.127212 8.355190
v -9.344841 0.201930 8.355191
v -9.218351 0.093295 8.469696
v -8.934920 0.093295 8.659078
v -8.780726 0.127212 8.732120
v -8.780726 0.201930 8.732120
v -8.620049 0.093295 8.789503
v -7.821111 0.093295 8.864480
v -6.953796 0.127212 8.885665
v -6.953796 0.201930 8.885665
v -5.621876 0.093295 8.898376
v -2.028827 0.093295 8.906849
v -0.000000 0.127212 8.906849
v -0.000000 0.201930 8.906850
v 2.028827 0.093295 8.906850
v 5.621876 0.093295 8.898376
v 6.953796 0.127212 8.885665
v 6.953796 0.201930 8.885665
v 7.821112 0.093295 8.864480
v 8.620047 0.093295 8.789503
v 8.780725 0.127212 8.732120
v 8.780725 0.201930 8.732120
v 8.934920 0.093295 8.659078
v 9.218352 0.093295 8.469696
v 9.344842 0.127212 8.355190
v 9.344842 0.201930 8.355191
v 9.459347 0.093295 8.228703
v 9.648729 0.093295 7.945269
v 9.721769 0.127212 7.791076
v 9.721769 0.201930 7.791076
v 9.779154 0.093295 7.630396
v 9.854129 0.093295 6.893315
v 9.875315 0.127212 6.118779
v 9.875316 0.201930 6.118779
v 9.888026 0.093295 4.941492
v 9.896500 0.093295 1.781415
v 9.896500 0.127212 0.000000
v 9.896500 0.201930 0.000000
v 9.896500 0.093295 -1.781415
v 9.888026 0.093295 -4.941492
v 9.875316 0.127212 -6.118779
v 9.875316 0.201930 -6.118779
v 9.854130 0.093295 -6.893315
v 9.779154 0.093295 -7.630396
v 9.721770 0.127212 -7.791076
v 9.721770 0.201930 -7.791076
v 9.648728 0.093295 -7.945268
v 9.459347 0.093295 -8.228703
v 9.344842 0.127212 -8.355190
v 9.344841 0.201930 -8.355190
v 9.218352 0.093295 -8.469696
v 8.934920 0.093295 -8.659078
v 8.780725 0.127212 -8.732120
v 8.780725 0.201930 -8.732120
v 8.620047 0.093295 -8.789503
v 7.821112 0.093295 -8.864480
v 6.953796 0.127212 -8.885665
v 6.953796 0.201930 -8.885665
v 5.621876 0.093295 -8.898376
v 2.028827 0.093295 -8.906850
v -0.000000 0.127212 -8.906850
v -0.000000 0.201930 -8.906849
v -2.028827 0.093295 -8.906849
v -5.621876 0.093295 -8.898376
v -6.953796 0.127212 -8.885665
v -6.953796 0.201930 -8.885665
v -7.821111 0.093295 -8.864480
v -8.620049 0.093295 -8.789503
v -8.780726 0.127212 -8.732120
v -8.780726 0.201930 -8.732120
v -8.934920 0.093295 -8.659078
v -9.218352 0.093295 -8.469696
v -9.344841 0.127212 -8.355190
v -9.344841 0.201930 -8.355190
v -9.459346 0.093295 -8.228703
v -9.648728 0.093295 -7.945268
v -9.721769 0.127212 -7.791076
v -9.721769 0.201930 -7.791076
v -9.779154 0.093295 -7.630396
v -9.854130 0.093295 -6.893315
v -9.875316 0.127212 -6.118779
v -9.875316 0.201930 -6.118779
v -9.888026 0.093295 -4.941492
v -9.896500 0.093295 -1.781415
v -9.896500 0.127212 0.000000
v -9.896500 0.201930 0.000000
v -9.896500 0.093295 1.781415
v -9.888026 0.093295 4.941492
v -9.701010 0.024741 7.774438
v -9.721769 0.065028 7.791075
v -9.875316 0.065028 6.118779
v -9.854228 0.024741 6.105713
v -9.324885 0.024741 8.337349
v -9.344841 0.065028 8.355191
v -8.761975 0.024741 8.713472
v -8.780726 0.065028 8.732120
v -6.938947 0.024741 8.866691
v -6.953796 0.065028 8.885665
v -0.000000 0.024741 8.887830
v -0.000000 0.065028 8.906850
v 6.938947 0.024741 8.866691
v 6.953796 0.065028 8.885665
v 8.761975 0.024741 8.713472
v 8.780725 0.065028 8.732120
v 9.324886 0.024741 8.337349
v 9.344842 0.065028 8.355191
v 9.701010 0.024741 7.774438
v 9.721769 0.065028 7.791075
v 9.854227 0.024741 6.105713
v 9.875316 0.065028 6.118779
v 9.875367 0.024741 0.000000
v 9.896500 0.065028 0.000000
v 9.854228 0.024741 -6.105713
v 9.875316 0.065028 -6.118779
v 9.701011 0.024741 -7.774438
v 9.721770 0.065028 -7.791076
v 9.324886 0.024741 -8.337348
v 9.344841 0.065028 -8.355191
v 8.761975 0.024741 -8.713472
v 8.780725 0.065028 -8.732120
v 6.938947 0.024741 -8.866691
v 6.953796 0.065028 -8.885665
v -0.000000 0.024741 -8.887831
v -0.000000 0.065028 -8.906849
v -6.938947 0.024741 -8.866691
v -6.953796 0.065028 -8.885665
v -8.761975 0.024741 -8.713472
v -8.780726 0.065028 -8.732120
v -9.324885 0.024741 -8.337349
v -9.344841 0.065028 -8.355191
v -9.701010 0.024741 -7.774438
v -9.721769 0.065028 -7.791076
v -9.854228 0.024741 -6.105713
v -9.875316 0.065028 -6.118779
v -9.875367 0.024741 0.000000
v -9.896500 0.065028 0.000000
vt 0.117931 0.002325
vt 0.117931 0.001953
vt 0.141707 0.001953
vt 0.141630 0.002325
vt 0.500000 0.238730
vt 0.500000 0.238444
vt 0.529286 0.238444
vt 0.529286 0.238730
vt 0.557289 0.238444
vt 0.557289 0.238730
vt 0.164122 0.001981
vt 0.163973 0.002353
vt 0.500000 0.238133
vt 0.529286 0.238133
vt 0.500000 0.237785
vt 0.529286 0.237785
vt 0.557289 0.237785
vt 0.557289 0.238133
vt 0.582724 0.238133
vt 0.582724 0.238444
vt 0.582724 0.237785
vt 0.602596 0.237785
vt 0.602596 0.238133
vt 0.602596 0.238444
vt 0.183814 0.002064
vt 0.183602 0.002435
vt 0.582724 0.238730
vt 0.602596 0.238730
vt 0.199423 0.002229
vt 0.199161 0.002600
vt 0.895451 0.237785
vt 0.915323 0.237785
vt 0.915323 0.238133
vt 0.895451 0.238133
vt 0.940758 0.237795
vt 0.940758 0.238139
vt 0.940758 0.238445
vt 0.915323 0.238444
vt 0.895451 0.238444
vt 0.968761 0.237822
vt 0.968761 0.238157
vt 0.998047 0.237908
vt 0.998047 0.238182
vt 0.998047 0.238456
vt 0.968761 0.238450
vt 0.968761 0.238730
vt 0.940758 0.238730
vt 0.998047 0.238730
vt 0.141707 0.233909
vt 0.117931 0.233909
vt 0.117931 0.233536
vt 0.141630 0.233536
vt 0.164122 0.233881
vt 0.163973 0.233509
vt 0.915323 0.238730
vt 0.895451 0.238730
vt 0.183814 0.233798
vt 0.183602 0.233426
vt 0.199423 0.233633
vt 0.199161 0.233261
vt 0.233536 0.117931
vt 0.233909 0.117931
vt 0.233909 0.141127
vt 0.233536 0.141052
vt 0.749023 0.238730
vt 0.749023 0.238444
vt 0.773756 0.238444
vt 0.773756 0.238730
vt 0.797423 0.238444
vt 0.797423 0.238730
vt 0.233884 0.163012
vt 0.233512 0.162867
vt 0.749023 0.238133
vt 0.773756 0.238133
vt 0.749023 0.237785
vt 0.773756 0.237785
vt 0.797423 0.237785
vt 0.797423 0.238133
vt 0.818960 0.238133
vt 0.818960 0.238444
vt 0.818960 0.237785
vt 0.835880 0.237785
vt 0.835880 0.238133
vt 0.835880 0.238444
vt 0.233809 0.182275
vt 0.233437 0.182068
vt 0.818960 0.238730
vt 0.835880 0.238730
vt 0.233660 0.197605
vt 0.233289 0.197349
vt 0.002573 0.197349
vt 0.002201 0.197605
vt 0.002052 0.182275
vt 0.002424 0.182068
vt 0.164120 0.238730
vt 0.164120 0.238444
vt 0.181040 0.238444
vt 0.181040 0.238730
vt 0.202577 0.238444
vt 0.202577 0.238730
vt 0.001978 0.163012
vt 0.002350 0.162867
vt 0.164120 0.238133
vt 0.181040 0.238133
vt 0.164120 0.237785
vt 0.181040 0.237785
vt 0.202577 0.237785
vt 0.202577 0.238133
vt 0.226244 0.238133
vt 0.226244 0.238444
vt 0.226244 0.237785
vt 0.250977 0.237785
vt 0.250977 0.238133
vt 0.250977 0.238444
vt 0.001953 0.141127
vt 0.002325 0.141052
vt 0.226244 0.238730
vt 0.250977 0.238730
vt 0.001953 0.117931
vt 0.002325 0.117931
vt 0.337833 0.237785
vt 0.347652 0.237785
vt 0.347652 0.238133
vt 0.337833 0.238133
vt 0.352862 0.237785
vt 0.352862 0.238133
vt 0.352862 0.238444
vt 0.347652 0.238444
vt 0.337833 0.238444
vt 0.355958 0.237785
vt 0.355958 0.238133
vt 0.358025 0.237785
vt 0.358025 0.238133
vt 0.358025 0.238444
vt 0.355958 0.238444
vt 0.355958 0.238730
vt 0.352862 0.238730
vt 0.358025 0.238730
vt 0.003328 0.018574
vt 0.004001 0.016482
vt 0.004367 0.016807
vt 0.003696 0.018893
vt 0.002818 0.022041
vt 0.003188 0.022349
vt 0.347652 0.238730
vt 0.337833 0.238730
vt 0.002450 0.028172
vt 0.002820 0.028460
vt 0.002201 0.038257
vt 0.002573 0.038513
vt 0.360147 0.237785
vt 0.360147 0.238133
vt 0.362306 0.237785
vt 0.362306 0.238133
vt 0.362305 0.238444
vt 0.360147 0.238444
vt 0.364474 0.237785
vt 0.364474 0.238133
vt 0.366645 0.237785
vt 0.366645 0.238133
vt 0.366645 0.238444
vt 0.364474 0.238444
vt 0.364474 0.238730
vt 0.362302 0.238730
vt 0.366645 0.238730
vt 0.007076 0.010783
vt 0.008418 0.009136
vt 0.008770 0.009486
vt 0.007432 0.011127
vt 0.005886 0.012569
vt 0.006245 0.012907
vt 0.360147 0.238730
vt 0.004857 0.014474
vt 0.005220 0.014806
vt 0.368803 0.237785
vt 0.368803 0.238133
vt 0.370947 0.237785
vt 0.370947 0.238133
vt 0.370947 0.238444
vt 0.368804 0.238444
vt 0.373062 0.237785
vt 0.373062 0.238133
vt 0.375124 0.237785
vt 0.375124 0.238133
vt 0.375124 0.238444
vt 0.373062 0.238444
vt 0.373062 0.238730
vt 0.370947 0.238730
vt 0.375124 0.238730
vt 0.013222 0.005179
vt 0.015029 0.004228
vt 0.015359 0.004593
vt 0.013558 0.005541
vt 0.011507 0.006322
vt 0.011849 0.006681
vt 0.368807 0.238730
vt 0.009900 0.007645
vt 0.010247 0.007999
vt 0.377110 0.237785
vt 0.377110 0.238133
vt 0.380328 0.237785
vt 0.380328 0.238133
vt 0.380328 0.238444
vt 0.377110 0.238444
vt 0.386090 0.237785
vt 0.386090 0.238133
vt 0.397404 0.237785
vt 0.397404 0.238133
vt 0.397404 0.238444
vt 0.386090 0.238444
vt 0.386090 0.238730
vt 0.380328 0.238730
vt 0.397404 0.238730
vt 0.026275 0.002505
vt 0.036439 0.002229
vt 0.036700 0.002600
vt 0.026569 0.002875
vt 0.020213 0.002914
vt 0.020527 0.003284
vt 0.377110 0.238730
vt 0.016912 0.003481
vt 0.017236 0.003849
vt 0.613910 0.237785
vt 0.613910 0.238133
vt 0.619672 0.237785
vt 0.619672 0.238133
vt 0.619672 0.238444
vt 0.613910 0.238444
vt 0.622890 0.237785
vt 0.622890 0.238133
vt 0.624876 0.237785
vt 0.624876 0.238133
vt 0.624876 0.238444
vt 0.622890 0.238444
vt 0.622890 0.238730
vt 0.619672 0.238730
vt 0.624876 0.238730
vt 0.218950 0.003481
vt 0.220833 0.004228
vt 0.220502 0.004593
vt 0.218625 0.003849
vt 0.215649 0.002914
vt 0.215335 0.003284
vt 0.613910 0.238730
vt 0.209587 0.002505
vt 0.209293 0.002875
vt 0.626938 0.237785
vt 0.626938 0.238133
vt 0.629053 0.237785
vt 0.629053 0.238133
vt 0.629053 0.238444
vt 0.626938 0.238444
vt 0.631195 0.237785
vt 0.631195 0.238133
vt 0.633355 0.237785
vt 0.633355 0.238133
vt 0.633355 0.238444
vt 0.631195 0.238444
vt 0.631195 0.238730
vt 0.629053 0.238730
vt 0.633355 0.238730
vt 0.225961 0.007645
vt 0.227444 0.009136
vt 0.227092 0.009486
vt 0.225615 0.007999
vt 0.224355 0.006322
vt 0.224013 0.006681
vt 0.626938 0.238730
vt 0.222640 0.005179
vt 0.222304 0.005541
vt 0.635526 0.237785
vt 0.635526 0.238133
vt 0.637694 0.237785
vt 0.637694 0.238133
vt 0.637695 0.238444
vt 0.635526 0.238444
vt 0.639841 0.237785
vt 0.639841 0.238133
vt 0.641975 0.237785
vt 0.641975 0.238133
vt 0.641975 0.238444
vt 0.639847 0.238444
vt 0.639864 0.238730
vt 0.637698 0.238730
vt 0.641975 0.238730
vt 0.231005 0.014474
vt 0.231861 0.016482
vt 0.231495 0.016807
vt 0.230642 0.014806
vt 0.229976 0.012569
vt 0.229617 0.012907
vt 0.635526 0.238730
vt 0.228786 0.010783
vt 0.228430 0.011127
vt 0.644042 0.237785
vt 0.644042 0.238133
vt 0.647138 0.237785
vt 0.647138 0.238133
vt 0.647138 0.238444
vt 0.644042 0.238444
vt 0.652348 0.237785
vt 0.652348 0.238133
vt 0.662167 0.237785
vt 0.662167 0.238133
vt 0.662167 0.238444
vt 0.652348 0.238444
vt 0.652348 0.238730
vt 0.647138 0.238730
vt 0.662167 0.238730
vt 0.233412 0.028172
vt 0.233660 0.038257
vt 0.233289 0.038513
vt 0.233041 0.028460
vt 0.233043 0.022041
vt 0.232674 0.022349
vt 0.644042 0.238730
vt 0.232533 0.018574
vt 0.232165 0.018893
vt 0.002820 0.207402
vt 0.002450 0.207690
vt 0.003188 0.213513
vt 0.002818 0.213821
vt 0.154301 0.238730
vt 0.149091 0.238730
vt 0.149091 0.238444
vt 0.154301 0.238444
vt 0.003696 0.216969
vt 0.003328 0.217288
vt 0.004367 0.219054
vt 0.004001 0.219380
vt 0.145995 0.238730
vt 0.143928 0.238730
vt 0.143928 0.238444
vt 0.145995 0.238444
vt 0.145995 0.238133
vt 0.149091 0.238133
vt 0.143928 0.238133
vt 0.143928 0.237785
vt 0.145995 0.237785
vt 0.149091 0.237785
vt 0.154301 0.238133
vt 0.154301 0.237785
vt 0.005220 0.221056
vt 0.004857 0.221388
vt 0.006245 0.222955
vt 0.005886 0.223293
vt 0.141817 0.238730
vt 0.139651 0.238730
vt 0.139648 0.238444
vt 0.141800 0.238444
vt 0.007432 0.224734
vt 0.007076 0.225078
vt 0.008770 0.226376
vt 0.008418 0.226725
vt 0.137477 0.238730
vt 0.135305 0.238730
vt 0.135310 0.238444
vt 0.137480 0.238444
vt 0.137482 0.238133
vt 0.139647 0.238133
vt 0.135311 0.238133
vt 0.135311 0.237785
vt 0.137482 0.237785
vt 0.139647 0.237785
vt 0.141795 0.238133
vt 0.141795 0.237785
vt 0.010247 0.227862
vt 0.009900 0.228216
vt 0.011849 0.229181
vt 0.011507 0.229539
vt 0.133146 0.238730
vt 0.131002 0.238730
vt 0.131009 0.238444
vt 0.133149 0.238444
vt 0.013558 0.230320
vt 0.013222 0.230682
vt 0.015359 0.231268
vt 0.015029 0.231633
vt 0.128876 0.238730
vt 0.126805 0.238730
vt 0.126840 0.238444
vt 0.128899 0.238444
vt 0.128907 0.238133
vt 0.131011 0.238133
vt 0.126852 0.238133
vt 0.126852 0.237785
vt 0.128907 0.237785
vt 0.131011 0.237785
vt 0.133150 0.238133
vt 0.133150 0.237785
vt 0.017236 0.232013
vt 0.016912 0.232381
vt 0.020527 0.232578
vt 0.020213 0.232947
vt 0.124828 0.238730
vt 0.121625 0.238730
vt 0.121625 0.238444
vt 0.124851 0.238444
vt 0.026569 0.232986
vt 0.026275 0.233357
vt 0.036700 0.233261
vt 0.036439 0.233633
vt 0.115863 0.238730
vt 0.104549 0.238730
vt 0.104549 0.238444
vt 0.115863 0.238444
vt 0.115863 0.238133
vt 0.121625 0.238133
vt 0.104549 0.238133
vt 0.104549 0.237785
vt 0.115863 0.237785
vt 0.121625 0.237785
vt 0.124859 0.238133
vt 0.124859 0.237785
vt 0.209293 0.232986
vt 0.209587 0.233357
vt 0.215335 0.232578
vt 0.215649 0.232947
vt 0.884137 0.238730
vt 0.878375 0.238730
vt 0.878375 0.238444
vt 0.884137 0.238444
vt 0.218625 0.232013
vt 0.218950 0.232381
vt 0.220502 0.231268
vt 0.220833 0.231633
vt 0.875156 0.238730
vt 0.873171 0.238730
vt 0.873171 0.238444
vt 0.875156 0.238444
vt 0.875156 0.238133
vt 0.878375 0.238133
vt 0.873171 0.238133
vt 0.873171 0.237785
vt 0.875156 0.237785
vt 0.878375 0.237785
vt 0.884137 0.238133
vt 0.884137 0.237785
vt 0.222304 0.230320
vt 0.222640 0.230682
vt 0.224013 0.229181
vt 0.224355 0.229539
vt 0.871108 0.238730
vt 0.868998 0.238730
vt 0.868991 0.238444
vt 0.871108 0.238444
vt 0.225614 0.227862
vt 0.225961 0.228216
vt 0.227092 0.226376
vt 0.227444 0.226725
vt 0.866854 0.238730
vt 0.864695 0.238730
vt 0.864690 0.238444
vt 0.866851 0.238444
vt 0.866850 0.238133
vt 0.868989 0.238133
vt 0.864688 0.238133
vt 0.864688 0.237785
vt 0.866850 0.237785
vt 0.868989 0.237785
vt 0.871108 0.238133
vt 0.871108 0.237785
vt 0.228430 0.224734
vt 0.228786 0.225078
vt 0.229617 0.222955
vt 0.229976 0.223293
vt 0.862523 0.238730
vt 0.860349 0.238730
vt 0.860352 0.238444
vt 0.862520 0.238444
vt 0.230642 0.221056
vt 0.231005 0.221388
vt 0.231495 0.219054
vt 0.231861 0.219380
vt 0.858183 0.238730
vt 0.856072 0.238730
vt 0.856072 0.238444
vt 0.858200 0.238444
vt 0.858205 0.238133
vt 0.860353 0.238133
vt 0.856072 0.238133
vt 0.856072 0.237785
vt 0.858205 0.237785
vt 0.860353 0.237785
vt 0.862518 0.238133
vt 0.862518 0.237785
vt 0.232165 0.216969
vt 0.232533 0.217288
vt 0.232674 0.213513
vt 0.233043 0.213821
vt 0.854005 0.238730
vt 0.850909 0.238730
vt 0.850909 0.238444
vt 0.854005 0.238444
vt 0.233041 0.207402
vt 0.233412 0.207690
vt 0.845699 0.238730
vt 0.845699 0.238444
vt 0.845699 0.238133
vt 0.850909 0.238133
vt 0.845699 0.237785
vt 0.850909 0.237785
vt 0.854005 0.238133
vt 0.854005 0.237785
vt 0.228285 0.216573
vt 0.227361 0.217464
vt 0.226557 0.215564
vt 0.228247 0.215088
vt 0.225977 0.218742
vt 0.224661 0.216568
vt 0.223195 0.212804
vt 0.225846 0.212008
vt 0.228103 0.211744
vt 0.224425 0.220259
vt 0.222673 0.217962
vt 0.222828 0.221942
vt 0.220791 0.219719
vt 0.217588 0.216300
vt 0.220271 0.214197
vt 0.216889 0.208047
vt 0.221556 0.206413
vt 0.212495 0.211001
vt 0.203454 0.201818
vt 0.213676 0.197807
vt 0.220122 0.196153
vt 0.225184 0.205712
vt 0.227939 0.205644
vt 0.224652 0.195573
vt 0.227794 0.195651
vt 0.436878 0.201785
vt 0.433788 0.182485
vt 0.445203 0.181740
vt 0.447098 0.197774
vt 0.432583 0.162115
vt 0.444275 0.161928
vt 0.452270 0.161697
vt 0.452691 0.180753
vt 0.453544 0.196121
vt 0.432181 0.140359
vt 0.443966 0.140359
vt 0.432181 0.117912
vt 0.443966 0.117912
vt 0.452130 0.117912
vt 0.452130 0.140372
vt 0.457541 0.140409
vt 0.457594 0.161670
vt 0.457541 0.117912
vt 0.461070 0.117912
vt 0.461070 0.140483
vt 0.461084 0.161797
vt 0.457754 0.180460
vt 0.458073 0.195541
vt 0.461128 0.180595
vt 0.461214 0.195619
vt 0.230037 0.220502
vt 0.230886 0.218511
vt 0.229017 0.222391
vt 0.228195 0.221547
vt 0.229240 0.219743
vt 0.230086 0.217844
vt 0.227837 0.224161
vt 0.226506 0.225794
vt 0.225635 0.224908
vt 0.226985 0.223278
vt 0.225855 0.222004
vt 0.227169 0.220366
vt 0.224426 0.223648
vt 0.228302 0.218794
vt 0.229151 0.217145
vt 0.225037 0.227272
vt 0.223444 0.228584
vt 0.222610 0.227753
vt 0.224167 0.226409
vt 0.221743 0.229717
vt 0.219952 0.230660
vt 0.219280 0.229851
vt 0.220988 0.228912
vt 0.220066 0.227944
vt 0.221474 0.226693
vt 0.218588 0.228882
vt 0.218031 0.227965
vt 0.218816 0.226959
vt 0.219953 0.225436
vt 0.222946 0.225236
vt 0.221314 0.223716
vt 0.218085 0.231401
vt 0.214812 0.231963
vt 0.214225 0.231018
vt 0.217465 0.230533
vt 0.208802 0.232369
vt 0.198725 0.232642
vt 0.198218 0.231592
vt 0.208246 0.231363
vt 0.207754 0.229827
vt 0.213720 0.229661
vt 0.197743 0.229925
vt 0.197403 0.227459
vt 0.207455 0.227620
vt 0.213478 0.227797
vt 0.216902 0.229400
vt 0.216677 0.227943
vt 0.183250 0.232806
vt 0.163726 0.232888
vt 0.163431 0.231797
vt 0.182833 0.231729
vt 0.141503 0.232916
vt 0.117931 0.232916
vt 0.117931 0.231820
vt 0.141351 0.231820
vt 0.141198 0.230024
vt 0.163139 0.230014
vt 0.117931 0.230024
vt 0.117931 0.227298
vt 0.141071 0.227298
vt 0.162902 0.227315
vt 0.182430 0.229984
vt 0.182116 0.227363
vt 0.027059 0.232369
vt 0.037136 0.232642
vt 0.021050 0.231963
vt 0.021636 0.231018
vt 0.027616 0.231363
vt 0.037644 0.231592
vt 0.017777 0.231401
vt 0.015910 0.230660
vt 0.016581 0.229851
vt 0.018397 0.230533
vt 0.018960 0.229400
vt 0.022141 0.229661
vt 0.017274 0.228882
vt 0.017830 0.227965
vt 0.019184 0.227943
vt 0.022384 0.227797
vt 0.028108 0.229827
vt 0.038119 0.229925
vt 0.028406 0.227620
vt 0.038459 0.227459
vt 0.014118 0.229717
vt 0.012418 0.228584
vt 0.013252 0.227753
vt 0.014874 0.228912
vt 0.010825 0.227272
vt 0.009355 0.225794
vt 0.010227 0.224908
vt 0.011694 0.226409
vt 0.012915 0.225236
vt 0.014387 0.226693
vt 0.011436 0.223648
vt 0.013033 0.221942
vt 0.014548 0.223716
vt 0.015909 0.225436
vt 0.015795 0.227944
vt 0.017046 0.226959
vt 0.008025 0.224161
vt 0.006845 0.222391
vt 0.007666 0.221547
vt 0.008876 0.223278
vt 0.005825 0.220502
vt 0.004976 0.218511
vt 0.005775 0.217844
vt 0.006621 0.219743
vt 0.007560 0.218794
vt 0.008693 0.220366
vt 0.006711 0.217145
vt 0.007577 0.216573
vt 0.008501 0.217464
vt 0.009884 0.218742
vt 0.010007 0.222004
vt 0.011437 0.220259
vt 0.004309 0.216437
vt 0.003804 0.213000
vt 0.004728 0.212429
vt 0.005162 0.215828
vt 0.003438 0.206922
vt 0.003192 0.196923
vt 0.004212 0.196429
vt 0.004418 0.206381
vt 0.005875 0.205911
vt 0.006021 0.211947
vt 0.005786 0.195971
vt 0.008068 0.195651
vt 0.007923 0.205644
vt 0.007759 0.211744
vt 0.006249 0.215277
vt 0.007615 0.215088
vt 0.003044 0.181724
vt 0.002971 0.162626
vt 0.004027 0.162338
vt 0.004089 0.181318
vt 0.002946 0.140928
vt 0.002946 0.117931
vt 0.004006 0.117931
vt 0.004006 0.140779
vt 0.005698 0.140631
vt 0.005707 0.162054
vt 0.005698 0.117931
vt 0.008212 0.117931
vt 0.008212 0.140507
vt 0.008198 0.161824
vt 0.005733 0.180926
vt 0.008154 0.180625
vt 0.003438 0.028940
vt 0.003192 0.038939
vt 0.003804 0.022861
vt 0.004728 0.023433
vt 0.004418 0.029481
vt 0.004212 0.039433
vt 0.004309 0.019425
vt 0.004976 0.017350
vt 0.005775 0.018018
vt 0.005162 0.020033
vt 0.006249 0.020584
vt 0.006021 0.023914
vt 0.006711 0.018717
vt 0.007577 0.019289
vt 0.007615 0.020774
vt 0.007759 0.024118
vt 0.005875 0.029950
vt 0.005786 0.039891
vt 0.007923 0.030217
vt 0.008068 0.040211
vt 0.005825 0.015360
vt 0.006845 0.013471
vt 0.007666 0.014315
vt 0.006621 0.016119
vt 0.008025 0.011701
vt 0.009355 0.010068
vt 0.010227 0.010953
vt 0.008876 0.012584
vt 0.010007 0.013857
vt 0.008693 0.015496
vt 0.011436 0.012214
vt 0.013033 0.013920
vt 0.011437 0.015602
vt 0.009884 0.017120
vt 0.007560 0.017068
vt 0.008501 0.018398
vt 0.010825 0.008590
vt 0.012418 0.007278
vt 0.013252 0.008109
vt 0.011694 0.009453
vt 0.014118 0.006145
vt 0.015910 0.005202
vt 0.016581 0.006011
vt 0.014874 0.006950
vt 0.015795 0.007918
vt 0.014387 0.009169
vt 0.017274 0.006980
vt 0.017830 0.007896
vt 0.017046 0.008903
vt 0.015909 0.010426
vt 0.012915 0.010626
vt 0.014548 0.012146
vt 0.017777 0.004461
vt 0.021050 0.003899
vt 0.021636 0.004843
vt 0.018397 0.005328
vt 0.027059 0.003493
vt 0.037136 0.003219
vt 0.037644 0.004270
vt 0.027616 0.004499
vt 0.028108 0.006035
vt 0.022141 0.006200
vt 0.038119 0.005936
vt 0.038459 0.008402
vt 0.028406 0.008242
vt 0.022384 0.008064
vt 0.018960 0.006461
vt 0.019184 0.007919
vt 0.117931 0.008563
vt 0.117931 0.005838
vt 0.141198 0.005838
vt 0.141071 0.008563
vt 0.117931 0.004041
vt 0.141351 0.004041
vt 0.163431 0.004064
vt 0.163139 0.005848
vt 0.162902 0.008547
vt 0.117931 0.002946
vt 0.141503 0.002946
vt 0.163726 0.002973
vt 0.183250 0.003055
vt 0.182833 0.004133
vt 0.198725 0.003219
vt 0.198218 0.004270
vt 0.182430 0.005877
vt 0.182116 0.008499
vt 0.197743 0.005936
vt 0.197403 0.008402
vt 0.208802 0.003493
vt 0.214812 0.003899
vt 0.214225 0.004843
vt 0.208246 0.004499
vt 0.218085 0.004461
vt 0.219952 0.005202
vt 0.219280 0.006011
vt 0.217465 0.005328
vt 0.216902 0.006461
vt 0.213720 0.006200
vt 0.218588 0.006980
vt 0.218031 0.007896
vt 0.216677 0.007919
vt 0.213478 0.008064
vt 0.207754 0.006035
vt 0.207455 0.008242
vt 0.221743 0.006145
vt 0.223444 0.007278
vt 0.222610 0.008109
vt 0.220988 0.006950
vt 0.225037 0.008590
vt 0.226506 0.010068
vt 0.225635 0.010953
vt 0.224167 0.009453
vt 0.222946 0.010626
vt 0.221474 0.009169
vt 0.224426 0.012214
vt 0.222828 0.013920
vt 0.221314 0.012146
vt 0.219953 0.010426
vt 0.220066 0.007918
vt 0.218816 0.008903
vt 0.227837 0.011701
vt 0.229017 0.013471
vt 0.228195 0.014315
vt 0.226985 0.012584
vt 0.230037 0.015360
vt 0.230886 0.017350
vt 0.230086 0.018018
vt 0.229240 0.016119
vt 0.228302 0.017068
vt 0.227169 0.015496
vt 0.229151 0.018717
vt 0.228285 0.019289
vt 0.227361 0.018398
vt 0.225977 0.017120
vt 0.225855 0.013857
vt 0.224425 0.015602
vt 0.231552 0.019425
vt 0.232058 0.022861
vt 0.231134 0.023433
vt 0.230700 0.020033
vt 0.232423 0.028940
vt 0.232670 0.038939
vt 0.231650 0.039433
vt 0.231444 0.029481
vt 0.229987 0.029950
vt 0.229840 0.023914
vt 0.230075 0.039891
vt 0.227794 0.040211
vt 0.227939 0.030217
vt 0.228103 0.024118
vt 0.229613 0.020584
vt 0.228247 0.020774
vt 0.227649 0.117931
vt 0.230164 0.117931
vt 0.230164 0.140631
vt 0.227649 0.140507
vt 0.231856 0.117931
vt 0.231856 0.140779
vt 0.231835 0.162338
vt 0.230155 0.162054
vt 0.227664 0.161824
vt 0.232916 0.117931
vt 0.232916 0.140928
vt 0.232891 0.162626
vt 0.232817 0.181724
vt 0.231773 0.181318
vt 0.232670 0.196923
vt 0.231650 0.196429
vt 0.230129 0.180926
vt 0.227707 0.180625
vt 0.230075 0.195971
vt 0.232423 0.206922
vt 0.232058 0.213000
vt 0.231134 0.212429
vt 0.231444 0.206381
vt 0.231552 0.216437
vt 0.230700 0.215828
vt 0.229613 0.215277
vt 0.229840 0.211947
vt 0.229987 0.205911
vt 0.236031 0.197316
vt 0.235882 0.182038
vt 0.236502 0.181694
vt 0.236650 0.196890
vt 0.235808 0.162841
vt 0.236428 0.162599
vt 0.237484 0.162312
vt 0.237546 0.181288
vt 0.237670 0.196396
vt 0.235783 0.141029
vt 0.236404 0.140905
vt 0.235783 0.117912
vt 0.236404 0.117912
vt 0.237464 0.117912
vt 0.237464 0.140756
vt 0.239155 0.140608
vt 0.239164 0.162028
vt 0.239155 0.117912
vt 0.241669 0.117912
vt 0.241669 0.140483
vt 0.241655 0.161797
vt 0.239191 0.180897
vt 0.239244 0.195938
vt 0.241611 0.180595
vt 0.241525 0.195619
vt 0.236031 0.038507
vt 0.236278 0.028455
vt 0.236896 0.028936
vt 0.236650 0.038933
vt 0.236646 0.022345
vt 0.237261 0.022858
vt 0.238185 0.023429
vt 0.237876 0.029476
vt 0.237670 0.039427
vt 0.237154 0.018890
vt 0.237767 0.019422
vt 0.237824 0.016805
vt 0.238434 0.017348
vt 0.239233 0.018015
vt 0.238620 0.020030
vt 0.239706 0.020581
vt 0.239479 0.023911
vt 0.240168 0.018714
vt 0.241034 0.019286
vt 0.241072 0.020771
vt 0.241216 0.024114
vt 0.239332 0.029946
vt 0.239244 0.039885
vt 0.241380 0.030212
vt 0.241525 0.040204
vt 0.238677 0.014804
vt 0.239282 0.015357
vt 0.239702 0.012905
vt 0.240302 0.013469
vt 0.241123 0.014313
vt 0.240079 0.016116
vt 0.240889 0.011126
vt 0.241482 0.011699
vt 0.242226 0.009484
vt 0.242812 0.010066
vt 0.243684 0.010952
vt 0.242333 0.012582
vt 0.243463 0.013856
vt 0.242150 0.015494
vt 0.244892 0.012212
vt 0.246490 0.013918
vt 0.244894 0.015600
vt 0.243341 0.017117
vt 0.241017 0.017066
vt 0.241958 0.018395
vt 0.243704 0.007998
vt 0.244282 0.008588
vt 0.245305 0.006680
vt 0.245874 0.007277
vt 0.246708 0.008108
vt 0.245151 0.009451
vt 0.247014 0.005541
vt 0.247574 0.006144
vt 0.248815 0.004593
vt 0.249365 0.005201
vt 0.250037 0.006010
vt 0.248329 0.006949
vt 0.249251 0.007917
vt 0.247843 0.009167
vt 0.250730 0.006979
vt 0.251286 0.007895
vt 0.250501 0.008902
vt 0.249365 0.010424
vt 0.246372 0.010624
vt 0.248004 0.012144
vt 0.250692 0.003848
vt 0.251232 0.004460
vt 0.253982 0.003283
vt 0.254505 0.003899
vt 0.255091 0.004843
vt 0.251852 0.005328
vt 0.260023 0.002875
vt 0.260513 0.003493
vt 0.270153 0.002600
vt 0.270589 0.003219
vt 0.271096 0.004270
vt 0.261070 0.004498
vt 0.261562 0.006034
vt 0.255596 0.006200
vt 0.271571 0.005936
vt 0.271911 0.008401
vt 0.261860 0.008241
vt 0.255838 0.008063
vt 0.252415 0.006461
vt 0.252640 0.007918
vt 0.285709 0.002435
vt 0.286061 0.003055
vt 0.305335 0.002353
vt 0.305582 0.002973
vt 0.305877 0.004064
vt 0.286478 0.004132
vt 0.327674 0.002325
vt 0.327801 0.002946
vt 0.351370 0.002325
vt 0.351370 0.002946
vt 0.351370 0.004041
vt 0.327954 0.004041
vt 0.328106 0.005837
vt 0.306168 0.005847
vt 0.351370 0.005837
vt 0.351370 0.008562
vt 0.328233 0.008562
vt 0.306406 0.008546
vt 0.286882 0.005877
vt 0.287196 0.008498
vt 0.432587 0.002600
vt 0.442716 0.002875
vt 0.442226 0.003493
vt 0.432151 0.003219
vt 0.448757 0.003283
vt 0.448235 0.003899
vt 0.447648 0.004843
vt 0.441670 0.004498
vt 0.431643 0.004270
vt 0.452047 0.003848
vt 0.451507 0.004460
vt 0.453924 0.004593
vt 0.453374 0.005201
vt 0.452702 0.006010
vt 0.450887 0.005328
vt 0.450324 0.006461
vt 0.447143 0.006200
vt 0.452010 0.006979
vt 0.451453 0.007895
vt 0.450100 0.007918
vt 0.446901 0.008063
vt 0.441177 0.006034
vt 0.431168 0.005936
vt 0.440879 0.008241
vt 0.430829 0.008401
vt 0.455725 0.005541
vt 0.455165 0.006144
vt 0.457434 0.006680
vt 0.456865 0.007277
vt 0.456031 0.008108
vt 0.454410 0.006949
vt 0.459035 0.007998
vt 0.458457 0.008588
vt 0.460513 0.009484
vt 0.459927 0.010066
vt 0.459055 0.010952
vt 0.457588 0.009451
vt 0.456368 0.010624
vt 0.454896 0.009167
vt 0.457847 0.012212
vt 0.456250 0.013918
vt 0.454735 0.012144
vt 0.453374 0.010424
vt 0.453488 0.007917
vt 0.452238 0.008902
vt 0.461850 0.011126
vt 0.461257 0.011699
vt 0.463037 0.012905
vt 0.462437 0.013469
vt 0.461616 0.014313
vt 0.460406 0.012582
vt 0.464062 0.014804
vt 0.463457 0.015357
vt 0.464915 0.016805
vt 0.464306 0.017348
vt 0.463506 0.018015
vt 0.462660 0.016116
vt 0.461722 0.017066
vt 0.460589 0.015494
vt 0.462571 0.018714
vt 0.461705 0.019286
vt 0.460782 0.018395
vt 0.459398 0.017117
vt 0.459276 0.013856
vt 0.457846 0.015600
vt 0.465585 0.018890
vt 0.464972 0.019422
vt 0.466094 0.022345
vt 0.465478 0.022858
vt 0.464554 0.023429
vt 0.464120 0.020030
vt 0.466461 0.028455
vt 0.465843 0.028936
vt 0.466708 0.038507
vt 0.466089 0.038933
vt 0.465069 0.039427
vt 0.464864 0.029476
vt 0.463407 0.029946
vt 0.463261 0.023911
vt 0.463496 0.039885
vt 0.461214 0.040204
vt 0.461359 0.030212
vt 0.461523 0.024114
vt 0.463033 0.020581
vt 0.461667 0.020771
vt 0.463584 0.117912
vt 0.463584 0.140608
vt 0.465275 0.117912
vt 0.465275 0.140756
vt 0.465255 0.162312
vt 0.463575 0.162028
vt 0.466335 0.117912
vt 0.466335 0.140905
vt 0.466956 0.117912
vt 0.466956 0.141029
vt 0.466931 0.162841
vt 0.466311 0.162599
vt 0.466237 0.181694
vt 0.465193 0.181288
vt 0.466857 0.182038
vt 0.466708 0.197316
vt 0.466089 0.196890
vt 0.465069 0.196396
vt 0.463549 0.180897
vt 0.463496 0.195938
vt 0.466461 0.207368
vt 0.465843 0.206888
vt 0.466094 0.213478
vt 0.465478 0.212965
vt 0.464554 0.212394
vt 0.464864 0.206347
vt 0.465585 0.216933
vt 0.464972 0.216401
vt 0.464915 0.219018
vt 0.464306 0.218475
vt 0.463506 0.217808
vt 0.464120 0.215793
vt 0.463033 0.215242
vt 0.463261 0.211912
vt 0.462571 0.217109
vt 0.461705 0.216537
vt 0.461667 0.215052
vt 0.461523 0.211709
vt 0.463407 0.205877
vt 0.461359 0.205611
vt 0.464062 0.221019
vt 0.463457 0.220466
vt 0.463037 0.222918
vt 0.462437 0.222354
vt 0.461616 0.221510
vt 0.462661 0.219707
vt 0.461850 0.224697
vt 0.461257 0.224124
vt 0.460513 0.226339
vt 0.459927 0.225757
vt 0.459055 0.224871
vt 0.460406 0.223241
vt 0.459276 0.221968
vt 0.460589 0.220329
vt 0.457847 0.223611
vt 0.456250 0.221905
vt 0.457846 0.220223
vt 0.459398 0.218706
vt 0.461722 0.218757
vt 0.460782 0.217428
vt 0.459035 0.227825
vt 0.458457 0.227235
vt 0.457434 0.229143
vt 0.456865 0.228546
vt 0.456031 0.227715
vt 0.457588 0.226372
vt 0.455725 0.230282
vt 0.455165 0.229679
vt 0.453924 0.231230
vt 0.453374 0.230622
vt 0.452702 0.229813
vt 0.454410 0.228874
vt 0.453488 0.227906
vt 0.454896 0.226656
vt 0.452010 0.228844
vt 0.451453 0.227928
vt 0.452238 0.226921
vt 0.453374 0.225399
vt 0.456368 0.225199
vt 0.454735 0.223679
vt 0.452047 0.231975
vt 0.451507 0.231363
vt 0.448757 0.232540
vt 0.448235 0.231924
vt 0.447648 0.230980
vt 0.450887 0.230495
vt 0.442716 0.232948
vt 0.442226 0.232331
vt 0.432587 0.233223
vt 0.432151 0.232604
vt 0.431643 0.231553
vt 0.441670 0.231325
vt 0.441177 0.229789
vt 0.447143 0.229624
vt 0.431168 0.229887
vt 0.430829 0.227422
vt 0.440879 0.227583
vt 0.446901 0.227760
vt 0.450324 0.229363
vt 0.450100 0.227905
vt 0.351370 0.227261
vt 0.351370 0.229986
vt 0.328106 0.229986
vt 0.328233 0.227261
vt 0.351370 0.231782
vt 0.327954 0.231782
vt 0.305877 0.231759
vt 0.306168 0.229976
vt 0.306406 0.227277
vt 0.351370 0.232877
vt 0.327801 0.232877
vt 0.351370 0.233498
vt 0.327674 0.233498
vt 0.305335 0.233470
vt 0.305582 0.232850
vt 0.286061 0.232768
vt 0.286478 0.231691
vt 0.285709 0.233388
vt 0.270153 0.233223
vt 0.270589 0.232604
vt 0.271096 0.231553
vt 0.286882 0.229946
vt 0.287196 0.227325
vt 0.271571 0.229887
vt 0.271911 0.227422
vt 0.260023 0.232948
vt 0.260513 0.232331
vt 0.253982 0.232540
vt 0.254504 0.231924
vt 0.255091 0.230980
vt 0.261070 0.231325
vt 0.250692 0.231975
vt 0.251232 0.231363
vt 0.248815 0.231230
vt 0.249365 0.230622
vt 0.250037 0.229813
vt 0.251852 0.230495
vt 0.252415 0.229363
vt 0.255596 0.229624
vt 0.250730 0.228844
vt 0.251286 0.227928
vt 0.252640 0.227905
vt 0.255838 0.227760
vt 0.261562 0.229789
vt 0.261860 0.227583
vt 0.247014 0.230282
vt 0.247574 0.229679
vt 0.245305 0.229143
vt 0.245874 0.228546
vt 0.246708 0.227715
vt 0.248329 0.228874
vt 0.243704 0.227825
vt 0.244282 0.227235
vt 0.242226 0.226339
vt 0.242812 0.225757
vt 0.243684 0.224871
vt 0.245151 0.226372
vt 0.246372 0.225199
vt 0.247843 0.226656
vt 0.244892 0.223611
vt 0.246490 0.221905
vt 0.248004 0.223679
vt 0.249365 0.225399
vt 0.249251 0.227906
vt 0.250501 0.226921
vt 0.240889 0.224697
vt 0.241482 0.224124
vt 0.239702 0.222918
vt 0.240302 0.222354
vt 0.241123 0.221510
vt 0.242333 0.223241
vt 0.238677 0.221019
vt 0.239282 0.220466
vt 0.237824 0.219018
vt 0.238434 0.218475
vt 0.239233 0.217808
vt 0.240079 0.219707
vt 0.241017 0.218757
vt 0.242150 0.220329
vt 0.240168 0.217109
vt 0.241034 0.216537
vt 0.241957 0.217428
vt 0.243341 0.218706
vt 0.243463 0.221968
vt 0.244894 0.220223
vt 0.237154 0.216933
vt 0.237767 0.216401
vt 0.236646 0.213478
vt 0.237261 0.212965
vt 0.238185 0.212394
vt 0.238620 0.215793
vt 0.236278 0.207368
vt 0.236896 0.206888
vt 0.237876 0.206347
vt 0.239332 0.205877
vt 0.239479 0.211912
vt 0.241380 0.205611
vt 0.241216 0.211709
vt 0.239706 0.215242
vt 0.241072 0.215052
vt 0.224333 0.180489
vt 0.219269 0.180783
vt 0.218848 0.161724
vt 0.224173 0.161697
vt 0.211780 0.181769
vt 0.200363 0.182515
vt 0.199157 0.162141
vt 0.210852 0.161955
vt 0.210542 0.140382
vt 0.218708 0.140395
vt 0.198756 0.140382
vt 0.198756 0.117931
vt 0.210542 0.117931
vt 0.218708 0.117931
vt 0.224120 0.140432
vt 0.224120 0.117931
vt 0.454213 0.219683
vt 0.456095 0.217926
vt 0.451010 0.216264
vt 0.453693 0.214162
vt 0.456616 0.212769
vt 0.458082 0.216532
vt 0.445918 0.210966
vt 0.450311 0.208013
vt 0.454978 0.206379
vt 0.458605 0.205678
vt 0.459267 0.211973
vt 0.459978 0.215528
vt 0.454213 0.016140
vt 0.452631 0.014049
vt 0.451010 0.019559
vt 0.449081 0.016634
vt 0.447810 0.013440
vt 0.451382 0.011847
vt 0.445918 0.024857
vt 0.443109 0.020198
vt 0.436878 0.034038
vt 0.432905 0.023545
vt 0.431280 0.016745
vt 0.441550 0.015207
vt 0.440905 0.011260
vt 0.447103 0.010530
vt 0.430727 0.011850
vt 0.450495 0.009758
vt 0.220791 0.016142
vt 0.219209 0.014051
vt 0.217588 0.019562
vt 0.215658 0.016637
vt 0.214387 0.013442
vt 0.217960 0.011849
vt 0.212495 0.024861
vt 0.209686 0.020200
vt 0.203454 0.034044
vt 0.199480 0.023549
vt 0.197855 0.016747
vt 0.208126 0.015209
vt 0.207481 0.011261
vt 0.213680 0.010531
vt 0.197301 0.011852
vt 0.217073 0.009760
vt 0.032408 0.201818
vt 0.036382 0.212313
vt 0.026176 0.215661
vt 0.023367 0.211001
vt 0.038007 0.219115
vt 0.027736 0.220653
vt 0.021474 0.222420
vt 0.020203 0.219225
vt 0.018273 0.216300
vt 0.038560 0.224010
vt 0.028381 0.224600
vt 0.022181 0.225330
vt 0.018789 0.226102
vt 0.017902 0.224013
vt 0.016652 0.221811
vt 0.015071 0.219719
vt 0.011742 0.117931
vt 0.011742 0.140432
vt 0.017154 0.117931
vt 0.017154 0.140395
vt 0.017014 0.161724
vt 0.011688 0.161697
vt 0.025319 0.117931
vt 0.025319 0.140382
vt 0.037106 0.117931
vt 0.037106 0.140382
vt 0.036704 0.162141
vt 0.025010 0.161955
vt 0.024082 0.181769
vt 0.016592 0.180783
vt 0.035499 0.182515
vt 0.022186 0.197807
vt 0.015740 0.196153
vt 0.011529 0.180489
vt 0.011210 0.195573
vt 0.015071 0.016142
vt 0.013188 0.017899
vt 0.018273 0.019562
vt 0.015590 0.021665
vt 0.012667 0.023057
vt 0.011201 0.019294
vt 0.023367 0.024861
vt 0.018973 0.027815
vt 0.032408 0.034044
vt 0.022186 0.038055
vt 0.015740 0.039709
vt 0.014306 0.029449
vt 0.010678 0.030150
vt 0.010015 0.023854
vt 0.011210 0.040288
vt 0.009304 0.020298
vt 0.199480 0.212313
vt 0.183229 0.210374
vt 0.183964 0.198787
vt 0.197855 0.219115
vt 0.182251 0.218209
vt 0.162793 0.217767
vt 0.163021 0.209448
vt 0.163205 0.197606
vt 0.197301 0.224010
vt 0.181968 0.223655
vt 0.162770 0.223478
vt 0.140994 0.223419
vt 0.140956 0.217620
vt 0.117931 0.223419
vt 0.117931 0.217620
vt 0.140944 0.209139
vt 0.140944 0.197212
vt 0.117931 0.209139
vt 0.117931 0.197212
vt 0.117931 0.117931
vt 0.140944 0.117931
vt 0.140944 0.140382
vt 0.117931 0.140382
vt 0.162834 0.117931
vt 0.162834 0.140382
vt 0.162899 0.161845
vt 0.140944 0.161781
vt 0.117931 0.161781
vt 0.182479 0.117931
vt 0.182479 0.140382
vt 0.182738 0.162035
vt 0.183517 0.182089
vt 0.163093 0.181329
vt 0.140944 0.181076
vt 0.117931 0.181076
vt 0.181968 0.012207
vt 0.182251 0.017653
vt 0.162793 0.018094
vt 0.162770 0.012384
vt 0.183229 0.025488
vt 0.183964 0.037074
vt 0.163205 0.038256
vt 0.163021 0.026414
vt 0.140944 0.026722
vt 0.140956 0.018242
vt 0.140944 0.038649
vt 0.117931 0.038649
vt 0.117931 0.026722
vt 0.117931 0.018242
vt 0.140994 0.012443
vt 0.117931 0.012443
vt 0.248527 0.219683
vt 0.250108 0.221774
vt 0.251729 0.216264
vt 0.253658 0.219189
vt 0.254929 0.222383
vt 0.251357 0.223976
vt 0.256821 0.210966
vt 0.259630 0.215626
vt 0.265861 0.201785
vt 0.269834 0.212278
vt 0.271459 0.219078
vt 0.261189 0.220616
vt 0.261834 0.224563
vt 0.255636 0.225293
vt 0.272012 0.223973
vt 0.252244 0.226065
vt 0.244985 0.180460
vt 0.244666 0.195541
vt 0.245145 0.161670
vt 0.250469 0.161697
vt 0.250048 0.180753
vt 0.249196 0.196121
vt 0.245198 0.140409
vt 0.245198 0.117912
vt 0.250610 0.117912
vt 0.250610 0.140372
vt 0.258773 0.140359
vt 0.258464 0.161928
vt 0.258773 0.117912
vt 0.270558 0.117912
vt 0.270558 0.140359
vt 0.270156 0.162115
vt 0.257536 0.181740
vt 0.255641 0.197774
vt 0.268952 0.182485
vt 0.248527 0.016140
vt 0.246645 0.017897
vt 0.251729 0.019559
vt 0.249046 0.021661
vt 0.246123 0.023054
vt 0.244658 0.019291
vt 0.256821 0.024857
vt 0.252428 0.027810
vt 0.265861 0.034038
vt 0.255641 0.038049
vt 0.249196 0.039702
vt 0.247762 0.029444
vt 0.244134 0.030145
vt 0.243472 0.023850
vt 0.244666 0.040282
vt 0.242761 0.020295
vt 0.351370 0.012441
vt 0.328310 0.012441
vt 0.351370 0.018239
vt 0.328348 0.018239
vt 0.306515 0.018092
vt 0.306538 0.012382
vt 0.351370 0.026718
vt 0.328361 0.026718
vt 0.351370 0.038643
vt 0.328361 0.038643
vt 0.306103 0.038250
vt 0.306287 0.026410
vt 0.286082 0.025484
vt 0.287060 0.017650
vt 0.285348 0.037069
vt 0.269834 0.023545
vt 0.271459 0.016745
vt 0.287343 0.012205
vt 0.272012 0.011850
vt 0.285795 0.182059
vt 0.285347 0.198755
vt 0.286573 0.162008
vt 0.306409 0.161818
vt 0.306215 0.181299
vt 0.306103 0.197574
vt 0.286833 0.140359
vt 0.286833 0.117912
vt 0.306474 0.117912
vt 0.306474 0.140359
vt 0.328361 0.140359
vt 0.328361 0.161755
vt 0.328361 0.117912
vt 0.351370 0.117912
vt 0.351370 0.140359
vt 0.351370 0.161755
vt 0.328361 0.181046
vt 0.328361 0.197180
vt 0.351370 0.181046
vt 0.351370 0.197180
vt 0.287343 0.223618
vt 0.287060 0.218173
vt 0.306515 0.217731
vt 0.306538 0.223441
vt 0.286082 0.210339
vt 0.306287 0.209413
vt 0.328361 0.209105
vt 0.328348 0.217584
vt 0.351370 0.209105
vt 0.351370 0.217584
vt 0.328310 0.223382
vt 0.351370 0.223382
vt 0.018973 0.208047
vt 0.015590 0.214197
vt 0.012667 0.212804
vt 0.014306 0.206413
vt 0.013188 0.217962
vt 0.011201 0.216568
vt 0.009304 0.215564
vt 0.010015 0.212008
vt 0.010678 0.205712
vt 0.209686 0.215661
vt 0.215658 0.219225
vt 0.214387 0.222420
vt 0.208126 0.220653
vt 0.219209 0.221811
vt 0.217960 0.224013
vt 0.217073 0.226102
vt 0.213680 0.225330
vt 0.207481 0.224600
vt 0.224652 0.040288
vt 0.225184 0.030150
vt 0.220122 0.039709
vt 0.221556 0.029449
vt 0.223195 0.023057
vt 0.225846 0.023854
vt 0.213676 0.038055
vt 0.216889 0.027815
vt 0.220271 0.021665
vt 0.222673 0.017899
vt 0.224661 0.019294
vt 0.226557 0.020298
vt 0.038560 0.011852
vt 0.028381 0.011261
vt 0.038007 0.016747
vt 0.027736 0.015209
vt 0.021474 0.013442
vt 0.022181 0.010531
vt 0.036382 0.023549
vt 0.026176 0.020200
vt 0.020203 0.016637
vt 0.016652 0.014051
vt 0.017902 0.011849
vt 0.018789 0.009760
vt 0.458073 0.040282
vt 0.458605 0.030145
vt 0.453544 0.039702
vt 0.454978 0.029444
vt 0.456616 0.023054
vt 0.459267 0.023850
vt 0.447098 0.038049
vt 0.450311 0.027810
vt 0.453693 0.021661
vt 0.456095 0.017897
vt 0.458082 0.019291
vt 0.459978 0.020295
vt 0.261834 0.011260
vt 0.261189 0.015207
vt 0.254929 0.013440
vt 0.255636 0.010530
vt 0.259630 0.020198
vt 0.253658 0.016634
vt 0.250108 0.014049
vt 0.251357 0.011847
vt 0.252244 0.009758
vt 0.244134 0.205678
vt 0.247762 0.206379
vt 0.246123 0.212769
vt 0.243472 0.211973
vt 0.252428 0.208013
vt 0.249046 0.214162
vt 0.246645 0.217926
vt 0.244658 0.216532
vt 0.242761 0.215528
vt 0.430727 0.223973
vt 0.440905 0.224563
vt 0.431280 0.219078
vt 0.441550 0.220616
vt 0.447810 0.222383
vt 0.447103 0.225293
vt 0.432905 0.212278
vt 0.443109 0.215626
vt 0.449081 0.219189
vt 0.452631 0.221774
vt 0.451382 0.223976
vt 0.450495 0.226065
vt 0.374633 0.005837
vt 0.374506 0.008562
vt 0.374785 0.004041
vt 0.396862 0.004064
vt 0.396571 0.005847
vt 0.396333 0.008546
vt 0.374938 0.002946
vt 0.375065 0.002325
vt 0.397404 0.002353
vt 0.397157 0.002973
vt 0.416678 0.003055
vt 0.416261 0.004132
vt 0.417030 0.002435
vt 0.415858 0.005877
vt 0.415544 0.008498
vt 0.415396 0.012205
vt 0.415679 0.017650
vt 0.396224 0.018092
vt 0.396201 0.012382
vt 0.416657 0.025484
vt 0.417392 0.037069
vt 0.396636 0.038250
vt 0.396453 0.026410
vt 0.374379 0.026718
vt 0.374391 0.018239
vt 0.374379 0.038643
vt 0.374429 0.012441
vt 0.374379 0.181046
vt 0.374379 0.197180
vt 0.374379 0.161755
vt 0.396330 0.161818
vt 0.396524 0.181299
vt 0.396636 0.197574
vt 0.374379 0.140359
vt 0.374379 0.117912
vt 0.396265 0.117912
vt 0.396265 0.140359
vt 0.415907 0.140359
vt 0.416166 0.162008
vt 0.415907 0.117912
vt 0.416945 0.182059
vt 0.417392 0.198755
vt 0.374429 0.223382
vt 0.374506 0.227261
vt 0.374391 0.217584
vt 0.396224 0.217731
vt 0.396201 0.223441
vt 0.396333 0.227277
vt 0.374379 0.209105
vt 0.396453 0.209413
vt 0.416657 0.210339
vt 0.415679 0.218173
vt 0.415396 0.223618
vt 0.415544 0.227325
vt 0.417030 0.233388
vt 0.416678 0.232768
vt 0.397404 0.233470
vt 0.397157 0.232850
vt 0.396862 0.231759
vt 0.416261 0.231691
vt 0.375065 0.233498
vt 0.374938 0.232877
vt 0.374785 0.231782
vt 0.374633 0.229986
vt 0.396571 0.229976
vt 0.415858 0.229946
vt 0.001953 0.237908
vt 0.031239 0.237822
vt 0.031239 0.238157
vt 0.001953 0.238182
vt 0.058814 0.237795
vt 0.058814 0.238139
vt 0.059028 0.238445
vt 0.031239 0.238450
vt 0.001953 0.238456
vt 0.084677 0.237785
vt 0.084677 0.238133
vt 0.084677 0.238444
vt 0.084677 0.238730
vt 0.059670 0.238730
vt 0.052048 0.233798
vt 0.052259 0.233426
vt 0.071740 0.233881
vt 0.071888 0.233509
vt 0.031239 0.238730
vt 0.001953 0.238730
vt 0.094155 0.233909
vt 0.094231 0.233536
vt 0.094664 0.230024
vt 0.094791 0.227298
vt 0.094511 0.231820
vt 0.072430 0.231797
vt 0.072722 0.230014
vt 0.072960 0.227315
vt 0.094358 0.232916
vt 0.072136 0.232888
vt 0.052612 0.232806
vt 0.053028 0.231729
vt 0.053432 0.229984
vt 0.053746 0.227363
vt 0.094918 0.209139
vt 0.094918 0.197212
vt 0.094905 0.217620
vt 0.073069 0.217767
vt 0.072840 0.209448
vt 0.072657 0.197606
vt 0.094867 0.223419
vt 0.073092 0.223478
vt 0.053894 0.223655
vt 0.053610 0.218209
vt 0.052632 0.210374
vt 0.051898 0.198787
vt 0.053383 0.117931
vt 0.053383 0.140382
vt 0.073028 0.117931
vt 0.073028 0.140382
vt 0.072963 0.161845
vt 0.053124 0.162035
vt 0.094918 0.117931
vt 0.094918 0.140382
vt 0.094918 0.161781
vt 0.094918 0.181076
vt 0.072768 0.181329
vt 0.052345 0.182089
vt 0.094867 0.012443
vt 0.094791 0.008563
vt 0.094905 0.018242
vt 0.073069 0.018094
vt 0.073092 0.012384
vt 0.072960 0.008547
vt 0.094918 0.026722
vt 0.094918 0.038649
vt 0.072657 0.038256
vt 0.072840 0.026414
vt 0.052632 0.025488
vt 0.053610 0.017653
vt 0.051898 0.037074
vt 0.053894 0.012207
vt 0.053746 0.008499
vt 0.052259 0.002435
vt 0.052612 0.003055
vt 0.071888 0.002353
vt 0.072136 0.002973
vt 0.072430 0.004064
vt 0.053028 0.004133
vt 0.094231 0.002325
vt 0.094358 0.002946
vt 0.094511 0.004041
vt 0.094664 0.005838
vt 0.072722 0.005848
vt 0.053432 0.005877
vt 0.052048 0.002064
vt 0.417276 0.238444
vt 0.417276 0.238730
vt 0.442711 0.238444
vt 0.442711 0.238730
vt 0.071740 0.001981
vt 0.417276 0.238133
vt 0.417276 0.237785
vt 0.442711 0.237785
vt 0.442711 0.238133
vt 0.470714 0.238133
vt 0.470714 0.238444
vt 0.470714 0.237785
vt 0.094155 0.001953
vt 0.470714 0.238730
vt 0.005698 0.095231
vt 0.008212 0.095355
vt 0.004006 0.095082
vt 0.004027 0.073523
vt 0.005707 0.073807
vt 0.008198 0.074038
vt 0.002946 0.094933
vt 0.002325 0.094809
vt 0.002350 0.072994
vt 0.002971 0.073236
vt 0.003044 0.054138
vt 0.004089 0.054543
vt 0.002424 0.053793
vt 0.005733 0.054935
vt 0.008154 0.055237
vt 0.035499 0.053346
vt 0.024082 0.054092
vt 0.036704 0.073720
vt 0.025010 0.073907
vt 0.017014 0.074138
vt 0.016592 0.055078
vt 0.037106 0.095479
vt 0.025319 0.095479
vt 0.017154 0.095467
vt 0.011742 0.095430
vt 0.011688 0.074165
vt 0.011529 0.055372
vt 0.117931 0.054786
vt 0.094918 0.054786
vt 0.117931 0.074080
vt 0.094918 0.074080
vt 0.072963 0.074017
vt 0.072768 0.054533
vt 0.117931 0.095479
vt 0.094918 0.095479
vt 0.073028 0.095479
vt 0.053383 0.095479
vt 0.053124 0.073827
vt 0.052345 0.053773
vt 0.200363 0.053346
vt 0.183517 0.053773
vt 0.199157 0.073720
vt 0.182738 0.073827
vt 0.162899 0.074017
vt 0.163093 0.054533
vt 0.198756 0.095479
vt 0.182479 0.095479
vt 0.162834 0.095479
vt 0.140944 0.095479
vt 0.140944 0.074080
vt 0.140944 0.054786
vt 0.224120 0.095430
vt 0.227649 0.095355
vt 0.218708 0.095467
vt 0.218848 0.074138
vt 0.224173 0.074165
vt 0.227664 0.074038
vt 0.210542 0.095479
vt 0.210852 0.073907
vt 0.211780 0.054092
vt 0.219269 0.055078
vt 0.224333 0.055372
vt 0.227707 0.055237
vt 0.233437 0.053793
vt 0.232817 0.054138
vt 0.233512 0.072994
vt 0.232891 0.073236
vt 0.231835 0.073523
vt 0.231773 0.054543
vt 0.233536 0.094809
vt 0.232916 0.094933
vt 0.231856 0.095082
vt 0.230164 0.095231
vt 0.230155 0.073807
vt 0.230129 0.054935
vt 0.233809 0.053587
vt 0.679087 0.238444
vt 0.679087 0.238730
vt 0.700624 0.238444
vt 0.700624 0.238730
vt 0.233884 0.072850
vt 0.679087 0.238133
vt 0.679087 0.237785
vt 0.700624 0.237785
vt 0.700624 0.238133
vt 0.724291 0.238133
vt 0.724291 0.238444
vt 0.724291 0.237785
vt 0.233909 0.094735
vt 0.724291 0.238730
vt 0.239155 0.095216
vt 0.241669 0.095340
vt 0.237464 0.095067
vt 0.237484 0.073511
vt 0.239164 0.073795
vt 0.241655 0.074026
vt 0.236404 0.094918
vt 0.235783 0.094794
vt 0.235808 0.072983
vt 0.236428 0.073224
vt 0.236502 0.054129
vt 0.237546 0.054535
vt 0.235882 0.053785
vt 0.239191 0.054926
vt 0.241611 0.055228
vt 0.258773 0.095464
vt 0.270558 0.095464
vt 0.250610 0.095451
vt 0.250469 0.074126
vt 0.258464 0.073895
vt 0.270157 0.073708
vt 0.245198 0.095414
vt 0.245145 0.074153
vt 0.244985 0.055363
vt 0.250048 0.055070
vt 0.257536 0.054084
vt 0.268952 0.053338
vt 0.328361 0.095464
vt 0.351370 0.095464
vt 0.306474 0.095464
vt 0.306409 0.074005
vt 0.328361 0.074068
vt 0.351370 0.074068
vt 0.286833 0.095464
vt 0.286573 0.073815
vt 0.285795 0.053764
vt 0.306215 0.054524
vt 0.328361 0.054777
vt 0.351370 0.054777
vt 0.415907 0.095464
vt 0.432181 0.095464
vt 0.396265 0.095464
vt 0.396330 0.074005
vt 0.416166 0.073815
vt 0.432583 0.073708
vt 0.374379 0.095464
vt 0.374379 0.074068
vt 0.374379 0.054777
vt 0.396524 0.054524
vt 0.416945 0.053764
vt 0.433788 0.053338
vt 0.457541 0.095414
vt 0.461070 0.095340
vt 0.452130 0.095451
vt 0.452270 0.074126
vt 0.457594 0.074153
vt 0.461084 0.074026
vt 0.443966 0.095464
vt 0.444275 0.073895
vt 0.445203 0.054084
vt 0.452691 0.055070
vt 0.457754 0.055363
vt 0.461128 0.055228
vt 0.466857 0.053785
vt 0.466237 0.054129
vt 0.466931 0.072983
vt 0.466311 0.073224
vt 0.465255 0.073511
vt 0.465193 0.054535
vt 0.466956 0.094794
vt 0.466335 0.094918
vt 0.465275 0.095067
vt 0.463584 0.095216
vt 0.463575 0.073795
vt 0.463549 0.054926
vt 0.001953 0.094735
vt 0.275709 0.238444
vt 0.275709 0.238730
vt 0.299376 0.238444
vt 0.299376 0.238730
vt 0.001978 0.072850
vt 0.275709 0.238133
vt 0.275709 0.237785
vt 0.299376 0.237785
vt 0.299376 0.238133
vt 0.320913 0.238133
vt 0.320913 0.238444
vt 0.320913 0.237785
vt 0.002052 0.053587
vt 0.320913 0.238730
vt 0.337833 0.236185
vt 0.347652 0.236185
vt 0.347652 0.236561
vt 0.337833 0.236561
vt 0.352862 0.236185
vt 0.352862 0.236561
vt 0.352862 0.236972
vt 0.347652 0.236972
vt 0.337833 0.236972
vt 0.355958 0.236185
vt 0.355958 0.236561
vt 0.358025 0.236185
vt 0.358025 0.236561
vt 0.358025 0.236972
vt 0.355958 0.236972
vt 0.355958 0.237389
vt 0.352862 0.237389
vt 0.358025 0.237389
vt 0.347652 0.237389
vt 0.337833 0.237389
vt 0.360147 0.236185
vt 0.360147 0.236561
vt 0.362306 0.236185
vt 0.362306 0.236561
vt 0.362306 0.236972
vt 0.360147 0.236972
vt 0.364474 0.236185
vt 0.364474 0.236561
vt 0.366645 0.236185
vt 0.366645 0.236561
vt 0.366645 0.236972
vt 0.364474 0.236972
vt 0.364474 0.237389
vt 0.362306 0.237389
vt 0.366645 0.237389
vt 0.360147 0.237389
vt 0.368803 0.236185
vt 0.368803 0.236561
vt 0.370947 0.236185
vt 0.370947 0.236561
vt 0.370947 0.236972
vt 0.368803 0.236972
vt 0.373062 0.236185
vt 0.373062 0.236561
vt 0.375124 0.236185
vt 0.375124 0.236561
vt 0.375124 0.236972
vt 0.373062 0.236972
vt 0.373062 0.237389
vt 0.370947 0.237389
vt 0.375124 0.237389
vt 0.368803 0.237389
vt 0.377110 0.236185
vt 0.377110 0.236561
vt 0.380328 0.236185
vt 0.380328 0.236561
vt 0.380328 0.236972
vt 0.377110 0.236972
vt 0.386090 0.236185
vt 0.386090 0.236561
vt 0.397404 0.236185
vt 0.397404 0.236561
vt 0.397404 0.236972
vt 0.386090 0.236972
vt 0.386090 0.237389
vt 0.380328 0.237389
vt 0.397404 0.237389
vt 0.377110 0.237389
vt 0.470714 0.237389
vt 0.500000 0.237389
vt 0.442711 0.237389
vt 0.442711 0.236972
vt 0.470714 0.236972
vt 0.500000 0.236972
vt 0.417276 0.237389
vt 0.417276 0.236972
vt 0.417276 0.236561
vt 0.442711 0.236561
vt 0.417276 0.236185
vt 0.442711 0.236185
vt 0.470714 0.236561
vt 0.500000 0.236561
vt 0.470714 0.236185
vt 0.500000 0.236185
vt 0.582724 0.237389
vt 0.602596 0.237389
vt 0.557289 0.237389
vt 0.557289 0.236972
vt 0.582724 0.236972
vt 0.602596 0.236972
vt 0.529286 0.237389
vt 0.529286 0.236972
vt 0.529286 0.236561
vt 0.557289 0.236561
vt 0.529286 0.236185
vt 0.557289 0.236185
vt 0.582724 0.236561
vt 0.602596 0.236561
vt 0.582724 0.236185
vt 0.602596 0.236185
vt 0.613910 0.236185
vt 0.613910 0.236561
vt 0.619672 0.236185
vt 0.619672 0.236561
vt 0.619672 0.236972
vt 0.613910 0.236972
vt 0.622890 0.236185
vt 0.622890 0.236561
vt 0.624876 0.236185
vt 0.624876 0.236561
vt 0.624876 0.236972
vt 0.622890 0.236972
vt 0.622890 0.237389
vt 0.619672 0.237389
vt 0.624876 0.237389
vt 0.613910 0.237389
vt 0.626938 0.236185
vt 0.626938 0.236561
vt 0.629053 0.236185
vt 0.629053 0.236561
vt 0.629053 0.236972
vt 0.626938 0.236972
vt 0.631195 0.236185
vt 0.631195 0.236561
vt 0.633355 0.236185
vt 0.633355 0.236561
vt 0.633355 0.236972
vt 0.631195 0.236972
vt 0.631195 0.237389
vt 0.629053 0.237389
vt 0.633355 0.237389
vt 0.626938 0.237389
vt 0.635526 0.236185
vt 0.635526 0.236561
vt 0.637694 0.236185
vt 0.637694 0.236561
vt 0.637694 0.236972
vt 0.635526 0.236972
vt 0.639841 0.236185
vt 0.639841 0.236561
vt 0.641975 0.236185
vt 0.641975 0.236561
vt 0.641975 0.236972
vt 0.639841 0.236972
vt 0.639841 0.237389
vt 0.637694 0.237389
vt 0.641975 0.237389
vt 0.635526 0.237389
vt 0.644042 0.236185
vt 0.644042 0.236561
vt 0.647138 0.236185
vt 0.647138 0.236561
vt 0.647138 0.236972
vt 0.644042 0.236972
vt 0.652348 0.236185
vt 0.652348 0.236561
vt 0.662167 0.236185
vt 0.662167 0.236561
vt 0.662167 0.236972
vt 0.652348 0.236972
vt 0.652348 0.237389
vt 0.647138 0.237389
vt 0.662167 0.237389
vt 0.644042 0.237389
vt 0.724291 0.237389
vt 0.749023 0.237389
vt 0.700624 0.237389
vt 0.700624 0.236972
vt 0.724291 0.236972
vt 0.749023 0.236972
vt 0.679087 0.237389
vt 0.679087 0.236972
vt 0.679087 0.236561
vt 0.700624 0.236561
vt 0.679087 0.236185
vt 0.700624 0.236185
vt 0.724291 0.236561
vt 0.749023 0.236561
vt 0.724291 0.236185
vt 0.749023 0.236185
vt 0.818960 0.237389
vt 0.835880 0.237389
vt 0.797423 0.237389
vt 0.797423 0.236972
vt 0.818960 0.236972
vt 0.835880 0.236972
vt 0.773756 0.237389
vt 0.773756 0.236972
vt 0.773756 0.236561
vt 0.797423 0.236561
vt 0.773756 0.236185
vt 0.797423 0.236185
vt 0.818960 0.236561
vt 0.835880 0.236561
vt 0.818960 0.236185
vt 0.835880 0.236185
vt 0.854005 0.237389
vt 0.856072 0.237389
vt 0.850909 0.237389
vt 0.850909 0.236972
vt 0.854005 0.236972
vt 0.856072 0.236972
vt 0.845699 0.237389
vt 0.845699 0.236972
vt 0.845699 0.236561
vt 0.850909 0.236561
vt 0.845699 0.236185
vt 0.850909 0.236185
vt 0.854005 0.236561
vt 0.856072 0.236561
vt 0.854005 0.236185
vt 0.856072 0.236185
vt 0.862518 0.237389
vt 0.864689 0.237389
vt 0.860353 0.237389
vt 0.860353 0.236972
vt 0.862518 0.236972
vt 0.864688 0.236972
vt 0.858205 0.237389
vt 0.858205 0.236972
vt 0.858205 0.236561
vt 0.860353 0.236561
vt 0.858205 0.236185
vt 0.860353 0.236185
vt 0.862518 0.236561
vt 0.864689 0.236561
vt 0.862518 0.236185
vt 0.864688 0.236185
vt 0.871108 0.237389
vt 0.873171 0.237389
vt 0.868989 0.237389
vt 0.868989 0.236972
vt 0.871108 0.236972
vt 0.873171 0.236972
vt 0.866850 0.237389
vt 0.866850 0.236972
vt 0.866850 0.236561
vt 0.868989 0.236561
vt 0.866850 0.236185
vt 0.868989 0.236185
vt 0.871108 0.236561
vt 0.873171 0.236561
vt 0.871108 0.236185
vt 0.873171 0.236185
vt 0.884137 0.237389
vt 0.895451 0.237389
vt 0.878375 0.237389
vt 0.878375 0.236972
vt 0.884137 0.236972
vt 0.895451 0.236972
vt 0.875156 0.237389
vt 0.875156 0.236972
vt 0.875156 0.236561
vt 0.878375 0.236561
vt 0.875156 0.236185
vt 0.878375 0.236185
vt 0.884137 0.236561
vt 0.895451 0.236561
vt 0.884137 0.236185
vt 0.895451 0.236185
vt 0.915323 0.236185
vt 0.915323 0.236561
vt 0.940758 0.236174
vt 0.940758 0.236553
vt 0.940758 0.236971
vt 0.915323 0.236972
vt 0.968761 0.236138
vt 0.968761 0.236530
vt 0.998047 0.236029
vt 0.998047 0.236499
vt 0.998047 0.236968
vt 0.968761 0.236970
vt 0.968761 0.237414
vt 0.940758 0.237395
vt 0.998047 0.237438
vt 0.915323 0.237389
vt 0.001953 0.236029
vt 0.031239 0.236138
vt 0.031239 0.236530
vt 0.001953 0.236499
vt 0.058814 0.236174
vt 0.058814 0.236553
vt 0.058814 0.236971
vt 0.031239 0.236970
vt 0.001953 0.236968
vt 0.084677 0.236185
vt 0.084677 0.236561
vt 0.104549 0.236185
vt 0.104549 0.236561
vt 0.104549 0.236972
vt 0.084677 0.236972
vt 0.084677 0.237389
vt 0.058814 0.237395
vt 0.104549 0.237389
vt 0.031239 0.237414
vt 0.001953 0.237438
vt 0.124859 0.237389
vt 0.126852 0.237389
vt 0.121625 0.237389
vt 0.121625 0.236972
vt 0.124859 0.236972
vt 0.126852 0.236972
vt 0.115863 0.237389
vt 0.115863 0.236972
vt 0.115863 0.236561
vt 0.121625 0.236561
vt 0.115863 0.236185
vt 0.121625 0.236185
vt 0.124859 0.236561
vt 0.126852 0.236561
vt 0.124859 0.236185
vt 0.126852 0.236185
vt 0.133150 0.237389
vt 0.135311 0.237389
vt 0.131011 0.237389
vt 0.131011 0.236972
vt 0.133150 0.236972
vt 0.135311 0.236972
vt 0.128907 0.237389
vt 0.128907 0.236972
vt 0.128907 0.236561
vt 0.131011 0.236561
vt 0.128907 0.236185
vt 0.131011 0.236185
vt 0.133150 0.236561
vt 0.135311 0.236561
vt 0.133150 0.236185
vt 0.135311 0.236185
vt 0.141795 0.237389
vt 0.143928 0.237389
vt 0.139647 0.237389
vt 0.139647 0.236972
vt 0.141795 0.236972
vt 0.143928 0.236972
vt 0.137482 0.237389
vt 0.137482 0.236972
vt 0.137482 0.236561
vt 0.139647 0.236561
vt 0.137482 0.236185
vt 0.139647 0.236185
vt 0.141795 0.236561
vt 0.143928 0.236561
vt 0.141795 0.236185
vt 0.143928 0.236185
vt 0.154301 0.237389
vt 0.164120 0.237389
vt 0.149091 0.237389
vt 0.149091 0.236972
vt 0.154301 0.236972
vt 0.164120 0.236972
vt 0.145995 0.237389
vt 0.145995 0.236972
vt 0.145995 0.236561
vt 0.149091 0.236561
vt 0.145995 0.236185
vt 0.149091 0.236185
vt 0.154301 0.236561
vt 0.164120 0.236561
vt 0.154301 0.236185
vt 0.164120 0.236185
vt 0.226244 0.237389
vt 0.250977 0.237389
vt 0.202577 0.237389
vt 0.202577 0.236972
vt 0.226244 0.236972
vt 0.250977 0.236972
vt 0.181040 0.237389
vt 0.181040 0.236972
vt 0.181040 0.236561
vt 0.202577 0.236561
vt 0.181040 0.236185
vt 0.202577 0.236185
vt 0.226244 0.236561
vt 0.250977 0.236561
vt 0.226244 0.236185
vt 0.250977 0.236185
vt 0.320913 0.237389
vt 0.299376 0.237389
vt 0.299376 0.236972
vt 0.320913 0.236972
vt 0.275709 0.237389
vt 0.275709 0.236972
vt 0.275709 0.236561
vt 0.299376 0.236561
vt 0.275709 0.236185
vt 0.299376 0.236185
vt 0.320913 0.236561
vt 0.320913 0.236185
vt 0.466832 0.028167
vt 0.467080 0.038251
vt 0.466463 0.022037
vt 0.347652 0.235371
vt 0.352862 0.235371
vt 0.352862 0.235606
vt 0.347652 0.235606
vt 0.337833 0.235371
vt 0.337833 0.235606
vt 0.465953 0.018571
vt 0.465281 0.016479
vt 0.355958 0.235371
vt 0.358025 0.235371
vt 0.358025 0.235606
vt 0.355958 0.235606
vt 0.355958 0.235872
vt 0.352862 0.235872
vt 0.358025 0.235872
vt 0.347652 0.235872
vt 0.337833 0.235872
vt 0.464425 0.014472
vt 0.463396 0.012567
vt 0.360147 0.235371
vt 0.362302 0.235371
vt 0.362305 0.235606
vt 0.360147 0.235606
vt 0.462206 0.010782
vt 0.460864 0.009135
vt 0.364474 0.235371
vt 0.366645 0.235371
vt 0.366645 0.235606
vt 0.364474 0.235606
vt 0.364474 0.235872
vt 0.362306 0.235872
vt 0.366645 0.235872
vt 0.360147 0.235872
vt 0.459382 0.007644
vt 0.457776 0.006322
vt 0.368807 0.235371
vt 0.370947 0.235371
vt 0.370947 0.235606
vt 0.368804 0.235606
vt 0.456061 0.005179
vt 0.454254 0.004228
vt 0.373062 0.235371
vt 0.375124 0.235371
vt 0.375124 0.235606
vt 0.373062 0.235606
vt 0.373062 0.235872
vt 0.370947 0.235872
vt 0.375124 0.235872
vt 0.368803 0.235872
vt 0.452372 0.003481
vt 0.449071 0.002914
vt 0.377110 0.235371
vt 0.380328 0.235371
vt 0.380328 0.235606
vt 0.377110 0.235606
vt 0.443010 0.002505
vt 0.432848 0.002229
vt 0.386090 0.235371
vt 0.397404 0.235371
vt 0.397404 0.235606
vt 0.386090 0.235606
vt 0.386090 0.235872
vt 0.380328 0.235872
vt 0.397404 0.235872
vt 0.377110 0.235872
vt 0.470714 0.235872
vt 0.500000 0.235872
vt 0.442711 0.235872
vt 0.442711 0.235606
vt 0.470714 0.235606
vt 0.500000 0.235606
vt 0.417276 0.235872
vt 0.417276 0.235606
vt 0.417276 0.235371
vt 0.442711 0.235371
vt 0.417242 0.002063
vt 0.397553 0.001981
vt 0.470714 0.235371
vt 0.500000 0.235371
vt 0.375142 0.001953
vt 0.351370 0.001953
vt 0.582724 0.235872
vt 0.602596 0.235872
vt 0.557289 0.235872
vt 0.557289 0.235606
vt 0.582724 0.235606
vt 0.602596 0.235606
vt 0.529286 0.235872
vt 0.529286 0.235606
vt 0.529286 0.235371
vt 0.557289 0.235371
vt 0.327598 0.001953
vt 0.305187 0.001981
vt 0.582724 0.235371
vt 0.602596 0.235371
vt 0.285497 0.002063
vt 0.269891 0.002229
vt 0.259729 0.002505
vt 0.253668 0.002914
vt 0.613910 0.235371
vt 0.619672 0.235371
vt 0.619672 0.235606
vt 0.613910 0.235606
vt 0.250368 0.003481
vt 0.248485 0.004228
vt 0.622890 0.235371
vt 0.624876 0.235371
vt 0.624876 0.235606
vt 0.622890 0.235606
vt 0.622890 0.235872
vt 0.619672 0.235872
vt 0.624876 0.235872
vt 0.613910 0.235872
vt 0.246678 0.005179
vt 0.244964 0.006322
vt 0.626938 0.235371
vt 0.629053 0.235371
vt 0.629053 0.235606
vt 0.626938 0.235606
vt 0.243357 0.007644
vt 0.241875 0.009135
vt 0.631195 0.235371
vt 0.633355 0.235371
vt 0.633355 0.235606
vt 0.631195 0.235606
vt 0.631195 0.235872
vt 0.629053 0.235872
vt 0.633355 0.235872
vt 0.626938 0.235872
vt 0.240533 0.010782
vt 0.239343 0.012567
vt 0.635526 0.235371
vt 0.637698 0.235371
vt 0.637695 0.235606
vt 0.635526 0.235606
vt 0.238314 0.014472
vt 0.237458 0.016479
vt 0.639864 0.235371
vt 0.641975 0.235371
vt 0.641975 0.235606
vt 0.639847 0.235606
vt 0.639841 0.235872
vt 0.637694 0.235872
vt 0.641975 0.235872
vt 0.635526 0.235872
vt 0.236786 0.018571
vt 0.236276 0.022037
vt 0.644042 0.235371
vt 0.647138 0.235371
vt 0.647138 0.235606
vt 0.644042 0.235606
vt 0.235908 0.028167
vt 0.235659 0.038251
vt 0.652348 0.235371
vt 0.662167 0.235371
vt 0.662167 0.235606
vt 0.652348 0.235606
vt 0.652348 0.235872
vt 0.647138 0.235872
vt 0.662167 0.235872
vt 0.644042 0.235872
vt 0.724291 0.235872
vt 0.749023 0.235872
vt 0.700624 0.235872
vt 0.700624 0.235606
vt 0.724291 0.235606
vt 0.749023 0.235606
vt 0.679087 0.235872
vt 0.679087 0.235606
vt 0.679087 0.235371
vt 0.700624 0.235371
vt 0.235510 0.053578
vt 0.235436 0.072838
vt 0.724291 0.235371
vt 0.749023 0.235371
vt 0.235411 0.094719
vt 0.235411 0.117912
vt 0.818960 0.235872
vt 0.835880 0.235872
vt 0.797423 0.235872
vt 0.797423 0.235606
vt 0.818960 0.235606
vt 0.835880 0.235606
vt 0.773756 0.235872
vt 0.773756 0.235606
vt 0.773756 0.235371
vt 0.797423 0.235371
vt 0.235411 0.141104
vt 0.235436 0.162985
vt 0.818960 0.235371
vt 0.835880 0.235371
vt 0.235510 0.182245
vt 0.235659 0.197572
vt 0.854005 0.235872
vt 0.856072 0.235872
vt 0.850909 0.235872
vt 0.850909 0.235606
vt 0.854005 0.235606
vt 0.856072 0.235606
vt 0.845699 0.235872
vt 0.845699 0.235606
vt 0.845699 0.235371
vt 0.850909 0.235371
vt 0.235908 0.207656
vt 0.236276 0.213786
vt 0.854005 0.235371
vt 0.856072 0.235371
vt 0.236786 0.217252
vt 0.237458 0.219344
vt 0.862518 0.235872
vt 0.864689 0.235872
vt 0.860353 0.235872
vt 0.860352 0.235606
vt 0.862520 0.235606
vt 0.864690 0.235606
vt 0.858205 0.235872
vt 0.858200 0.235606
vt 0.858183 0.235371
vt 0.860349 0.235371
vt 0.238314 0.221351
vt 0.239343 0.223256
vt 0.862523 0.235371
vt 0.864695 0.235371
vt 0.240533 0.225041
vt 0.241875 0.226688
vt 0.871108 0.235872
vt 0.873171 0.235872
vt 0.868989 0.235872
vt 0.868991 0.235606
vt 0.871108 0.235606
vt 0.873171 0.235606
vt 0.866850 0.235872
vt 0.866851 0.235606
vt 0.866854 0.235371
vt 0.868998 0.235371
vt 0.243357 0.228179
vt 0.244963 0.229501
vt 0.871108 0.235371
vt 0.873171 0.235371
vt 0.246678 0.230644
vt 0.248485 0.231595
vt 0.884137 0.235872
vt 0.895451 0.235872
vt 0.878375 0.235872
vt 0.878375 0.235606
vt 0.884137 0.235606
vt 0.895451 0.235606
vt 0.875156 0.235872
vt 0.875156 0.235606
vt 0.875156 0.235371
vt 0.878375 0.235371
vt 0.250368 0.232342
vt 0.253668 0.232909
vt 0.884137 0.235371
vt 0.895451 0.235371
vt 0.259729 0.233318
vt 0.269891 0.233594
vt 0.351370 0.233870
vt 0.327598 0.233870
vt 0.998047 0.235371
vt 0.998047 0.235590
vt 0.968761 0.235598
vt 0.968761 0.235371
vt 0.940758 0.235604
vt 0.940758 0.235371
vt 0.305187 0.233842
vt 0.998047 0.235810
vt 0.968761 0.235841
vt 0.940758 0.235864
vt 0.915323 0.235872
vt 0.915323 0.235606
vt 0.285497 0.233760
vt 0.915323 0.235371
vt 0.432848 0.233594
vt 0.417242 0.233760
vt 0.104549 0.235371
vt 0.104549 0.235606
vt 0.084677 0.235606
vt 0.084677 0.235371
vt 0.059028 0.235604
vt 0.059670 0.235371
vt 0.397553 0.233842
vt 0.104549 0.235872
vt 0.084677 0.235872
vt 0.058814 0.235864
vt 0.031239 0.235841
vt 0.031239 0.235598
vt 0.001953 0.235810
vt 0.001953 0.235590
vt 0.375142 0.233870
vt 0.031239 0.235371
vt 0.001953 0.235371
vt 0.124859 0.235872
vt 0.126852 0.235872
vt 0.121625 0.235872
vt 0.121625 0.235606
vt 0.124851 0.235606
vt 0.126840 0.235606
vt 0.115863 0.235872
vt 0.115863 0.235606
vt 0.115863 0.235371
vt 0.121625 0.235371
vt 0.443010 0.233318
vt 0.449071 0.232909
vt 0.124828 0.235371
vt 0.126805 0.235371
vt 0.452372 0.232342
vt 0.454254 0.231595
vt 0.133150 0.235872
vt 0.135311 0.235872
vt 0.131011 0.235872
vt 0.131009 0.235606
vt 0.133149 0.235606
vt 0.135310 0.235606
vt 0.128907 0.235872
vt 0.128899 0.235606
vt 0.128876 0.235371
vt 0.131002 0.235371
vt 0.456061 0.230644
vt 0.457776 0.229501
vt 0.133146 0.235371
vt 0.135305 0.235371
vt 0.459382 0.228179
vt 0.460864 0.226688
vt 0.141795 0.235872
vt 0.143928 0.235872
vt 0.139647 0.235872
vt 0.139648 0.235606
vt 0.141800 0.235606
vt 0.143928 0.235606
vt 0.137482 0.235872
vt 0.137480 0.235606
vt 0.137477 0.235371
vt 0.139651 0.235371
vt 0.462206 0.225041
vt 0.463396 0.223256
vt 0.141817 0.235371
vt 0.143928 0.235371
vt 0.464425 0.221351
vt 0.465281 0.219344
vt 0.154301 0.235872
vt 0.164120 0.235872
vt 0.149091 0.235872
vt 0.149091 0.235606
vt 0.154301 0.235606
vt 0.164120 0.235606
vt 0.145995 0.235872
vt 0.145995 0.235606
vt 0.145995 0.235371
vt 0.149091 0.235371
vt 0.465953 0.217252
vt 0.466463 0.213786
vt 0.154301 0.235371
vt 0.164120 0.235371
vt 0.466832 0.207656
vt 0.467080 0.197572
vt 0.226244 0.235872
vt 0.250977 0.235872
vt 0.202577 0.235872
vt 0.202577 0.235606
vt 0.226244 0.235606
vt 0.250977 0.235606
vt 0.181040 0.235872
vt 0.181040 0.235606
vt 0.181040 0.235371
vt 0.202577 0.235371
vt 0.467229 0.182245
vt 0.467303 0.162985
vt 0.226244 0.235371
vt 0.250977 0.235371
vt 0.467328 0.141104
vt 0.467328 0.117912
vt 0.320913 0.235872
vt 0.299376 0.235872
vt 0.299376 0.235606
vt 0.320913 0.235606
vt 0.275709 0.235872
vt 0.275709 0.235606
vt 0.275709 0.235371
vt 0.299376 0.235371
vt 0.467328 0.094719
vt 0.467303 0.072838
vt 0.320913 0.235371
vt 0.467229 0.053578
vn 0.000000 0.950880 0.309559
vn 0.000000 0.759177 0.650884
vn 0.000352 0.758700 0.651440
vn 0.000162 0.950699 0.310116
vn 0.000000 0.759177 0.650884
vn 0.000000 0.370197 0.928953
vn 0.000510 0.369911 0.929067
vn 0.000352 0.758700 0.651440
vn 0.000352 0.758700 0.651440
vn 0.000510 0.369911 0.929067
vn 0.002242 0.369142 0.929370
vn 0.001549 0.757375 0.652979
vn 0.000162 0.950699 0.310116
vn 0.000352 0.758700 0.651440
vn 0.001549 0.757375 0.652979
vn 0.000714 0.950188 0.311676
vn 0.000000 0.370197 0.928953
vn 0.000000 0.081880 0.996642
vn 0.000542 0.081859 0.996644
vn 0.000510 0.369911 0.929067
vn 0.000000 0.081880 0.996642
vn 0.000000 0.000007 1.000000
vn 0.000537 0.000000 1.000000
vn 0.000542 0.081859 0.996644
vn 0.000542 0.081859 0.996644
vn 0.000537 0.000000 1.000000
vn 0.002358 -0.000007 0.999997
vn 0.002380 0.081797 0.996646
vn 0.000510 0.369911 0.929067
vn 0.000542 0.081859 0.996644
vn 0.002380 0.081797 0.996646
vn 0.002242 0.369142 0.929370
vn 0.002242 0.369142 0.929370
vn 0.002380 0.081797 0.996646
vn 0.006400 0.081756 0.996632
vn 0.006035 0.367895 0.929848
vn 0.002380 0.081797 0.996646
vn 0.002358 -0.000007 0.999997
vn 0.006330 -0.000004 0.999980
vn 0.006400 0.081756 0.996632
vn 0.006400 0.081756 0.996632
vn 0.006330 -0.000004 0.999980
vn 0.015411 0.000000 0.999881
vn 0.015638 0.081851 0.996522
vn 0.006035 0.367895 0.929848
vn 0.006400 0.081756 0.996632
vn 0.015638 0.081851 0.996522
vn 0.014786 0.365992 0.930501
vn 0.000714 0.950188 0.311676
vn 0.001549 0.757375 0.652979
vn 0.004170 0.755112 0.655583
vn 0.001929 0.949307 0.314345
vn 0.001549 0.757375 0.652979
vn 0.002242 0.369142 0.929370
vn 0.006035 0.367895 0.929848
vn 0.004170 0.755112 0.655583
vn 0.004170 0.755112 0.655583
vn 0.006035 0.367895 0.929848
vn 0.014786 0.365992 0.930501
vn 0.010216 0.751220 0.659973
vn 0.001929 0.949307 0.314345
vn 0.004170 0.755112 0.655583
vn 0.010216 0.751220 0.659973
vn 0.004734 0.947745 0.318995
vn 0.015411 -0.000007 -0.999881
vn 0.006330 -0.000003 -0.999980
vn 0.006399 0.081769 -0.996631
vn 0.015638 0.081864 -0.996521
vn 0.006330 -0.000003 -0.999980
vn 0.002358 0.000004 -0.999997
vn 0.002380 0.081792 -0.996647
vn 0.006399 0.081769 -0.996631
vn 0.006399 0.081769 -0.996631
vn 0.002380 0.081792 -0.996647
vn 0.002242 0.369128 -0.929376
vn 0.006035 0.367881 -0.929853
vn 0.015638 0.081864 -0.996521
vn 0.006399 0.081769 -0.996631
vn 0.006035 0.367881 -0.929853
vn 0.014786 0.365989 -0.930502
vn 0.002358 0.000004 -0.999997
vn 0.000537 0.000000 -1.000000
vn 0.000542 0.081843 -0.996645
vn 0.002380 0.081792 -0.996647
vn 0.000537 0.000000 -1.000000
vn 0.000000 -0.000007 -1.000000
vn 0.000000 0.081876 -0.996643
vn 0.000542 0.081843 -0.996645
vn 0.000542 0.081843 -0.996645
vn 0.000000 0.081876 -0.996643
vn 0.000000 0.370209 -0.928949
vn 0.000510 0.369915 -0.929066
vn 0.002380 0.081792 -0.996647
vn 0.000542 0.081843 -0.996645
vn 0.000510 0.369915 -0.929066
vn 0.002242 0.369128 -0.929376
vn 0.002242 0.369128 -0.929376
vn 0.000510 0.369915 -0.929066
vn 0.000352 0.758704 -0.651436
vn 0.001549 0.757378 -0.652975
vn 0.000510 0.369915 -0.929066
vn 0.000000 0.370209 -0.928949
vn 0.000000 0.759177 -0.650884
vn 0.000352 0.758704 -0.651436
vn 0.000352 0.758704 -0.651436
vn 0.000000 0.759177 -0.650884
vn 0.000000 0.950880 -0.309559
vn 0.000162 0.950699 -0.310116
vn 0.001549 0.757378 -0.652975
vn 0.000352 0.758704 -0.651436
vn 0.000162 0.950699 -0.310116
vn 0.000714 0.950189 -0.311675
vn 0.014786 0.365989 -0.930502
vn 0.006035 0.367881 -0.929853
vn 0.004170 0.755110 -0.655585
vn 0.010217 0.751215 -0.659979
vn 0.006035 0.367881 -0.929853
vn 0.002242 0.369128 -0.929376
vn 0.001549 0.757378 -0.652975
vn 0.004170 0.755110 -0.655585
vn 0.004170 0.755110 -0.655585
vn 0.001549 0.757378 -0.652975
vn 0.000714 0.950189 -0.311675
vn 0.001928 0.949308 -0.314343
vn 0.010217 0.751215 -0.659979
vn 0.004170 0.755110 -0.655585
vn 0.001928 0.949308 -0.314343
vn 0.004734 0.947745 -0.318993
vn 0.281173 0.959657 0.000000
vn 0.610904 0.791704 0.000000
vn 0.611374 0.791341 -0.000375
vn 0.281593 0.959534 -0.000168
vn 0.610904 0.791704 0.000000
vn 0.914364 0.404894 0.000000
vn 0.914488 0.404613 -0.000569
vn 0.611374 0.791341 -0.000375
vn 0.611374 0.791341 -0.000375
vn 0.914488 0.404613 -0.000569
vn 0.914793 0.403915 -0.002500
vn 0.612667 0.790339 -0.001648
vn 0.281593 0.959534 -0.000168
vn 0.611374 0.791341 -0.000375
vn 0.612667 0.790339 -0.001648
vn 0.282755 0.959192 -0.000740
vn 0.914364 0.404894 0.000000
vn 0.995857 0.090930 0.000000
vn 0.995861 0.090884 -0.000616
vn 0.914488 0.404613 -0.000569
vn 0.995857 0.090930 0.000000
vn 1.000000 -0.000012 0.000000
vn 1.000000 -0.000021 -0.000612
vn 0.995861 0.090884 -0.000616
vn 0.995861 0.090884 -0.000616
vn 1.000000 -0.000021 -0.000612
vn 0.999996 -0.000022 -0.002681
vn 0.995864 0.090814 -0.002700
vn 0.914488 0.404613 -0.000569
vn 0.995861 0.090884 -0.000616
vn 0.995864 0.090814 -0.002700
vn 0.914793 0.403915 -0.002500
vn 0.914793 0.403915 -0.002500
vn 0.995864 0.090814 -0.002700
vn 0.995843 0.090803 -0.007237
vn 0.915259 0.402811 -0.006708
vn 0.995864 0.090814 -0.002700
vn 0.999996 -0.000022 -0.002681
vn 0.999974 -0.000011 -0.007176
vn 0.995843 0.090803 -0.007237
vn 0.995843 0.090803 -0.007237
vn 0.999974 -0.000011 -0.007176
vn 0.999849 0.000000 -0.017364
vn 0.995704 0.090918 -0.017562
vn 0.915259 0.402811 -0.006708
vn 0.995843 0.090803 -0.007237
vn 0.995704 0.090918 -0.017562
vn 0.915864 0.401156 -0.016316
vn 0.282755 0.959192 -0.000740
vn 0.612667 0.790339 -0.001648
vn 0.614855 0.788628 -0.004425
vn 0.284765 0.958595 -0.001991
vn 0.612667 0.790339 -0.001648
vn 0.914793 0.403915 -0.002500
vn 0.915259 0.402811 -0.006708
vn 0.614855 0.788628 -0.004425
vn 0.614855 0.788628 -0.004425
vn 0.915259 0.402811 -0.006708
vn 0.915864 0.401156 -0.016316
vn 0.618523 0.785693 -0.010766
vn 0.284765 0.958595 -0.001991
vn 0.614855 0.788628 -0.004425
vn 0.618523 0.785693 -0.010766
vn 0.288247 0.957544 -0.004849
vn -0.288254 0.957542 -0.004849
vn -0.618536 0.785683 -0.010767
vn -0.614867 0.788619 -0.004425
vn -0.284769 0.958594 -0.001991
vn -0.618536 0.785683 -0.010767
vn -0.915865 0.401156 -0.016316
vn -0.915258 0.402812 -0.006708
vn -0.614867 0.788619 -0.004425
vn -0.614867 0.788619 -0.004425
vn -0.915258 0.402812 -0.006708
vn -0.914794 0.403913 -0.002500
vn -0.612669 0.790338 -0.001648
vn -0.284769 0.958594 -0.001991
vn -0.614867 0.788619 -0.004425
vn -0.612669 0.790338 -0.001648
vn -0.282759 0.959191 -0.000740
vn -0.915865 0.401156 -0.016316
vn -0.995702 0.090933 -0.017562
vn -0.995842 0.090815 -0.007237
vn -0.915258 0.402812 -0.006708
vn -0.995702 0.090933 -0.017562
vn -0.999849 0.000000 -0.017364
vn -0.999974 0.000000 -0.007176
vn -0.995842 0.090815 -0.007237
vn -0.995842 0.090815 -0.007237
vn -0.999974 0.000000 -0.007176
vn -0.999996 0.000001 -0.002681
vn -0.995864 0.090814 -0.002700
vn -0.915258 0.402812 -0.006708
vn -0.995842 0.090815 -0.007237
vn -0.995864 0.090814 -0.002700
vn -0.914794 0.403913 -0.002500
vn -0.914794 0.403913 -0.002500
vn -0.995864 0.090814 -0.002700
vn -0.995862 0.090875 -0.000616
vn -0.914491 0.404605 -0.000569
vn -0.995864 0.090814 -0.002700
vn -0.999996 0.000001 -0.002681
vn -1.000000 0.000004 -0.000612
vn -0.995862 0.090875 -0.000616
vn -0.995862 0.090875 -0.000616
vn -1.000000 0.000004 -0.000612
vn -1.000000 -0.000006 0.000000
vn -0.995860 0.090903 0.000000
vn -0.914491 0.404605 -0.000569
vn -0.995862 0.090875 -0.000616
vn -0.995860 0.090903 0.000000
vn -0.914367 0.404887 0.000000
vn -0.282759 0.959191 -0.000740
vn -0.612669 0.790338 -0.001648
vn -0.611376 0.791340 -0.000375
vn -0.281594 0.959534 -0.000168
vn -0.612669 0.790338 -0.001648
vn -0.914794 0.403913 -0.002500
vn -0.914491 0.404605 -0.000569
vn -0.611376 0.791340 -0.000375
vn -0.611376 0.791340 -0.000375
vn -0.914491 0.404605 -0.000569
vn -0.914367 0.404887 0.000000
vn -0.610901 0.791707 0.000000
vn -0.281594 0.959534 -0.000168
vn -0.611376 0.791340 -0.000375
vn -0.610901 0.791707 0.000000
vn -0.281173 0.959657 0.000000
vn -0.999849 0.000008 0.017364
vn -0.999108 0.000012 0.042232
vn -0.994834 0.092083 0.042736
vn -0.995703 0.090924 0.017562
vn -0.999108 0.000012 0.042232
vn -0.994866 0.000000 0.101199
vn -0.990177 0.095307 0.102304
vn -0.994834 0.092083 0.042736
vn -0.994834 0.092083 0.042736
vn -0.990177 0.095307 0.102304
vn -0.904706 0.415460 0.094335
vn -0.913711 0.404427 0.039641
vn -0.995703 0.090924 0.017562
vn -0.994834 0.092083 0.042736
vn -0.913711 0.404427 0.039641
vn -0.915868 0.401148 0.016316
vn -0.994866 0.000000 0.101199
vn -0.973186 -0.000003 0.230018
vn -0.967528 0.102177 0.231190
vn -0.990177 0.095307 0.102304
vn -0.973186 -0.000003 0.230018
vn -0.923879 -0.000001 0.382685
vn -0.917963 0.109348 0.381297
vn -0.967528 0.102177 0.231190
vn -0.967528 0.102177 0.231190
vn -0.917963 0.109348 0.381297
vn -0.815390 0.469131 0.339198
vn -0.872985 0.440280 0.209884
vn -0.990177 0.095307 0.102304
vn -0.967528 0.102177 0.231190
vn -0.872985 0.440280 0.209884
vn -0.904706 0.415460 0.094335
vn -0.904706 0.415460 0.094335
vn -0.872985 0.440280 0.209884
vn -0.561634 0.816663 0.132776
vn -0.601571 0.796468 0.061248
vn -0.872985 0.440280 0.209884
vn -0.815390 0.469131 0.339198
vn -0.501135 0.840107 0.207568
vn -0.561634 0.816663 0.132776
vn -0.561634 0.816663 0.132776
vn -0.501135 0.840107 0.207568
vn -0.220791 0.971070 0.090967
vn -0.255097 0.965111 0.059051
vn -0.601571 0.796468 0.061248
vn -0.561634 0.816663 0.132776
vn -0.255097 0.965111 0.059051
vn -0.278595 0.960015 0.027488
vn -0.915868 0.401148 0.016316
vn -0.913711 0.404427 0.039641
vn -0.615451 0.787745 0.026056
vn -0.618527 0.785690 0.010766
vn -0.913711 0.404427 0.039641
vn -0.904706 0.415460 0.094335
vn -0.601571 0.796468 0.061248
vn -0.615451 0.787745 0.026056
vn -0.615451 0.787745 0.026056
vn -0.601571 0.796468 0.061248
vn -0.278595 0.960015 0.027488
vn -0.286822 0.957912 0.011738
vn -0.618527 0.785690 0.010766
vn -0.615451 0.787745 0.026056
vn -0.286822 0.957912 0.011738
vn -0.288251 0.957543 0.004849
vn -0.923879 -0.000001 0.382685
vn -0.881692 0.000000 0.471825
vn -0.875830 0.111924 0.469462
vn -0.917963 0.109348 0.381297
vn -0.881692 0.000000 0.471825
vn -0.831471 -0.000003 0.555568
vn -0.825872 0.113597 0.552297
vn -0.875830 0.111924 0.469462
vn -0.875830 0.111924 0.469462
vn -0.825872 0.113597 0.552297
vn -0.727628 0.483286 0.486818
vn -0.774114 0.477785 0.415294
vn -0.917963 0.109348 0.381297
vn -0.875830 0.111924 0.469462
vn -0.774114 0.477785 0.415294
vn -0.815390 0.469131 0.339198
vn -0.831471 -0.000003 0.555568
vn -0.773319 -0.000004 0.634017
vn -0.768179 0.114383 0.629935
vn -0.825872 0.113597 0.552297
vn -0.773319 -0.000004 0.634017
vn -0.707107 0.000002 0.707106
vn -0.702618 0.114232 0.702338
vn -0.768179 0.114383 0.629935
vn -0.768179 0.114383 0.629935
vn -0.702618 0.114232 0.702338
vn -0.618461 0.485255 0.618088
vn -0.675857 0.485775 0.554292
vn -0.825872 0.113597 0.552297
vn -0.768179 0.114383 0.629935
vn -0.675857 0.485775 0.554292
vn -0.727628 0.483286 0.486818
vn -0.727628 0.483286 0.486818
vn -0.675857 0.485775 0.554292
vn -0.406050 0.851057 0.332905
vn -0.438719 0.849470 0.293133
vn -0.675857 0.485775 0.554292
vn -0.618461 0.485255 0.618088
vn -0.371674 0.850713 0.371680
vn -0.406050 0.851057 0.332905
vn -0.406050 0.851057 0.332905
vn -0.371674 0.850713 0.371680
vn -0.161850 0.973432 0.161972
vn -0.176847 0.973509 0.144934
vn -0.438719 0.849470 0.293133
vn -0.406050 0.851057 0.332905
vn -0.176847 0.973509 0.144934
vn -0.191439 0.973161 0.127709
vn -0.815390 0.469131 0.339198
vn -0.774114 0.477785 0.415294
vn -0.470256 0.845895 0.251637
vn -0.501135 0.840107 0.207568
vn -0.774114 0.477785 0.415294
vn -0.727628 0.483286 0.486818
vn -0.438719 0.849470 0.293133
vn -0.470256 0.845895 0.251637
vn -0.470256 0.845895 0.251637
vn -0.438719 0.849470 0.293133
vn -0.191439 0.973161 0.127709
vn -0.205972 0.972370 0.109877
vn -0.501135 0.840107 0.207568
vn -0.470256 0.845895 0.251637
vn -0.205972 0.972370 0.109877
vn -0.220791 0.971070 0.090967
vn -0.707107 0.000002 0.707106
vn -0.634020 0.000004 0.773317
vn -0.630326 0.113165 0.768038
vn -0.702618 0.114232 0.702338
vn -0.634020 0.000004 0.773317
vn -0.555568 0.000003 0.831471
vn -0.552765 0.111193 0.825885
vn -0.630326 0.113165 0.768038
vn -0.630326 0.113165 0.768038
vn -0.552765 0.111193 0.825885
vn -0.489664 0.475331 0.730951
vn -0.556087 0.481798 0.677228
vn -0.702618 0.114232 0.702338
vn -0.630326 0.113165 0.768038
vn -0.556087 0.481798 0.677228
vn -0.618461 0.485255 0.618088
vn -0.555568 0.000003 0.831471
vn -0.471824 0.000008 0.881693
vn -0.469979 0.108327 0.876005
vn -0.552765 0.111193 0.825885
vn -0.471824 0.000008 0.881693
vn -0.382683 0.000009 0.923880
vn -0.381835 0.104565 0.918296
vn -0.469979 0.108327 0.876005
vn -0.469979 0.108327 0.876005
vn -0.381835 0.104565 0.918296
vn -0.342901 0.453016 0.822919
vn -0.418789 0.465800 0.779517
vn -0.552765 0.111193 0.825885
vn -0.469979 0.108327 0.876005
vn -0.418789 0.465800 0.779517
vn -0.489664 0.475331 0.730951
vn -0.489664 0.475331 0.730951
vn -0.418789 0.465800 0.779517
vn -0.257557 0.837859 0.481307
vn -0.297716 0.844290 0.445578
vn -0.418789 0.465800 0.779517
vn -0.342901 0.453016 0.822919
vn -0.214126 0.828820 0.516921
vn -0.257557 0.837859 0.481307
vn -0.257557 0.837859 0.481307
vn -0.214126 0.828820 0.516921
vn -0.094734 0.968470 0.230415
vn -0.113209 0.970561 0.212593
vn -0.297716 0.844290 0.445578
vn -0.257557 0.837859 0.481307
vn -0.113209 0.970561 0.212593
vn -0.130232 0.972012 0.195529
vn -0.618461 0.485255 0.618088
vn -0.556087 0.481798 0.677228
vn -0.335505 0.848509 0.409230
vn -0.371674 0.850713 0.371680
vn -0.556087 0.481798 0.677228
vn -0.489664 0.475331 0.730951
vn -0.297716 0.844290 0.445578
vn -0.335505 0.848509 0.409230
vn -0.335505 0.848509 0.409230
vn -0.297716 0.844290 0.445578
vn -0.130232 0.972012 0.195529
vn -0.146305 0.972949 0.178788
vn -0.371674 0.850713 0.371680
vn -0.335505 0.848509 0.409230
vn -0.146305 0.972949 0.178788
vn -0.161850 0.973432 0.161972
vn -0.382683 0.000009 0.923880
vn -0.222386 0.000008 0.974959
vn -0.224470 0.095011 0.969838
vn -0.381835 0.104565 0.918296
vn -0.222386 0.000008 0.974959
vn -0.093435 -0.000002 0.995625
vn -0.094878 0.086696 0.991707
vn -0.224470 0.095011 0.969838
vn -0.224470 0.095011 0.969838
vn -0.094878 0.086696 0.991707
vn -0.089055 0.382366 0.919710
vn -0.206979 0.413799 0.886527
vn -0.381835 0.104565 0.918296
vn -0.224470 0.095011 0.969838
vn -0.206979 0.413799 0.886527
vn -0.342901 0.453016 0.822919
vn -0.093435 -0.000002 0.995625
vn -0.037992 -0.000007 0.999278
vn -0.038591 0.083103 0.995793
vn -0.094878 0.086696 0.991707
vn -0.037992 -0.000007 0.999278
vn -0.015411 0.000001 0.999881
vn -0.015638 0.081868 0.996521
vn -0.038591 0.083103 0.995793
vn -0.038591 0.083103 0.995793
vn -0.015638 0.081868 0.996521
vn -0.014786 0.365989 0.930502
vn -0.036438 0.369578 0.928485
vn -0.094878 0.086696 0.991707
vn -0.038591 0.083103 0.995793
vn -0.036438 0.369578 0.928485
vn -0.089055 0.382366 0.919710
vn -0.089055 0.382366 0.919710
vn -0.036438 0.369578 0.928485
vn -0.025049 0.753746 0.656688
vn -0.060273 0.765307 0.640837
vn -0.036438 0.369578 0.928485
vn -0.014786 0.365989 0.930502
vn -0.010216 0.751214 0.659980
vn -0.025049 0.753746 0.656688
vn -0.025049 0.753746 0.656688
vn -0.010216 0.751214 0.659980
vn -0.004734 0.947745 0.318995
vn -0.011603 0.948231 0.317371
vn -0.060273 0.765307 0.640837
vn -0.025049 0.753746 0.656688
vn -0.011603 0.948231 0.317371
vn -0.027734 0.951284 0.307065
vn -0.342901 0.453016 0.822919
vn -0.206979 0.413799 0.886527
vn -0.135276 0.794089 0.592556
vn -0.214126 0.828820 0.516921
vn -0.206979 0.413799 0.886527
vn -0.089055 0.382366 0.919710
vn -0.060273 0.765307 0.640837
vn -0.135276 0.794089 0.592556
vn -0.135276 0.794089 0.592556
vn -0.060273 0.765307 0.640837
vn -0.027734 0.951284 0.307065
vn -0.061242 0.959150 0.276189
vn -0.214126 0.828820 0.516921
vn -0.135276 0.794089 0.592556
vn -0.061242 0.959150 0.276189
vn -0.094734 0.968470 0.230415
vn 0.015411 0.000000 0.999881
vn 0.037992 0.000003 0.999278
vn 0.038591 0.083096 0.995794
vn 0.015638 0.081851 0.996522
vn 0.037992 0.000003 0.999278
vn 0.093435 0.000007 0.995625
vn 0.094878 0.086690 0.991707
vn 0.038591 0.083096 0.995794
vn 0.038591 0.083096 0.995794
vn 0.094878 0.086690 0.991707
vn 0.089054 0.382361 0.919712
vn 0.036437 0.369573 0.928487
vn 0.015638 0.081851 0.996522
vn 0.038591 0.083096 0.995794
vn 0.036437 0.369573 0.928487
vn 0.014786 0.365992 0.930501
vn 0.093435 0.000007 0.995625
vn 0.222385 0.000004 0.974959
vn 0.224473 0.095007 0.969838
vn 0.094878 0.086690 0.991707
vn 0.222385 0.000004 0.974959
vn 0.382684 0.000000 0.923879
vn 0.381833 0.104562 0.918298
vn 0.224473 0.095007 0.969838
vn 0.224473 0.095007 0.969838
vn 0.381833 0.104562 0.918298
vn 0.342901 0.453023 0.822915
vn 0.206980 0.413802 0.886525
vn 0.094878 0.086690 0.991707
vn 0.224473 0.095007 0.969838
vn 0.206980 0.413802 0.886525
vn 0.089054 0.382361 0.919712
vn 0.089054 0.382361 0.919712
vn 0.206980 0.413802 0.886525
vn 0.135276 0.794093 0.592551
vn 0.060273 0.765314 0.640829
vn 0.206980 0.413802 0.886525
vn 0.342901 0.453023 0.822915
vn 0.214125 0.828822 0.516919
vn 0.135276 0.794093 0.592551
vn 0.135276 0.794093 0.592551
vn 0.214125 0.828822 0.516919
vn 0.094733 0.968470 0.230415
vn 0.061242 0.959150 0.276189
vn 0.060273 0.765314 0.640829
vn 0.135276 0.794093 0.592551
vn 0.061242 0.959150 0.276189
vn 0.027734 0.951284 0.307065
vn 0.014786 0.365992 0.930501
vn 0.036437 0.369573 0.928487
vn 0.025049 0.753753 0.656680
vn 0.010216 0.751220 0.659973
vn 0.036437 0.369573 0.928487
vn 0.089054 0.382361 0.919712
vn 0.060273 0.765314 0.640829
vn 0.025049 0.753753 0.656680
vn 0.025049 0.753753 0.656680
vn 0.060273 0.765314 0.640829
vn 0.027734 0.951284 0.307065
vn 0.011603 0.948230 0.317372
vn 0.010216 0.751220 0.659973
vn 0.025049 0.753753 0.656680
vn 0.011603 0.948230 0.317372
vn 0.004734 0.947745 0.318995
vn 0.382684 0.000000 0.923879
vn 0.471825 0.000005 0.881692
vn 0.469980 0.108319 0.876006
vn 0.381833 0.104562 0.918298
vn 0.471825 0.000005 0.881692
vn 0.555567 0.000008 0.831472
vn 0.552766 0.111182 0.825887
vn 0.469980 0.108319 0.876006
vn 0.469980 0.108319 0.876006
vn 0.552766 0.111182 0.825887
vn 0.489665 0.475324 0.730955
vn 0.418789 0.465798 0.779518
vn 0.381833 0.104562 0.918298
vn 0.469980 0.108319 0.876006
vn 0.418789 0.465798 0.779518
vn 0.342901 0.453023 0.822915
vn 0.555567 0.000008 0.831472
vn 0.634020 0.000001 0.773317
vn 0.630325 0.113165 0.768039
vn 0.552766 0.111182 0.825887
vn 0.634020 0.000001 0.773317
vn 0.707105 0.000005 0.707108
vn 0.702618 0.114242 0.702336
vn 0.630325 0.113165 0.768039
vn 0.630325 0.113165 0.768039
vn 0.702618 0.114242 0.702336
vn 0.618460 0.485255 0.618089
vn 0.556086 0.481799 0.677228
vn 0.552766 0.111182 0.825887
vn 0.630325 0.113165 0.768039
vn 0.556086 0.481799 0.677228
vn 0.489665 0.475324 0.730955
vn 0.489665 0.475324 0.730955
vn 0.556086 0.481799 0.677228
vn 0.335506 0.848508 0.409231
vn 0.297714 0.844291 0.445577
vn 0.556086 0.481799 0.677228
vn 0.618460 0.485255 0.618089
vn 0.371676 0.850711 0.371683
vn 0.335506 0.848508 0.409231
vn 0.335506 0.848508 0.409231
vn 0.371676 0.850711 0.371683
vn 0.161847 0.973433 0.161969
vn 0.146303 0.972950 0.178786
vn 0.297714 0.844291 0.445577
vn 0.335506 0.848508 0.409231
vn 0.146303 0.972950 0.178786
vn 0.130230 0.972013 0.195527
vn 0.342901 0.453023 0.822915
vn 0.418789 0.465798 0.779518
vn 0.257556 0.837860 0.481306
vn 0.214125 0.828822 0.516919
vn 0.418789 0.465798 0.779518
vn 0.489665 0.475324 0.730955
vn 0.297714 0.844291 0.445577
vn 0.257556 0.837860 0.481306
vn 0.257556 0.837860 0.481306
vn 0.297714 0.844291 0.445577
vn 0.130230 0.972013 0.195527
vn 0.113208 0.970561 0.212593
vn 0.214125 0.828822 0.516919
vn 0.257556 0.837860 0.481306
vn 0.113208 0.970561 0.212593
vn 0.094733 0.968470 0.230415
vn 0.707105 0.000005 0.707108
vn 0.773320 0.000012 0.634016
vn 0.768179 0.114385 0.629934
vn 0.702618 0.114242 0.702336
vn 0.773320 0.000012 0.634016
vn 0.831472 0.000013 0.555566
vn 0.825872 0.113591 0.552298
vn 0.768179 0.114385 0.629934
vn 0.768179 0.114385 0.629934
vn 0.825872 0.113591 0.552298
vn 0.727639 0.483266 0.486821
vn 0.675863 0.485763 0.554295
vn 0.702618 0.114242 0.702336
vn 0.768179 0.114385 0.629934
vn 0.675863 0.485763 0.554295
vn 0.618460 0.485255 0.618089
vn 0.831472 0.000013 0.555566
vn 0.881693 0.000008 0.471823
vn 0.875831 0.111922 0.469461
vn 0.825872 0.113591 0.552298
vn 0.881693 0.000008 0.471823
vn 0.923880 0.000000 0.382683
vn 0.917965 0.109336 0.381296
vn 0.875831 0.111922 0.469461
vn 0.875831 0.111922 0.469461
vn 0.917965 0.109336 0.381296
vn 0.815396 0.469118 0.339201
vn 0.774124 0.477765 0.415299
vn 0.825872 0.113591 0.552298
vn 0.875831 0.111922 0.469461
vn 0.774124 0.477765 0.415299
vn 0.727639 0.483266 0.486821
vn 0.727639 0.483266 0.486821
vn 0.774124 0.477765 0.415299
vn 0.470254 0.845896 0.251635
vn 0.438716 0.849472 0.293131
vn 0.774124 0.477765 0.415299
vn 0.815396 0.469118 0.339201
vn 0.501130 0.840110 0.207566
vn 0.470254 0.845896 0.251635
vn 0.470254 0.845896 0.251635
vn 0.501130 0.840110 0.207566
vn 0.220791 0.971070 0.090966
vn 0.205970 0.972370 0.109876
vn 0.438716 0.849472 0.293131
vn 0.470254 0.845896 0.251635
vn 0.205970 0.972370 0.109876
vn 0.191435 0.973162 0.127706
vn 0.618460 0.485255 0.618089
vn 0.675863 0.485763 0.554295
vn 0.406049 0.851058 0.332904
vn 0.371676 0.850711 0.371683
vn 0.675863 0.485763 0.554295
vn 0.727639 0.483266 0.486821
vn 0.438716 0.849472 0.293131
vn 0.406049 0.851058 0.332904
vn 0.406049 0.851058 0.332904
vn 0.438716 0.849472 0.293131
vn 0.191435 0.973162 0.127706
vn 0.176845 0.973509 0.144932
vn 0.371676 0.850711 0.371683
vn 0.406049 0.851058 0.332904
vn 0.176845 0.973509 0.144932
vn 0.161847 0.973433 0.161969
vn 0.923880 0.000000 0.382683
vn 0.973186 0.000024 0.230020
vn 0.967529 0.102166 0.231191
vn 0.917965 0.109336 0.381296
vn 0.973186 0.000024 0.230020
vn 0.994866 0.000016 0.101198
vn 0.990177 0.095305 0.102304
vn 0.967529 0.102166 0.231191
vn 0.967529 0.102166 0.231191
vn 0.990177 0.095305 0.102304
vn 0.904711 0.415450 0.094336
vn 0.872994 0.440260 0.209886
vn 0.917965 0.109336 0.381296
vn 0.967529 0.102166 0.231191
vn 0.872994 0.440260 0.209886
vn 0.815396 0.469118 0.339201
vn 0.994866 0.000016 0.101198
vn 0.999108 -0.000010 0.042232
vn 0.994834 0.092086 0.042736
vn 0.990177 0.095305 0.102304
vn 0.999108 -0.000010 0.042232
vn 0.999849 -0.000006 0.017364
vn 0.995702 0.090936 0.017562
vn 0.994834 0.092086 0.042736
vn 0.994834 0.092086 0.042736
vn 0.995702 0.090936 0.017562
vn 0.915852 0.401185 0.016315
vn 0.913701 0.404450 0.039641
vn 0.990177 0.095305 0.102304
vn 0.994834 0.092086 0.042736
vn 0.913701 0.404450 0.039641
vn 0.904711 0.415450 0.094336
vn 0.904711 0.415450 0.094336
vn 0.913701 0.404450 0.039641
vn 0.615450 0.787745 0.026056
vn 0.601567 0.796471 0.061247
vn 0.913701 0.404450 0.039641
vn 0.915852 0.401185 0.016315
vn 0.618527 0.785690 0.010766
vn 0.615450 0.787745 0.026056
vn 0.615450 0.787745 0.026056
vn 0.618527 0.785690 0.010766
vn 0.288253 0.957542 0.004849
vn 0.286824 0.957911 0.011737
vn 0.601567 0.796471 0.061247
vn 0.615450 0.787745 0.026056
vn 0.286824 0.957911 0.011737
vn 0.278599 0.960014 0.027488
vn 0.815396 0.469118 0.339201
vn 0.872994 0.440260 0.209886
vn 0.561621 0.816673 0.132772
vn 0.501130 0.840110 0.207566
vn 0.872994 0.440260 0.209886
vn 0.904711 0.415450 0.094336
vn 0.601567 0.796471 0.061247
vn 0.561621 0.816673 0.132772
vn 0.561621 0.816673 0.132772
vn 0.601567 0.796471 0.061247
vn 0.278599 0.960014 0.027488
vn 0.255097 0.965111 0.059052
vn 0.501130 0.840110 0.207566
vn 0.561621 0.816673 0.132772
vn 0.255097 0.965111 0.059052
vn 0.220791 0.971070 0.090966
vn -0.288254 0.957542 -0.004849
vn -0.286824 0.957911 -0.011738
vn -0.615450 0.787745 -0.026056
vn -0.618536 0.785683 -0.010767
vn -0.286824 0.957911 -0.011738
vn -0.278594 0.960015 -0.027488
vn -0.601568 0.796470 -0.061247
vn -0.615450 0.787745 -0.026056
vn -0.615450 0.787745 -0.026056
vn -0.601568 0.796470 -0.061247
vn -0.904712 0.415448 -0.094336
vn -0.913713 0.404423 -0.039642
vn -0.618536 0.785683 -0.010767
vn -0.615450 0.787745 -0.026056
vn -0.913713 0.404423 -0.039642
vn -0.915865 0.401156 -0.016316
vn -0.278594 0.960015 -0.027488
vn -0.255098 0.965110 -0.059051
vn -0.561640 0.816659 -0.132775
vn -0.601568 0.796470 -0.061247
vn -0.255098 0.965110 -0.059051
vn -0.220792 0.971069 -0.090968
vn -0.501139 0.840104 -0.207570
vn -0.561640 0.816659 -0.132775
vn -0.561640 0.816659 -0.132775
vn -0.501139 0.840104 -0.207570
vn -0.815398 0.469116 -0.339201
vn -0.872990 0.440269 -0.209884
vn -0.601568 0.796470 -0.061247
vn -0.561640 0.816659 -0.132775
vn -0.872990 0.440269 -0.209884
vn -0.904712 0.415448 -0.094336
vn -0.904712 0.415448 -0.094336
vn -0.872990 0.440269 -0.209884
vn -0.967529 0.102164 -0.231192
vn -0.990177 0.095303 -0.102304
vn -0.872990 0.440269 -0.209884
vn -0.815398 0.469116 -0.339201
vn -0.917964 0.109341 -0.381297
vn -0.967529 0.102164 -0.231192
vn -0.967529 0.102164 -0.231192
vn -0.917964 0.109341 -0.381297
vn -0.923879 0.000009 -0.382686
vn -0.973187 0.000006 -0.230017
vn -0.990177 0.095303 -0.102304
vn -0.967529 0.102164 -0.231192
vn -0.973187 0.000006 -0.230017
vn -0.994866 0.000002 -0.101198
vn -0.915865 0.401156 -0.016316
vn -0.913713 0.404423 -0.039642
vn -0.994834 0.092083 -0.042736
vn -0.995702 0.090933 -0.017562
vn -0.913713 0.404423 -0.039642
vn -0.904712 0.415448 -0.094336
vn -0.990177 0.095303 -0.102304
vn -0.994834 0.092083 -0.042736
vn -0.994834 0.092083 -0.042736
vn -0.990177 0.095303 -0.102304
vn -0.994866 0.000002 -0.101198
vn -0.999108 0.000000 -0.042232
vn -0.995702 0.090933 -0.017562
vn -0.994834 0.092083 -0.042736
vn -0.999108 0.000000 -0.042232
vn -0.999849 0.000000 -0.017364
vn -0.220792 0.971069 -0.090968
vn -0.205971 0.972370 -0.109878
vn -0.470254 0.845896 -0.251636
vn -0.501139 0.840104 -0.207570
vn -0.205971 0.972370 -0.109878
vn -0.191438 0.973161 -0.127708
vn -0.438713 0.849474 -0.293130
vn -0.470254 0.845896 -0.251636
vn -0.470254 0.845896 -0.251636
vn -0.438713 0.849474 -0.293130
vn -0.727632 0.483278 -0.486820
vn -0.774123 0.477768 -0.415298
vn -0.501139 0.840104 -0.207570
vn -0.470254 0.845896 -0.251636
vn -0.774123 0.477768 -0.415298
vn -0.815398 0.469116 -0.339201
vn -0.191438 0.973161 -0.127708
vn -0.176847 0.973509 -0.144934
vn -0.406048 0.851058 -0.332904
vn -0.438713 0.849474 -0.293130
vn -0.176847 0.973509 -0.144934
vn -0.161850 0.973432 -0.161972
vn -0.371676 0.850712 -0.371681
vn -0.406048 0.851058 -0.332904
vn -0.406048 0.851058 -0.332904
vn -0.371676 0.850712 -0.371681
vn -0.618462 0.485253 -0.618090
vn -0.675855 0.485779 -0.554291
vn -0.438713 0.849474 -0.293130
vn -0.406048 0.851058 -0.332904
vn -0.675855 0.485779 -0.554291
vn -0.727632 0.483278 -0.486820
vn -0.727632 0.483278 -0.486820
vn -0.675855 0.485779 -0.554291
vn -0.768178 0.114389 -0.629934
vn -0.825871 0.113596 -0.552299
vn -0.675855 0.485779 -0.554291
vn -0.618462 0.485253 -0.618090
vn -0.702618 0.114237 -0.702337
vn -0.768178 0.114389 -0.629934
vn -0.768178 0.114389 -0.629934
vn -0.702618 0.114237 -0.702337
vn -0.707107 0.000002 -0.707107
vn -0.773318 0.000004 -0.634018
vn -0.825871 0.113596 -0.552299
vn -0.768178 0.114389 -0.629934
vn -0.773318 0.000004 -0.634018
vn -0.831471 0.000003 -0.555568
vn -0.815398 0.469116 -0.339201
vn -0.774123 0.477768 -0.415298
vn -0.875832 0.111915 -0.469461
vn -0.917964 0.109341 -0.381297
vn -0.774123 0.477768 -0.415298
vn -0.727632 0.483278 -0.486820
vn -0.825871 0.113596 -0.552299
vn -0.875832 0.111915 -0.469461
vn -0.875832 0.111915 -0.469461
vn -0.825871 0.113596 -0.552299
vn -0.831471 0.000003 -0.555568
vn -0.881693 0.000005 -0.471823
vn -0.917964 0.109341 -0.381297
vn -0.875832 0.111915 -0.469461
vn -0.881693 0.000005 -0.471823
vn -0.923879 0.000009 -0.382686
vn -0.161850 0.973432 -0.161972
vn -0.146305 0.972949 -0.178789
vn -0.335505 0.848508 -0.409231
vn -0.371676 0.850712 -0.371681
vn -0.146305 0.972949 -0.178789
vn -0.130232 0.972012 -0.195531
vn -0.297712 0.844293 -0.445574
vn -0.335505 0.848508 -0.409231
vn -0.335505 0.848508 -0.409231
vn -0.297712 0.844293 -0.445574
vn -0.489662 0.475339 -0.730947
vn -0.556088 0.481797 -0.677228
vn -0.371676 0.850712 -0.371681
vn -0.335505 0.848508 -0.409231
vn -0.556088 0.481797 -0.677228
vn -0.618462 0.485253 -0.618090
vn -0.130232 0.972012 -0.195531
vn -0.113210 0.970560 -0.212594
vn -0.257556 0.837861 -0.481304
vn -0.297712 0.844293 -0.445574
vn -0.113210 0.970560 -0.212594
vn -0.094734 0.968470 -0.230417
vn -0.214125 0.828821 -0.516920
vn -0.257556 0.837861 -0.481304
vn -0.257556 0.837861 -0.481304
vn -0.214125 0.828821 -0.516920
vn -0.342898 0.453033 -0.822911
vn -0.418782 0.465818 -0.779509
vn -0.297712 0.844293 -0.445574
vn -0.257556 0.837861 -0.481304
vn -0.418782 0.465818 -0.779509
vn -0.489662 0.475339 -0.730947
vn -0.489662 0.475339 -0.730947
vn -0.418782 0.465818 -0.779509
vn -0.469977 0.108320 -0.876007
vn -0.552766 0.111183 -0.825886
vn -0.418782 0.465818 -0.779509
vn -0.342898 0.453033 -0.822911
vn -0.381833 0.104565 -0.918297
vn -0.469977 0.108320 -0.876007
vn -0.469977 0.108320 -0.876007
vn -0.381833 0.104565 -0.918297
vn -0.382684 -0.000005 -0.923879
vn -0.471823 -0.000008 -0.881693
vn -0.552766 0.111183 -0.825886
vn -0.469977 0.108320 -0.876007
vn -0.471823 -0.000008 -0.881693
vn -0.555566 -0.000003 -0.831472
vn -0.618462 0.485253 -0.618090
vn -0.556088 0.481797 -0.677228
vn -0.630326 0.113167 -0.768038
vn -0.702618 0.114237 -0.702337
vn -0.556088 0.481797 -0.677228
vn -0.489662 0.475339 -0.730947
vn -0.552766 0.111183 -0.825886
vn -0.630326 0.113167 -0.768038
vn -0.630326 0.113167 -0.768038
vn -0.552766 0.111183 -0.825886
vn -0.555566 -0.000003 -0.831472
vn -0.634020 0.000000 -0.773317
vn -0.702618 0.114237 -0.702337
vn -0.630326 0.113167 -0.768038
vn -0.634020 0.000000 -0.773317
vn -0.707107 0.000002 -0.707107
vn -0.094734 0.968470 -0.230417
vn -0.061243 0.959149 -0.276192
vn -0.135276 0.794092 -0.592552
vn -0.214125 0.828821 -0.516920
vn -0.061243 0.959149 -0.276192
vn -0.027734 0.951284 -0.307067
vn -0.060273 0.765310 -0.640833
vn -0.135276 0.794092 -0.592552
vn -0.135276 0.794092 -0.592552
vn -0.060273 0.765310 -0.640833
vn -0.089055 0.382368 -0.919709
vn -0.206977 0.413814 -0.886521
vn -0.214125 0.828821 -0.516920
vn -0.135276 0.794092 -0.592552
vn -0.206977 0.413814 -0.886521
vn -0.342898 0.453033 -0.822911
vn -0.027734 0.951284 -0.307067
vn -0.011603 0.948230 -0.317372
vn -0.025050 0.753748 -0.656686
vn -0.060273 0.765310 -0.640833
vn -0.011603 0.948230 -0.317372
vn -0.004734 0.947745 -0.318993
vn -0.010217 0.751215 -0.659979
vn -0.025050 0.753748 -0.656686
vn -0.025050 0.753748 -0.656686
vn -0.010217 0.751215 -0.659979
vn -0.014787 0.365986 -0.930503
vn -0.036438 0.369570 -0.928488
vn -0.060273 0.765310 -0.640833
vn -0.025050 0.753748 -0.656686
vn -0.036438 0.369570 -0.928488
vn -0.089055 0.382368 -0.919709
vn -0.089055 0.382368 -0.919709
vn -0.036438 0.369570 -0.928488
vn -0.038592 0.083107 -0.995793
vn -0.094877 0.086705 -0.991706
vn -0.036438 0.369570 -0.928488
vn -0.014787 0.365986 -0.930503
vn -0.015639 0.081858 -0.996521
vn -0.038592 0.083107 -0.995793
vn -0.038592 0.083107 -0.995793
vn -0.015639 0.081858 -0.996521
vn -0.015411 0.000003 -0.999881
vn -0.037992 0.000007 -0.999278
vn -0.094877 0.086705 -0.991706
vn -0.038592 0.083107 -0.995793
vn -0.037992 0.000007 -0.999278
vn -0.093434 0.000004 -0.995626
vn -0.342898 0.453033 -0.822911
vn -0.206977 0.413814 -0.886521
vn -0.224471 0.095017 -0.969837
vn -0.381833 0.104565 -0.918297
vn -0.206977 0.413814 -0.886521
vn -0.089055 0.382368 -0.919709
vn -0.094877 0.086705 -0.991706
vn -0.224471 0.095017 -0.969837
vn -0.224471 0.095017 -0.969837
vn -0.094877 0.086705 -0.991706
vn -0.093434 0.000004 -0.995626
vn -0.222386 0.000000 -0.974959
vn -0.381833 0.104565 -0.918297
vn -0.224471 0.095017 -0.969837
vn -0.222386 0.000000 -0.974959
vn -0.382684 -0.000005 -0.923879
vn 0.004734 0.947745 -0.318993
vn 0.011603 0.948230 -0.317372
vn 0.025049 0.753747 -0.656687
vn 0.010217 0.751215 -0.659979
vn 0.011603 0.948230 -0.317372
vn 0.027734 0.951283 -0.307068
vn 0.060274 0.765311 -0.640833
vn 0.025049 0.753747 -0.656687
vn 0.025049 0.753747 -0.656687
vn 0.060274 0.765311 -0.640833
vn 0.089056 0.382379 -0.919704
vn 0.036437 0.369582 -0.928483
vn 0.010217 0.751215 -0.659979
vn 0.025049 0.753747 -0.656687
vn 0.036437 0.369582 -0.928483
vn 0.014786 0.365989 -0.930502
vn 0.027734 0.951283 -0.307068
vn 0.061243 0.959149 -0.276193
vn 0.135278 0.794092 -0.592552
vn 0.060274 0.765311 -0.640833
vn 0.061243 0.959149 -0.276193
vn 0.094734 0.968470 -0.230417
vn 0.214126 0.828819 -0.516922
vn 0.135278 0.794092 -0.592552
vn 0.135278 0.794092 -0.592552
vn 0.214126 0.828819 -0.516922
vn 0.342898 0.453028 -0.822914
vn 0.206978 0.413817 -0.886519
vn 0.060274 0.765311 -0.640833
vn 0.135278 0.794092 -0.592552
vn 0.206978 0.413817 -0.886519
vn 0.089056 0.382379 -0.919704
vn 0.089056 0.382379 -0.919704
vn 0.206978 0.413817 -0.886519
vn 0.224471 0.095003 -0.969839
vn 0.094877 0.086688 -0.991707
vn 0.206978 0.413817 -0.886519
vn 0.342898 0.453028 -0.822914
vn 0.381832 0.104555 -0.918299
vn 0.224471 0.095003 -0.969839
vn 0.224471 0.095003 -0.969839
vn 0.381832 0.104555 -0.918299
vn 0.382683 0.000000 -0.923880
vn 0.222387 -0.000004 -0.974958
vn 0.094877 0.086688 -0.991707
vn 0.224471 0.095003 -0.969839
vn 0.222387 -0.000004 -0.974958
vn 0.093435 -0.000011 -0.995625
vn 0.014786 0.365989 -0.930502
vn 0.036437 0.369582 -0.928483
vn 0.038591 0.083100 -0.995794
vn 0.015638 0.081864 -0.996521
vn 0.036437 0.369582 -0.928483
vn 0.089056 0.382379 -0.919704
vn 0.094877 0.086688 -0.991707
vn 0.038591 0.083100 -0.995794
vn 0.038591 0.083100 -0.995794
vn 0.094877 0.086688 -0.991707
vn 0.093435 -0.000011 -0.995625
vn 0.037992 -0.000010 -0.999278
vn 0.015638 0.081864 -0.996521
vn 0.038591 0.083100 -0.995794
vn 0.037992 -0.000010 -0.999278
vn 0.015411 -0.000007 -0.999881
vn 0.094734 0.968470 -0.230417
vn 0.113209 0.970560 -0.212594
vn 0.257556 0.837861 -0.481305
vn 0.214126 0.828819 -0.516922
vn 0.113209 0.970560 -0.212594
vn 0.130231 0.972012 -0.195530
vn 0.297712 0.844293 -0.445574
vn 0.257556 0.837861 -0.481305
vn 0.257556 0.837861 -0.481305
vn 0.297712 0.844293 -0.445574
vn 0.489662 0.475339 -0.730948
vn 0.418783 0.465817 -0.779510
vn 0.214126 0.828819 -0.516922
vn 0.257556 0.837861 -0.481305
vn 0.418783 0.465817 -0.779510
vn 0.342898 0.453028 -0.822914
vn 0.130231 0.972012 -0.195530
vn 0.146305 0.972949 -0.178789
vn 0.335504 0.848509 -0.409231
vn 0.297712 0.844293 -0.445574
vn 0.146305 0.972949 -0.178789
vn 0.161849 0.973432 -0.161971
vn 0.371677 0.850710 -0.371684
vn 0.335504 0.848509 -0.409231
vn 0.335504 0.848509 -0.409231
vn 0.371677 0.850710 -0.371684
vn 0.618463 0.485247 -0.618093
vn 0.556089 0.481792 -0.677231
vn 0.297712 0.844293 -0.445574
vn 0.335504 0.848509 -0.409231
vn 0.556089 0.481792 -0.677231
vn 0.489662 0.475339 -0.730948
vn 0.489662 0.475339 -0.730948
vn 0.556089 0.481792 -0.677231
vn 0.630327 0.113163 -0.768038
vn 0.552770 0.111176 -0.825885
vn 0.556089 0.481792 -0.677231
vn 0.618463 0.485247 -0.618093
vn 0.702617 0.114235 -0.702339
vn 0.630327 0.113163 -0.768038
vn 0.630327 0.113163 -0.768038
vn 0.702617 0.114235 -0.702339
vn 0.707107 -0.000003 -0.707106
vn 0.634020 0.000005 -0.773317
vn 0.552770 0.111176 -0.825885
vn 0.630327 0.113163 -0.768038
vn 0.634020 0.000005 -0.773317
vn 0.555569 -0.000003 -0.831470
vn 0.342898 0.453028 -0.822914
vn 0.418783 0.465817 -0.779510
vn 0.469977 0.108311 -0.876008
vn 0.381832 0.104555 -0.918299
vn 0.418783 0.465817 -0.779510
vn 0.489662 0.475339 -0.730948
vn 0.552770 0.111176 -0.825885
vn 0.469977 0.108311 -0.876008
vn 0.469977 0.108311 -0.876008
vn 0.552770 0.111176 -0.825885
vn 0.555569 -0.000003 -0.831470
vn 0.471822 -0.000005 -0.881694
vn 0.381832 0.104555 -0.918299
vn 0.469977 0.108311 -0.876008
vn 0.471822 -0.000005 -0.881694
vn 0.382683 0.000000 -0.923880
vn 0.161849 0.973432 -0.161971
vn 0.176847 0.973509 -0.144933
vn 0.406053 0.851055 -0.332906
vn 0.371677 0.850710 -0.371684
vn 0.176847 0.973509 -0.144933
vn 0.191438 0.973161 -0.127708
vn 0.438717 0.849471 -0.293132
vn 0.406053 0.851055 -0.332906
vn 0.406053 0.851055 -0.332906
vn 0.438717 0.849471 -0.293132
vn 0.727627 0.483292 -0.486813
vn 0.675859 0.485772 -0.554292
vn 0.371677 0.850710 -0.371684
vn 0.406053 0.851055 -0.332906
vn 0.675859 0.485772 -0.554292
vn 0.618463 0.485247 -0.618093
vn 0.191438 0.973161 -0.127708
vn 0.205973 0.972369 -0.109878
vn 0.470257 0.845894 -0.251638
vn 0.438717 0.849471 -0.293132
vn 0.205973 0.972369 -0.109878
vn 0.220792 0.971070 -0.090966
vn 0.501134 0.840108 -0.207566
vn 0.470257 0.845894 -0.251638
vn 0.470257 0.845894 -0.251638
vn 0.501134 0.840108 -0.207566
vn 0.815396 0.469118 -0.339201
vn 0.774113 0.477786 -0.415294
vn 0.438717 0.849471 -0.293132
vn 0.470257 0.845894 -0.251638
vn 0.774113 0.477786 -0.415294
vn 0.727627 0.483292 -0.486813
vn 0.727627 0.483292 -0.486813
vn 0.774113 0.477786 -0.415294
vn 0.875833 0.111912 -0.469460
vn 0.825871 0.113590 -0.552299
vn 0.774113 0.477786 -0.415294
vn 0.815396 0.469118 -0.339201
vn 0.917965 0.109326 -0.381298
vn 0.875833 0.111912 -0.469460
vn 0.875833 0.111912 -0.469460
vn 0.917965 0.109326 -0.381298
vn 0.923878 0.000008 -0.382687
vn 0.881693 -0.000015 -0.471824
vn 0.825871 0.113590 -0.552299
vn 0.875833 0.111912 -0.469460
vn 0.881693 -0.000015 -0.471824
vn 0.831470 -0.000015 -0.555569
vn 0.618463 0.485247 -0.618093
vn 0.675859 0.485772 -0.554292
vn 0.768179 0.114376 -0.629936
vn 0.702617 0.114235 -0.702339
vn 0.675859 0.485772 -0.554292
vn 0.727627 0.483292 -0.486813
vn 0.825871 0.113590 -0.552299
vn 0.768179 0.114376 -0.629936
vn 0.768179 0.114376 -0.629936
vn 0.825871 0.113590 -0.552299
vn 0.831470 -0.000015 -0.555569
vn 0.773320 -0.000007 -0.634016
vn 0.702617 0.114235 -0.702339
vn 0.768179 0.114376 -0.629936
vn 0.773320 -0.000007 -0.634016
vn 0.707107 -0.000003 -0.707106
vn 0.220792 0.971070 -0.090966
vn 0.255096 0.965111 -0.059051
vn 0.561618 0.816675 -0.132771
vn 0.501134 0.840108 -0.207566
vn 0.255096 0.965111 -0.059051
vn 0.278599 0.960014 -0.027489
vn 0.601565 0.796472 -0.061247
vn 0.561618 0.816675 -0.132771
vn 0.561618 0.816675 -0.132771
vn 0.601565 0.796472 -0.061247
vn 0.904705 0.415464 -0.094334
vn 0.872990 0.440269 -0.209885
vn 0.501134 0.840108 -0.207566
vn 0.561618 0.816675 -0.132771
vn 0.872990 0.440269 -0.209885
vn 0.815396 0.469118 -0.339201
vn 0.278599 0.960014 -0.027489
vn 0.286822 0.957912 -0.011737
vn 0.615454 0.787742 -0.026056
vn 0.601565 0.796472 -0.061247
vn 0.286822 0.957912 -0.011737
vn 0.288247 0.957544 -0.004849
vn 0.618523 0.785693 -0.010766
vn 0.615454 0.787742 -0.026056
vn 0.615454 0.787742 -0.026056
vn 0.618523 0.785693 -0.010766
vn 0.915864 0.401156 -0.016316
vn 0.913709 0.404431 -0.039641
vn 0.601565 0.796472 -0.061247
vn 0.615454 0.787742 -0.026056
vn 0.913709 0.404431 -0.039641
vn 0.904705 0.415464 -0.094334
vn 0.904705 0.415464 -0.094334
vn 0.913709 0.404431 -0.039641
vn 0.994833 0.092088 -0.042735
vn 0.990178 0.095296 -0.102304
vn 0.913709 0.404431 -0.039641
vn 0.915864 0.401156 -0.016316
vn 0.995704 0.090918 -0.017562
vn 0.994833 0.092088 -0.042735
vn 0.994833 0.092088 -0.042735
vn 0.995704 0.090918 -0.017562
vn 0.999849 0.000000 -0.017364
vn 0.999108 -0.000007 -0.042232
vn 0.990178 0.095296 -0.102304
vn 0.994833 0.092088 -0.042735
vn 0.999108 -0.000007 -0.042232
vn 0.994866 -0.000013 -0.101198
vn 0.815396 0.469118 -0.339201
vn 0.872990 0.440269 -0.209885
vn 0.967531 0.102147 -0.231194
vn 0.917965 0.109326 -0.381298
vn 0.872990 0.440269 -0.209885
vn 0.904705 0.415464 -0.094334
vn 0.990178 0.095296 -0.102304
vn 0.967531 0.102147 -0.231194
vn 0.967531 0.102147 -0.231194
vn 0.990178 0.095296 -0.102304
vn 0.994866 -0.000013 -0.101198
vn 0.973186 0.000005 -0.230019
vn 0.917965 0.109326 -0.381298
vn 0.967531 0.102147 -0.231194
vn 0.973186 0.000005 -0.230019
vn 0.923878 0.000008 -0.382687
vn 0.000000 1.000000 0.000000
vn 0.000000 1.000000 0.000000
vn 0.000000 1.000000 0.000000
vn 0.000000 1.000000 0.000000
vn 0.000000 1.000000 0.000000
vn 0.000000 1.000000 0.000000
vn 0.000000 1.000000 0.000000
vn 0.000000 1.000000 0.000000
vn 0.000000 1.000000 0.000000
vn 0.000000 1.000000 0.000000
vn 0.000000 1.000000 0.000000
vn 0.000000 1.000000 0.000000
vn 0.000000 1.000000 0.000000
vn 0.000000 1.000000 0.000000
vn 0.000000 1.000000 0.000000
vn 0.000000 1.000000 0.000000
vn 0.000000 1.000000 0.000000
vn 0.000000 1.000000 0.000000
vn 0.000000 1.000000 0.000000
vn 0.000000 1.000000 0.000000
vn 0.000000 1.000000 0.000000
vn 0.000000 1.000000 0.000000
vn 0.000000 1.000000 0.000000
vn 0.000000 1.000000 0.000000
vn 0.000000 1.000000 0.000000
vn 0.000000 1.000000 0.000000
vn 0.000000 1.000000 0.000000
vn 0.000000 1.000000 0.000000
vn 0.000000 1.000000 0.000000
vn 0.000000 1.000000 0.000000
vn 0.000000 1.000000 0.000000
vn 0.000000 1.000000 0.000000
vn 0.000000 1.000000 0.000000
vn 0.000000 1.000000 0.000000
vn 0.000000 1.000000 0.000000
vn 0.000000 1.000000 0.000000
vn 0.000000 1.000000 0.000000
vn 0.000000 1.000000 0.000000
vn 0.000000 1.000000 0.000000
vn 0.000000 1.000000 0.000000
vn 0.000000 1.000000 0.000000
vn 0.000000 1.000000 0.000000
vn 0.000000 1.000000 0.000000
vn 0.000000 1.000000 0.000000
vn 0.000000 1.000000 0.000000
vn 0.000000 1.000000 0.000000
vn 0.000000 1.000000 0.000000
vn 0.000000 1.000000 0.000000
vn 0.000000 1.000000 0.000000
vn 0.000000 1.000000 0.000000
vn 0.000000 1.000000 0.000000
vn 0.000000 1.000000 0.000000
vn 0.000000 1.000000 0.000000
vn 0.000000 1.000000 0.000000
vn 0.000000 1.000000 0.000000
vn 0.000000 1.000000 0.000000
vn 0.000000 1.000000 0.000000
vn 0.000000 1.000000 0.000000
vn 0.000000 1.000000 0.000000
vn 0.000000 1.000000 0.000000
vn 0.000000 1.000000 0.000000
vn 0.000000 1.000000 0.000000
vn 0.000000 1.000000 0.000000
vn 0.000000 1.000000 0.000000
vn 0.000000 -1.000000 0.000000
vn 0.000000 -1.000000 0.000000
vn 0.000000 -1.000000 0.000000
vn 0.000000 -1.000000 0.000000
vn 0.000000 -1.000000 0.000000
vn 0.000000 -1.000000 0.000000
vn 0.000000 -1.000000 0.000000
vn 0.000000 -1.000000 0.000000
vn 0.000000 -1.000000 0.000000
vn 0.000000 -1.000000 0.000000
vn 0.000000 -1.000000 0.000000
vn 0.000000 -1.000000 0.000000
vn 0.000000 -1.000000 0.000000
vn 0.000000 -1.000000 0.000000
vn 0.000000 -1.000000 0.000000
vn 0.000000 -1.000000 0.000000
vn 0.000000 -1.000000 0.000000
vn 0.000000 -1.000000 0.000000
vn 0.000000 -1.000000 0.000000
vn 0.000000 -1.000000 0.000000
vn 0.000000 -1.000000 0.000000
vn 0.000000 -1.000000 0.000000
vn 0.000000 -1.000000 0.000000
vn 0.000000 -1.000000 0.000000
vn 0.000000 -1.000000 0.000000
vn 0.000000 -1.000000 0.000000
vn 0.000000 -1.000000 0.000000
vn 0.000000 -1.000000 0.000000
vn 0.000000 -1.000000 0.000000
vn 0.000000 -1.000000 0.000000
vn 0.000000 -1.000000 0.000000
vn 0.000000 -1.000000 0.000000
vn 0.000000 -1.000000 0.000000
vn 0.000000 -1.000000 0.000000
vn 0.000000 -1.000000 0.000000
vn 0.000000 -1.000000 0.000000
vn 0.000000 -1.000000 0.000000
vn 0.000000 -1.000000 0.000000
vn 0.000000 -1.000000 0.000000
vn 0.000000 -1.000000 0.000000
vn 0.000000 -1.000000 0.000000
vn 0.000000 -1.000000 0.000000
vn 0.000000 -1.000000 0.000000
vn 0.000000 -1.000000 0.000000
vn 0.000000 -1.000000 0.000000
vn 0.000000 -1.000000 0.000000
vn 0.000000 -1.000000 0.000000
vn 0.000000 -1.000000 0.000000
vn 0.000000 -1.000000 0.000000
vn 0.000000 -1.000000 0.000000
vn 0.000000 -1.000000 0.000000
vn 0.000000 -1.000000 0.000000
vn 0.000000 -1.000000 0.000000
vn 0.000000 -1.000000 0.000000
vn 0.000000 -1.000000 0.000000
vn 0.000000 -1.000000 0.000000
vn 0.000000 -1.000000 0.000000
vn 0.000000 -1.000000 0.000000
vn 0.000000 -1.000000 0.000000
vn 0.000000 -1.000000 0.000000
vn 0.000000 -1.000000 0.000000
vn 0.000000 -1.000000 0.000000
vn 0.000000 -1.000000 0.000000
vn 0.000000 -1.000000 0.000000
vn 0.220792 0.971070 -0.090966
vn 0.205973 0.972369 -0.109878
vn 0.080866 0.995775 -0.043500
vn 0.088435 0.995419 -0.036334
vn 0.205973 0.972369 -0.109878
vn 0.191438 0.973161 -0.127708
vn 0.072867 0.996134 -0.049064
vn 0.080866 0.995775 -0.043500
vn 0.080866 0.995775 -0.043500
vn 0.072867 0.996134 -0.049064
vn 0.023724 0.999579 -0.016728
vn 0.028401 0.999469 -0.015993
vn 0.088435 0.995419 -0.036334
vn 0.080866 0.995775 -0.043500
vn 0.028401 0.999469 -0.015993
vn 0.032773 0.999373 -0.013416
vn 0.191438 0.973161 -0.127708
vn 0.176847 0.973509 -0.144933
vn 0.065796 0.996359 -0.054222
vn 0.072867 0.996134 -0.049064
vn 0.176847 0.973509 -0.144933
vn 0.161849 0.973432 -0.161971
vn 0.059799 0.996412 -0.059886
vn 0.065796 0.996359 -0.054222
vn 0.065796 0.996359 -0.054222
vn 0.059799 0.996412 -0.059886
vn 0.018500 0.999657 -0.018530
vn 0.020505 0.999640 -0.017323
vn 0.072867 0.996134 -0.049064
vn 0.065796 0.996359 -0.054222
vn 0.020505 0.999640 -0.017323
vn 0.023724 0.999579 -0.016728
vn 0.023724 0.999579 -0.016728
vn 0.020505 0.999640 -0.017323
vn 0.003672 0.999988 -0.003252
vn 0.004413 0.999985 -0.003402
vn 0.020505 0.999640 -0.017323
vn 0.018500 0.999657 -0.018530
vn 0.003322 0.999989 -0.003326
vn 0.003672 0.999988 -0.003252
vn 0.003672 0.999988 -0.003252
vn 0.003322 0.999989 -0.003326
vn 0.000000 1.000000 0.000000
vn 0.000000 1.000000 0.000000
vn 0.004413 0.999985 -0.003402
vn 0.003672 0.999988 -0.003252
vn 0.000000 1.000000 0.000000
vn 0.000000 1.000000 0.000000
vn 0.032773 0.999373 -0.013416
vn 0.028401 0.999469 -0.015993
vn 0.006140 0.999974 -0.003768
vn 0.008465 0.999958 -0.003397
vn 0.028401 0.999469 -0.015993
vn 0.023724 0.999579 -0.016728
vn 0.004413 0.999985 -0.003402
vn 0.006140 0.999974 -0.003768
vn 0.006140 0.999974 -0.003768
vn 0.004413 0.999985 -0.003402
vn 0.000000 1.000000 0.000000
vn 0.000000 1.000000 0.000000
vn 0.008465 0.999958 -0.003397
vn 0.006140 0.999974 -0.003768
vn 0.000000 1.000000 0.000000
vn 0.000000 1.000000 0.000000
vn 0.161849 0.973432 -0.161971
vn 0.146305 0.972949 -0.178789
vn 0.054607 0.996294 -0.066455
vn 0.059799 0.996412 -0.059886
vn 0.146305 0.972949 -0.178789
vn 0.130231 0.972012 -0.195530
vn 0.049862 0.995990 -0.074276
vn 0.054607 0.996294 -0.066455
vn 0.054607 0.996294 -0.066455
vn 0.049862 0.995990 -0.074276
vn 0.016885 0.999568 -0.024039
vn 0.017383 0.999636 -0.020643
vn 0.059799 0.996412 -0.059886
vn 0.054607 0.996294 -0.066455
vn 0.017383 0.999636 -0.020643
vn 0.018500 0.999657 -0.018530
vn 0.130231 0.972012 -0.195530
vn 0.113209 0.970560 -0.212594
vn 0.044679 0.995521 -0.083317
vn 0.049862 0.995990 -0.074276
vn 0.113209 0.970560 -0.212594
vn 0.094734 0.968470 -0.230417
vn 0.037790 0.995016 -0.092280
vn 0.044679 0.995521 -0.083317
vn 0.044679 0.995521 -0.083317
vn 0.037790 0.995016 -0.092280
vn 0.013845 0.999327 -0.033982
vn 0.016287 0.999445 -0.029057
vn 0.049862 0.995990 -0.074276
vn 0.044679 0.995521 -0.083317
vn 0.016287 0.999445 -0.029057
vn 0.016885 0.999568 -0.024039
vn 0.016885 0.999568 -0.024039
vn 0.016287 0.999445 -0.029057
vn 0.003784 0.999974 -0.006219
vn 0.003406 0.999984 -0.004436
vn 0.016287 0.999445 -0.029057
vn 0.013845 0.999327 -0.033982
vn 0.003455 0.999956 -0.008717
vn 0.003784 0.999974 -0.006219
vn 0.003784 0.999974 -0.006219
vn 0.003455 0.999956 -0.008717
vn 0.000000 1.000000 0.000000
vn 0.000000 1.000000 0.000000
vn 0.003406 0.999984 -0.004436
vn 0.003784 0.999974 -0.006219
vn 0.000000 1.000000 0.000000
vn 0.000000 1.000000 0.000000
vn 0.018500 0.999657 -0.018530
vn 0.017383 0.999636 -0.020643
vn 0.003251 0.999988 -0.003680
vn 0.003322 0.999989 -0.003326
vn 0.017383 0.999636 -0.020643
vn 0.016885 0.999568 -0.024039
vn 0.003406 0.999984 -0.004436
vn 0.003251 0.999988 -0.003680
vn 0.003251 0.999988 -0.003680
vn 0.003406 0.999984 -0.004436
vn 0.000000 1.000000 0.000000
vn 0.000000 1.000000 0.000000
vn 0.003322 0.999989 -0.003326
vn 0.003251 0.999988 -0.003680
vn 0.000000 1.000000 0.000000
vn 0.000000 1.000000 0.000000
vn 0.094734 0.968470 -0.230417
vn 0.061243 0.959149 -0.276193
vn 0.023329 0.993742 -0.109238
vn 0.037790 0.995016 -0.092280
vn 0.061243 0.959149 -0.276193
vn 0.027734 0.951283 -0.307068
vn 0.009900 0.993152 -0.116407
vn 0.023329 0.993742 -0.109238
vn 0.023329 0.993742 -0.109238
vn 0.009900 0.993152 -0.116407
vn 0.002658 0.999352 -0.035888
vn 0.007383 0.999256 -0.037863
vn 0.037790 0.995016 -0.092280
vn 0.023329 0.993742 -0.109238
vn 0.007383 0.999256 -0.037863
vn 0.013845 0.999327 -0.033982
vn 0.027734 0.951283 -0.307068
vn 0.011603 0.948230 -0.317372
vn 0.003948 0.993300 -0.115501
vn 0.009900 0.993152 -0.116407
vn 0.011603 0.948230 -0.317372
vn 0.004734 0.947745 -0.318993
vn 0.001558 0.993624 -0.112731
vn 0.003948 0.993300 -0.115501
vn 0.003948 0.993300 -0.115501
vn 0.001558 0.993624 -0.112731
vn 0.000365 0.999523 -0.030880
vn 0.000970 0.999455 -0.032998
vn 0.009900 0.993152 -0.116407
vn 0.003948 0.993300 -0.115501
vn 0.000970 0.999455 -0.032998
vn 0.002658 0.999352 -0.035888
vn 0.002658 0.999352 -0.035888
vn 0.000970 0.999455 -0.032998
vn 0.000120 0.999984 -0.005591
vn 0.000359 0.999979 -0.006465
vn 0.000970 0.999455 -0.032998
vn 0.000365 0.999523 -0.030880
vn 0.000043 0.999987 -0.005072
vn 0.000120 0.999984 -0.005591
vn 0.000120 0.999984 -0.005591
vn 0.000043 0.999987 -0.005072
vn 0.000000 1.000000 0.000000
vn 0.000000 1.000000 0.000000
vn 0.000359 0.999979 -0.006465
vn 0.000120 0.999984 -0.005591
vn 0.000000 1.000000 0.000000
vn 0.000000 1.000000 0.000000
vn 0.013845 0.999327 -0.033982
vn 0.007383 0.999256 -0.037863
vn 0.001279 0.999967 -0.008043
vn 0.003455 0.999956 -0.008717
vn 0.007383 0.999256 -0.037863
vn 0.002658 0.999352 -0.035888
vn 0.000359 0.999979 -0.006465
vn 0.001279 0.999967 -0.008043
vn 0.001279 0.999967 -0.008043
vn 0.000359 0.999979 -0.006465
vn 0.000000 1.000000 0.000000
vn 0.000000 1.000000 0.000000
vn 0.003455 0.999956 -0.008717
vn 0.001279 0.999967 -0.008043
vn 0.000000 1.000000 0.000000
vn 0.000000 1.000000 0.000000
vn 0.004734 0.947745 -0.318993
vn 0.001928 0.949308 -0.314343
vn 0.000625 0.994056 -0.108866
vn 0.001558 0.993624 -0.112731
vn 0.001928 0.949308 -0.314343
vn 0.000714 0.950189 -0.311675
vn 0.000229 0.994284 -0.106766
vn 0.000625 0.994056 -0.108866
vn 0.000625 0.994056 -0.108866
vn 0.000229 0.994284 -0.106766
vn 0.000052 0.999596 -0.028415
vn 0.000144 0.999572 -0.029245
vn 0.001558 0.993624 -0.112731
vn 0.000625 0.994056 -0.108866
vn 0.000144 0.999572 -0.029245
vn 0.000365 0.999523 -0.030880
vn 0.000714 0.950189 -0.311675
vn 0.000162 0.950699 -0.310116
vn 0.000052 0.994393 -0.105745
vn 0.000229 0.994284 -0.106766
vn 0.000162 0.950699 -0.310116
vn 0.000000 0.950880 -0.309559
vn 0.000000 0.994426 -0.105441
vn 0.000052 0.994393 -0.105745
vn 0.000052 0.994393 -0.105745
vn 0.000000 0.994426 -0.105441
vn 0.000000 0.999609 -0.027964
vn 0.000012 0.999606 -0.028057
vn 0.000229 0.994284 -0.106766
vn 0.000052 0.994393 -0.105745
vn 0.000012 0.999606 -0.028057
vn 0.000052 0.999596 -0.028415
vn 0.000052 0.999596 -0.028415
vn 0.000012 0.999606 -0.028057
vn 0.000001 0.999990 -0.004495
vn 0.000006 0.999990 -0.004565
vn 0.000012 0.999606 -0.028057
vn 0.000000 0.999609 -0.027964
vn 0.000000 0.999990 -0.004479
vn 0.000001 0.999990 -0.004495
vn 0.000001 0.999990 -0.004495
vn 0.000000 0.999990 -0.004479
vn 0.000000 1.000000 0.000000
vn 0.000000 1.000000 0.000000
vn 0.000006 0.999990 -0.004565
vn 0.000001 0.999990 -0.004495
vn 0.000000 1.000000 0.000000
vn 0.000000 1.000000 0.000000
vn 0.000365 0.999523 -0.030880
vn 0.000144 0.999572 -0.029245
vn 0.000017 0.999989 -0.004733
vn 0.000043 0.999987 -0.005072
vn 0.000144 0.999572 -0.029245
vn 0.000052 0.999596 -0.028415
vn 0.000006 0.999990 -0.004565
vn 0.000017 0.999989 -0.004733
vn 0.000017 0.999989 -0.004733
vn 0.000006 0.999990 -0.004565
vn 0.000000 1.000000 0.000000
vn 0.000000 1.000000 0.000000
vn 0.000043 0.999987 -0.005072
vn 0.000017 0.999989 -0.004733
vn 0.000000 1.000000 0.000000
vn 0.000000 1.000000 0.000000
vn -0.004734 0.947745 -0.318993
vn -0.011603 0.948230 -0.317372
vn -0.003948 0.993300 -0.115501
vn -0.001558 0.993624 -0.112731
vn -0.011603 0.948230 -0.317372
vn -0.027734 0.951284 -0.307067
vn -0.009900 0.993152 -0.116408
vn -0.003948 0.993300 -0.115501
vn -0.003948 0.993300 -0.115501
vn -0.009900 0.993152 -0.116408
vn -0.002658 0.999352 -0.035888
vn -0.000970 0.999455 -0.032998
vn -0.001558 0.993624 -0.112731
vn -0.003948 0.993300 -0.115501
vn -0.000970 0.999455 -0.032998
vn -0.000365 0.999523 -0.030879
vn -0.027734 0.951284 -0.307067
vn -0.061243 0.959149 -0.276192
vn -0.023329 0.993742 -0.109238
vn -0.009900 0.993152 -0.116408
vn -0.061243 0.959149 -0.276192
vn -0.094734 0.968470 -0.230417
vn -0.037790 0.995016 -0.092280
vn -0.023329 0.993742 -0.109238
vn -0.023329 0.993742 -0.109238
vn -0.037790 0.995016 -0.092280
vn -0.013845 0.999327 -0.033982
vn -0.007383 0.999256 -0.037863
vn -0.009900 0.993152 -0.116408
vn -0.023329 0.993742 -0.109238
vn -0.007383 0.999256 -0.037863
vn -0.002658 0.999352 -0.035888
vn -0.002658 0.999352 -0.035888
vn -0.007383 0.999256 -0.037863
vn -0.001279 0.999967 -0.008043
vn -0.000359 0.999979 -0.006465
vn -0.007383 0.999256 -0.037863
vn -0.013845 0.999327 -0.033982
vn -0.003455 0.999956 -0.008717
vn -0.001279 0.999967 -0.008043
vn -0.001279 0.999967 -0.008043
vn -0.003455 0.999956 -0.008717
vn 0.000000 1.000000 0.000000
vn 0.000000 1.000000 0.000000
vn -0.000359 0.999979 -0.006465
vn -0.001279 0.999967 -0.008043
vn 0.000000 1.000000 0.000000
vn 0.000000 1.000000 0.000000
vn -0.000365 0.999523 -0.030879
vn -0.000970 0.999455 -0.032998
vn -0.000120 0.999984 -0.005591
vn -0.000043 0.999987 -0.005072
vn -0.000970 0.999455 -0.032998
vn -0.002658 0.999352 -0.035888
vn -0.000359 0.999979 -0.006465
vn -0.000120 0.999984 -0.005591
vn -0.000120 0.999984 -0.005591
vn -0.000359 0.999979 -0.006465
vn 0.000000 1.000000 0.000000
vn 0.000000 1.000000 0.000000
vn -0.000043 0.999987 -0.005072
vn -0.000120 0.999984 -0.005591
vn 0.000000 1.000000 0.000000
vn 0.000000 1.000000 0.000000
vn -0.094734 0.968470 -0.230417
vn -0.113210 0.970560 -0.212594
vn -0.044679 0.995521 -0.083318
vn -0.037790 0.995016 -0.092280
vn -0.113210 0.970560 -0.212594
vn -0.130232 0.972012 -0.195531
vn -0.049862 0.995990 -0.074276
vn -0.044679 0.995521 -0.083318
vn -0.044679 0.995521 -0.083318
vn -0.049862 0.995990 -0.074276
vn -0.016885 0.999568 -0.024038
vn -0.016287 0.999445 -0.029057
vn -0.037790 0.995016 -0.092280
vn -0.044679 0.995521 -0.083318
vn -0.016287 0.999445 -0.029057
vn -0.013845 0.999327 -0.033982
vn -0.130232 0.972012 -0.195531
vn -0.146305 0.972949 -0.178789
vn -0.054607 0.996294 -0.066455
vn -0.049862 0.995990 -0.074276
vn -0.146305 0.972949 -0.178789
vn -0.161850 0.973432 -0.161972
vn -0.059799 0.996412 -0.059886
vn -0.054607 0.996294 -0.066455
vn -0.054607 0.996294 -0.066455
vn -0.059799 0.996412 -0.059886
vn -0.018500 0.999657 -0.018530
vn -0.017382 0.999636 -0.020643
vn -0.049862 0.995990 -0.074276
vn -0.054607 0.996294 -0.066455
vn -0.017382 0.999636 -0.020643
vn -0.016885 0.999568 -0.024038
vn -0.016885 0.999568 -0.024038
vn -0.017382 0.999636 -0.020643
vn -0.003251 0.999988 -0.003681
vn -0.003406 0.999984 -0.004436
vn -0.017382 0.999636 -0.020643
vn -0.018500 0.999657 -0.018530
vn -0.003322 0.999989 -0.003326
vn -0.003251 0.999988 -0.003681
vn -0.003251 0.999988 -0.003681
vn -0.003322 0.999989 -0.003326
vn 0.000000 1.000000 0.000000
vn 0.000000 1.000000 0.000000
vn -0.003406 0.999984 -0.004436
vn -0.003251 0.999988 -0.003681
vn 0.000000 1.000000 0.000000
vn 0.000000 1.000000 0.000000
vn -0.013845 0.999327 -0.033982
vn -0.016287 0.999445 -0.029057
vn -0.003784 0.999974 -0.006219
vn -0.003455 0.999956 -0.008717
vn -0.016287 0.999445 -0.029057
vn -0.016885 0.999568 -0.024038
vn -0.003406 0.999984 -0.004436
vn -0.003784 0.999974 -0.006219
vn -0.003784 0.999974 -0.006219
vn -0.003406 0.999984 -0.004436
vn 0.000000 1.000000 0.000000
vn 0.000000 1.000000 0.000000
vn -0.003455 0.999956 -0.008717
vn -0.003784 0.999974 -0.006219
vn 0.000000 1.000000 0.000000
vn 0.000000 1.000000 0.000000
vn -0.161850 0.973432 -0.161972
vn -0.176847 0.973509 -0.144934
vn -0.065797 0.996359 -0.054222
vn -0.059799 0.996412 -0.059886
vn -0.176847 0.973509 -0.144934
vn -0.191438 0.973161 -0.127708
vn -0.072868 0.996134 -0.049064
vn -0.065797 0.996359 -0.054222
vn -0.065797 0.996359 -0.054222
vn -0.072868 0.996134 -0.049064
vn -0.023725 0.999579 -0.016728
vn -0.020505 0.999640 -0.017323
vn -0.059799 0.996412 -0.059886
vn -0.065797 0.996359 -0.054222
vn -0.020505 0.999640 -0.017323
vn -0.018500 0.999657 -0.018530
vn -0.191438 0.973161 -0.127708
vn -0.205971 0.972370 -0.109878
vn -0.080866 0.995775 -0.043500
vn -0.072868 0.996134 -0.049064
vn -0.205971 0.972370 -0.109878
vn -0.220792 0.971069 -0.090968
vn -0.088435 0.995419 -0.036335
vn -0.080866 0.995775 -0.043500
vn -0.080866 0.995775 -0.043500
vn -0.088435 0.995419 -0.036335
vn -0.032773 0.999373 -0.013416
vn -0.028401 0.999469 -0.015993
vn -0.072868 0.996134 -0.049064
vn -0.080866 0.995775 -0.043500
vn -0.028401 0.999469 -0.015993
vn -0.023725 0.999579 -0.016728
vn -0.023725 0.999579 -0.016728
vn -0.028401 0.999469 -0.015993
vn -0.006140 0.999974 -0.003768
vn -0.004413 0.999985 -0.003402
vn -0.028401 0.999469 -0.015993
vn -0.032773 0.999373 -0.013416
vn -0.008465 0.999958 -0.003397
vn -0.006140 0.999974 -0.003768
vn -0.006140 0.999974 -0.003768
vn -0.008465 0.999958 -0.003397
vn 0.000000 1.000000 0.000000
vn 0.000000 1.000000 0.000000
vn -0.004413 0.999985 -0.003402
vn -0.006140 0.999974 -0.003768
vn 0.000000 1.000000 0.000000
vn 0.000000 1.000000 0.000000
vn -0.018500 0.999657 -0.018530
vn -0.020505 0.999640 -0.017323
vn -0.003672 0.999988 -0.003252
vn -0.003322 0.999989 -0.003326
vn -0.020505 0.999640 -0.017323
vn -0.023725 0.999579 -0.016728
vn -0.004413 0.999985 -0.003402
vn -0.003672 0.999988 -0.003252
vn -0.003672 0.999988 -0.003252
vn -0.004413 0.999985 -0.003402
vn 0.000000 1.000000 0.000000
vn 0.000000 1.000000 0.000000
vn -0.003322 0.999989 -0.003326
vn -0.003672 0.999988 -0.003252
vn 0.000000 1.000000 0.000000
vn 0.000000 1.000000 0.000000
vn -0.220792 0.971069 -0.090968
vn -0.255098 0.965110 -0.059051
vn -0.100672 0.994664 -0.022569
vn -0.088435 0.995419 -0.036335
vn -0.255098 0.965110 -0.059051
vn -0.278594 0.960015 -0.027488
vn -0.105614 0.994358 -0.009881
vn -0.100672 0.994664 -0.022569
vn -0.100672 0.994664 -0.022569
vn -0.105614 0.994358 -0.009881
vn -0.033248 0.999443 -0.002716
vn -0.035301 0.999350 -0.007247
vn -0.088435 0.995419 -0.036335
vn -0.100672 0.994664 -0.022569
vn -0.035301 0.999350 -0.007247
vn -0.032773 0.999373 -0.013416
vn -0.278594 0.960015 -0.027488
vn -0.286824 0.957911 -0.011738
vn -0.104750 0.994490 -0.004038
vn -0.105614 0.994358 -0.009881
vn -0.286824 0.957911 -0.011738
vn -0.288254 0.957542 -0.004849
vn -0.102549 0.994727 -0.001621
vn -0.104750 0.994490 -0.004038
vn -0.104750 0.994490 -0.004038
vn -0.102549 0.994727 -0.001621
vn -0.028893 0.999582 -0.000391
vn -0.030709 0.999528 -0.001020
vn -0.105614 0.994358 -0.009881
vn -0.104750 0.994490 -0.004038
vn -0.030709 0.999528 -0.001020
vn -0.033248 0.999443 -0.002716
vn -0.033248 0.999443 -0.002716
vn -0.030709 0.999528 -0.001020
vn -0.005325 0.999986 -0.000129
vn -0.006120 0.999981 -0.000373
vn -0.030709 0.999528 -0.001020
vn -0.028893 0.999582 -0.000391
vn -0.004859 0.999988 -0.000047
vn -0.005325 0.999986 -0.000129
vn -0.005325 0.999986 -0.000129
vn -0.004859 0.999988 -0.000047
vn 0.000000 1.000000 0.000000
vn 0.000000 1.000000 0.000000
vn -0.006120 0.999981 -0.000373
vn -0.005325 0.999986 -0.000129
vn 0.000000 1.000000 0.000000
vn 0.000000 1.000000 0.000000
vn -0.032773 0.999373 -0.013416
vn -0.035301 0.999350 -0.007247
vn -0.007618 0.999970 -0.001282
vn -0.008465 0.999958 -0.003397
vn -0.035301 0.999350 -0.007247
vn -0.033248 0.999443 -0.002716
vn -0.006120 0.999981 -0.000373
vn -0.007618 0.999970 -0.001282
vn -0.007618 0.999970 -0.001282
vn -0.006120 0.999981 -0.000373
vn 0.000000 1.000000 0.000000
vn 0.000000 1.000000 0.000000
vn -0.008465 0.999958 -0.003397
vn -0.007618 0.999970 -0.001282
vn 0.000000 1.000000 0.000000
vn 0.000000 1.000000 0.000000
vn -0.288254 0.957542 -0.004849
vn -0.284769 0.958594 -0.001991
vn -0.099582 0.995029 -0.000657
vn -0.102549 0.994727 -0.001621
vn -0.284769 0.958594 -0.001991
vn -0.282759 0.959191 -0.000740
vn -0.097965 0.995190 -0.000242
vn -0.099582 0.995029 -0.000657
vn -0.099582 0.995029 -0.000657
vn -0.097965 0.995190 -0.000242
vn -0.026828 0.999640 -0.000057
vn -0.027527 0.999621 -0.000156
vn -0.102549 0.994727 -0.001621
vn -0.099582 0.995029 -0.000657
vn -0.027527 0.999621 -0.000156
vn -0.028893 0.999582 -0.000391
vn -0.282759 0.959191 -0.000740
vn -0.281594 0.959534 -0.000168
vn -0.097188 0.995266 -0.000055
vn -0.097965 0.995190 -0.000242
vn -0.281594 0.959534 -0.000168
vn -0.281173 0.959657 0.000000
vn -0.096956 0.995289 0.000000
vn -0.097188 0.995266 -0.000055
vn -0.097188 0.995266 -0.000055
vn -0.096956 0.995289 0.000000
vn -0.026450 0.999650 0.000000
vn -0.026528 0.999648 -0.000013
vn -0.097965 0.995190 -0.000242
vn -0.097188 0.995266 -0.000055
vn -0.026528 0.999648 -0.000013
vn -0.026828 0.999640 -0.000057
vn -0.026828 0.999640 -0.000057
vn -0.026528 0.999648 -0.000013
vn -0.004348 0.999991 -0.000002
vn -0.004409 0.999990 -0.000007
vn -0.026528 0.999648 -0.000013
vn -0.026450 0.999650 0.000000
vn -0.004333 0.999991 0.000000
vn -0.004348 0.999991 -0.000002
vn -0.004348 0.999991 -0.000002
vn -0.004333 0.999991 0.000000
vn 0.000000 1.000000 0.000000
vn 0.000000 1.000000 0.000000
vn -0.004409 0.999990 -0.000007
vn -0.004348 0.999991 -0.000002
vn 0.000000 1.000000 0.000000
vn 0.000000 1.000000 0.000000
vn -0.028893 0.999582 -0.000391
vn -0.027527 0.999621 -0.000156
vn -0.004559 0.999990 -0.000019
vn -0.004859 0.999988 -0.000047
vn -0.027527 0.999621 -0.000156
vn -0.026828 0.999640 -0.000057
vn -0.004409 0.999990 -0.000007
vn -0.004559 0.999990 -0.000019
vn -0.004559 0.999990 -0.000019
vn -0.004409 0.999990 -0.000007
vn 0.000000 1.000000 0.000000
vn 0.000000 1.000000 0.000000
vn -0.004859 0.999988 -0.000047
vn -0.004559 0.999990 -0.000019
vn 0.000000 1.000000 0.000000
vn 0.000000 1.000000 0.000000
vn -0.288251 0.957543 0.004849
vn -0.286822 0.957912 0.011738
vn -0.104751 0.994490 0.004038
vn -0.102550 0.994727 0.001621
vn -0.286822 0.957912 0.011738
vn -0.278595 0.960015 0.027488
vn -0.105612 0.994358 0.009881
vn -0.104751 0.994490 0.004038
vn -0.104751 0.994490 0.004038
vn -0.105612 0.994358 0.009881
vn -0.033248 0.999443 0.002716
vn -0.030709 0.999528 0.001020
vn -0.102550 0.994727 0.001621
vn -0.104751 0.994490 0.004038
vn -0.030709 0.999528 0.001020
vn -0.028893 0.999582 0.000391
vn -0.278595 0.960015 0.027488
vn -0.255097 0.965111 0.059051
vn -0.100671 0.994664 0.022569
vn -0.105612 0.994358 0.009881
vn -0.255097 0.965111 0.059051
vn -0.220791 0.971070 0.090967
vn -0.088435 0.995419 0.036335
vn -0.100671 0.994664 0.022569
vn -0.100671 0.994664 0.022569
vn -0.088435 0.995419 0.036335
vn -0.032773 0.999373 0.013416
vn -0.035301 0.999350 0.007248
vn -0.105612 0.994358 0.009881
vn -0.100671 0.994664 0.022569
vn -0.035301 0.999350 0.007248
vn -0.033248 0.999443 0.002716
vn -0.033248 0.999443 0.002716
vn -0.035301 0.999350 0.007248
vn -0.007618 0.999970 0.001282
vn -0.006120 0.999981 0.000373
vn -0.035301 0.999350 0.007248
vn -0.032773 0.999373 0.013416
vn -0.008465 0.999958 0.003397
vn -0.007618 0.999970 0.001282
vn -0.007618 0.999970 0.001282
vn -0.008465 0.999958 0.003397
vn 0.000000 1.000000 0.000000
vn 0.000000 1.000000 0.000000
vn -0.006120 0.999981 0.000373
vn -0.007618 0.999970 0.001282
vn 0.000000 1.000000 0.000000
vn 0.000000 1.000000 0.000000
vn -0.028893 0.999582 0.000391
vn -0.030709 0.999528 0.001020
vn -0.005325 0.999986 0.000129
vn -0.004859 0.999988 0.000047
vn -0.030709 0.999528 0.001020
vn -0.033248 0.999443 0.002716
vn -0.006120 0.999981 0.000373
vn -0.005325 0.999986 0.000129
vn -0.005325 0.999986 0.000129
vn -0.006120 0.999981 0.000373
vn 0.000000 1.000000 0.000000
vn 0.000000 1.000000 0.000000
vn -0.004859 0.999988 0.000047
vn -0.005325 0.999986 0.000129
vn 0.000000 1.000000 0.000000
vn 0.000000 1.000000 0.000000
vn -0.220791 0.971070 0.090967
vn -0.205972 0.972370 0.109877
vn -0.080867 0.995775 0.043500
vn -0.088435 0.995419 0.036335
vn -0.205972 0.972370 0.109877
vn -0.191439 0.973161 0.127709
vn -0.072868 0.996134 0.049064
vn -0.080867 0.995775 0.043500
vn -0.080867 0.995775 0.043500
vn -0.072868 0.996134 0.049064
vn -0.023724 0.999579 0.016728
vn -0.028401 0.999469 0.015993
vn -0.088435 0.995419 0.036335
vn -0.080867 0.995775 0.043500
vn -0.028401 0.999469 0.015993
vn -0.032773 0.999373 0.013416
vn -0.191439 0.973161 0.127709
vn -0.176847 0.973509 0.144934
vn -0.065796 0.996359 0.054222
vn -0.072868 0.996134 0.049064
vn -0.176847 0.973509 0.144934
vn -0.161850 0.973432 0.161972
vn -0.059799 0.996412 0.059886
vn -0.065796 0.996359 0.054222
vn -0.065796 0.996359 0.054222
vn -0.059799 0.996412 0.059886
vn -0.018500 0.999657 0.018530
vn -0.020505 0.999640 0.017323
vn -0.072868 0.996134 0.049064
vn -0.065796 0.996359 0.054222
vn -0.020505 0.999640 0.017323
vn -0.023724 0.999579 0.016728
vn -0.023724 0.999579 0.016728
vn -0.020505 0.999640 0.017323
vn -0.003672 0.999988 0.003252
vn -0.004413 0.999985 0.003402
vn -0.020505 0.999640 0.017323
vn -0.018500 0.999657 0.018530
vn -0.003322 0.999989 0.003326
vn -0.003672 0.999988 0.003252
vn -0.003672 0.999988 0.003252
vn -0.003322 0.999989 0.003326
vn 0.000000 1.000000 0.000000
vn 0.000000 1.000000 0.000000
vn -0.004413 0.999985 0.003402
vn -0.003672 0.999988 0.003252
vn 0.000000 1.000000 0.000000
vn 0.000000 1.000000 0.000000
vn -0.032773 0.999373 0.013416
vn -0.028401 0.999469 0.015993
vn -0.006140 0.999974 0.003768
vn -0.008465 0.999958 0.003397
vn -0.028401 0.999469 0.015993
vn -0.023724 0.999579 0.016728
vn -0.004413 0.999985 0.003402
vn -0.006140 0.999974 0.003768
vn -0.006140 0.999974 0.003768
vn -0.004413 0.999985 0.003402
vn 0.000000 1.000000 0.000000
vn 0.000000 1.000000 0.000000
vn -0.008465 0.999958 0.003397
vn -0.006140 0.999974 0.003768
vn 0.000000 1.000000 0.000000
vn 0.000000 1.000000 0.000000
vn -0.161850 0.973432 0.161972
vn -0.146305 0.972949 0.178788
vn -0.054607 0.996294 0.066455
vn -0.059799 0.996412 0.059886
vn -0.146305 0.972949 0.178788
vn -0.130232 0.972012 0.195529
vn -0.049862 0.995990 0.074275
vn -0.054607 0.996294 0.066455
vn -0.054607 0.996294 0.066455
vn -0.049862 0.995990 0.074275
vn -0.016885 0.999568 0.024039
vn -0.017382 0.999636 0.020643
vn -0.059799 0.996412 0.059886
vn -0.054607 0.996294 0.066455
vn -0.017382 0.999636 0.020643
vn -0.018500 0.999657 0.018530
vn -0.130232 0.972012 0.195529
vn -0.113209 0.970561 0.212593
vn -0.044679 0.995521 0.083317
vn -0.049862 0.995990 0.074275
vn -0.113209 0.970561 0.212593
vn -0.094734 0.968470 0.230415
vn -0.037790 0.995016 0.092280
vn -0.044679 0.995521 0.083317
vn -0.044679 0.995521 0.083317
vn -0.037790 0.995016 0.092280
vn -0.013845 0.999327 0.033982
vn -0.016287 0.999445 0.029057
vn -0.049862 0.995990 0.074275
vn -0.044679 0.995521 0.083317
vn -0.016287 0.999445 0.029057
vn -0.016885 0.999568 0.024039
vn -0.016885 0.999568 0.024039
vn -0.016287 0.999445 0.029057
vn -0.003784 0.999974 0.006219
vn -0.003406 0.999984 0.004436
vn -0.016287 0.999445 0.029057
vn -0.013845 0.999327 0.033982
vn -0.003455 0.999956 0.008717
vn -0.003784 0.999974 0.006219
vn -0.003784 0.999974 0.006219
vn -0.003455 0.999956 0.008717
vn 0.000000 1.000000 0.000000
vn 0.000000 1.000000 0.000000
vn -0.003406 0.999984 0.004436
vn -0.003784 0.999974 0.006219
vn 0.000000 1.000000 0.000000
vn 0.000000 1.000000 0.000000
vn -0.018500 0.999657 0.018530
vn -0.017382 0.999636 0.020643
vn -0.003251 0.999988 0.003680
vn -0.003322 0.999989 0.003326
vn -0.017382 0.999636 0.020643
vn -0.016885 0.999568 0.024039
vn -0.003406 0.999984 0.004436
vn -0.003251 0.999988 0.003680
vn -0.003251 0.999988 0.003680
vn -0.003406 0.999984 0.004436
vn 0.000000 1.000000 0.000000
vn 0.000000 1.000000 0.000000
vn -0.003322 0.999989 0.003326
vn -0.003251 0.999988 0.003680
vn 0.000000 1.000000 0.000000
vn 0.000000 1.000000 0.000000
vn -0.094734 0.968470 0.230415
vn -0.061242 0.959150 0.276189
vn -0.023329 0.993742 0.109237
vn -0.037790 0.995016 0.092280
vn -0.061242 0.959150 0.276189
vn -0.027734 0.951284 0.307065
vn -0.009900 0.993152 0.116408
vn -0.023329 0.993742 0.109237
vn -0.023329 0.993742 0.109237
vn -0.009900 0.993152 0.116408
vn -0.002658 0.999352 0.035888
vn -0.007383 0.999256 0.037863
vn -0.037790 0.995016 0.092280
vn -0.023329 0.993742 0.109237
vn -0.007383 0.999256 0.037863
vn -0.013845 0.999327 0.033982
vn -0.027734 0.951284 0.307065
vn -0.011603 0.948231 0.317371
vn -0.003948 0.993300 0.115501
vn -0.009900 0.993152 0.116408
vn -0.011603 0.948231 0.317371
vn -0.004734 0.947745 0.318995
vn -0.001558 0.993624 0.112731
vn -0.003948 0.993300 0.115501
vn -0.003948 0.993300 0.115501
vn -0.001558 0.993624 0.112731
vn -0.000365 0.999523 0.030880
vn -0.000970 0.999455 0.032998
vn -0.009900 0.993152 0.116408
vn -0.003948 0.993300 0.115501
vn -0.000970 0.999455 0.032998
vn -0.002658 0.999352 0.035888
vn -0.002658 0.999352 0.035888
vn -0.000970 0.999455 0.032998
vn -0.000120 0.999984 0.005591
vn -0.000359 0.999979 0.006465
vn -0.000970 0.999455 0.032998
vn -0.000365 0.999523 0.030880
vn -0.000043 0.999987 0.005072
vn -0.000120 0.999984 0.005591
vn -0.000120 0.999984 0.005591
vn -0.000043 0.999987 0.005072
vn 0.000000 1.000000 0.000000
vn 0.000000 1.000000 0.000000
vn -0.000359 0.999979 0.006465
vn -0.000120 0.999984 0.005591
vn 0.000000 1.000000 0.000000
vn 0.000000 1.000000 0.000000
vn -0.013845 0.999327 0.033982
vn -0.007383 0.999256 0.037863
vn -0.001279 0.999967 0.008043
vn -0.003455 0.999956 0.008717
vn -0.007383 0.999256 0.037863
vn -0.002658 0.999352 0.035888
vn -0.000359 0.999979 0.006465
vn -0.001279 0.999967 0.008043
vn -0.001279 0.999967 0.008043
vn -0.000359 0.999979 0.006465
vn 0.000000 1.000000 0.000000
vn 0.000000 1.000000 0.000000
vn -0.003455 0.999956 0.008717
vn -0.001279 0.999967 0.008043
vn 0.000000 1.000000 0.000000
vn 0.000000 1.000000 0.000000
vn 0.000000 1.000000 0.000000
vn 0.000000 0.999990 0.004479
vn 0.000001 0.999990 0.004495
vn 0.000000 1.000000 0.000000
vn 0.000000 0.999990 0.004479
vn 0.000000 0.999609 0.027964
vn 0.000012 0.999606 0.028057
vn 0.000001 0.999990 0.004495
vn 0.000001 0.999990 0.004495
vn 0.000012 0.999606 0.028057
vn 0.000052 0.999596 0.028414
vn 0.000006 0.999990 0.004565
vn 0.000000 1.000000 0.000000
vn 0.000001 0.999990 0.004495
vn 0.000006 0.999990 0.004565
vn 0.000000 1.000000 0.000000
vn 0.000000 0.999609 0.027964
vn 0.000000 0.994425 0.105442
vn 0.000052 0.994393 0.105745
vn 0.000012 0.999606 0.028057
vn 0.000000 0.994425 0.105442
vn 0.000000 0.950880 0.309559
vn 0.000162 0.950699 0.310116
vn 0.000052 0.994393 0.105745
vn 0.000052 0.994393 0.105745
vn 0.000162 0.950699 0.310116
vn 0.000714 0.950188 0.311676
vn 0.000229 0.994284 0.106766
vn 0.000012 0.999606 0.028057
vn 0.000052 0.994393 0.105745
vn 0.000229 0.994284 0.106766
vn 0.000052 0.999596 0.028414
vn 0.000052 0.999596 0.028414
vn 0.000229 0.994284 0.106766
vn 0.000625 0.994056 0.108865
vn 0.000144 0.999572 0.029245
vn 0.000229 0.994284 0.106766
vn 0.000714 0.950188 0.311676
vn 0.001929 0.949307 0.314345
vn 0.000625 0.994056 0.108865
vn 0.000625 0.994056 0.108865
vn 0.001929 0.949307 0.314345
vn 0.004734 0.947745 0.318995
vn 0.001558 0.993624 0.112731
vn 0.000144 0.999572 0.029245
vn 0.000625 0.994056 0.108865
vn 0.001558 0.993624 0.112731
vn 0.000365 0.999523 0.030879
vn 0.000000 1.000000 0.000000
vn 0.000006 0.999990 0.004565
vn 0.000017 0.999989 0.004733
vn 0.000000 1.000000 0.000000
vn 0.000006 0.999990 0.004565
vn 0.000052 0.999596 0.028414
vn 0.000144 0.999572 0.029245
vn 0.000017 0.999989 0.004733
vn 0.000017 0.999989 0.004733
vn 0.000144 0.999572 0.029245
vn 0.000365 0.999523 0.030879
vn 0.000043 0.999987 0.005072
vn 0.000000 1.000000 0.000000
vn 0.000017 0.999989 0.004733
vn 0.000043 0.999987 0.005072
vn 0.000000 1.000000 0.000000
vn 0.004734 0.947745 0.318995
vn 0.011603 0.948230 0.317372
vn 0.003948 0.993300 0.115501
vn 0.001558 0.993624 0.112731
vn 0.011603 0.948230 0.317372
vn 0.027734 0.951284 0.307065
vn 0.009900 0.993152 0.116408
vn 0.003948 0.993300 0.115501
vn 0.003948 0.993300 0.115501
vn 0.009900 0.993152 0.116408
vn 0.002658 0.999352 0.035888
vn 0.000970 0.999455 0.032998
vn 0.001558 0.993624 0.112731
vn 0.003948 0.993300 0.115501
vn 0.000970 0.999455 0.032998
vn 0.000365 0.999523 0.030879
vn 0.027734 0.951284 0.307065
vn 0.061242 0.959150 0.276189
vn 0.023329 0.993742 0.109238
vn 0.009900 0.993152 0.116408
vn 0.061242 0.959150 0.276189
vn 0.094733 0.968470 0.230415
vn 0.037790 0.995016 0.092280
vn 0.023329 0.993742 0.109238
vn 0.023329 0.993742 0.109238
vn 0.037790 0.995016 0.092280
vn 0.013845 0.999327 0.033982
vn 0.007383 0.999256 0.037863
vn 0.009900 0.993152 0.116408
vn 0.023329 0.993742 0.109238
vn 0.007383 0.999256 0.037863
vn 0.002658 0.999352 0.035888
vn 0.002658 0.999352 0.035888
vn 0.007383 0.999256 0.037863
vn 0.001279 0.999967 0.008043
vn 0.000359 0.999979 0.006465
vn 0.007383 0.999256 0.037863
vn 0.013845 0.999327 0.033982
vn 0.003455 0.999956 0.008717
vn 0.001279 0.999967 0.008043
vn 0.001279 0.999967 0.008043
vn 0.003455 0.999956 0.008717
vn 0.000000 1.000000 0.000000
vn 0.000000 1.000000 0.000000
vn 0.000359 0.999979 0.006465
vn 0.001279 0.999967 0.008043
vn 0.000000 1.000000 0.000000
vn 0.000000 1.000000 0.000000
vn 0.000365 0.999523 0.030879
vn 0.000970 0.999455 0.032998
vn 0.000120 0.999984 0.005591
vn 0.000043 0.999987 0.005072
vn 0.000970 0.999455 0.032998
vn 0.002658 0.999352 0.035888
vn 0.000359 0.999979 0.006465
vn 0.000120 0.999984 0.005591
vn 0.000120 0.999984 0.005591
vn 0.000359 0.999979 0.006465
vn 0.000000 1.000000 0.000000
vn 0.000000 1.000000 0.000000
vn 0.000043 0.999987 0.005072
vn 0.000120 0.999984 0.005591
vn 0.000000 1.000000 0.000000
vn 0.000000 1.000000 0.000000
vn 0.094733 0.968470 0.230415
vn 0.113208 0.970561 0.212593
vn 0.044679 0.995521 0.083317
vn 0.037790 0.995016 0.092280
vn 0.113208 0.970561 0.212593
vn 0.130230 0.972013 0.195527
vn 0.049862 0.995990 0.074276
vn 0.044679 0.995521 0.083317
vn 0.044679 0.995521 0.083317
vn 0.049862 0.995990 0.074276
vn 0.016885 0.999568 0.024038
vn 0.016287 0.999445 0.029057
vn 0.037790 0.995016 0.092280
vn 0.044679 0.995521 0.083317
vn 0.016287 0.999445 0.029057
vn 0.013845 0.999327 0.033982
vn 0.130230 0.972013 0.195527
vn 0.146303 0.972950 0.178786
vn 0.054606 0.996294 0.066455
vn 0.049862 0.995990 0.074276
vn 0.146303 0.972950 0.178786
vn 0.161847 0.973433 0.161969
vn 0.059799 0.996412 0.059886
vn 0.054606 0.996294 0.066455
vn 0.054606 0.996294 0.066455
vn 0.059799 0.996412 0.059886
vn 0.018500 0.999657 0.018530
vn 0.017383 0.999636 0.020643
vn 0.049862 0.995990 0.074276
vn 0.054606 0.996294 0.066455
vn 0.017383 0.999636 0.020643
vn 0.016885 0.999568 0.024038
vn 0.016885 0.999568 0.024038
vn 0.017383 0.999636 0.020643
vn 0.003251 0.999988 0.003681
vn 0.003406 0.999984 0.004436
vn 0.017383 0.999636 0.020643
vn 0.018500 0.999657 0.018530
vn 0.003322 0.999989 0.003326
vn 0.003251 0.999988 0.003681
vn 0.003251 0.999988 0.003681
vn 0.003322 0.999989 0.003326
vn 0.000000 1.000000 0.000000
vn 0.000000 1.000000 0.000000
vn 0.003406 0.999984 0.004436
vn 0.003251 0.999988 0.003681
vn 0.000000 1.000000 0.000000
vn 0.000000 1.000000 0.000000
vn 0.013845 0.999327 0.033982
vn 0.016287 0.999445 0.029057
vn 0.003784 0.999974 0.006219
vn 0.003455 0.999956 0.008717
vn 0.016287 0.999445 0.029057
vn 0.016885 0.999568 0.024038
vn 0.003406 0.999984 0.004436
vn 0.003784 0.999974 0.006219
vn 0.003784 0.999974 0.006219
vn 0.003406 0.999984 0.004436
vn 0.000000 1.000000 0.000000
vn 0.000000 1.000000 0.000000
vn 0.003455 0.999956 0.008717
vn 0.003784 0.999974 0.006219
vn 0.000000 1.000000 0.000000
vn 0.000000 1.000000 0.000000
vn 0.161847 0.973433 0.161969
vn 0.176845 0.973509 0.144932
vn 0.065796 0.996359 0.054222
vn 0.059799 0.996412 0.059886
vn 0.176845 0.973509 0.144932
vn 0.191435 0.973162 0.127706
vn 0.072867 0.996134 0.049064
vn 0.065796 0.996359 0.054222
vn 0.065796 0.996359 0.054222
vn 0.072867 0.996134 0.049064
vn 0.023725 0.999579 0.016728
vn 0.020505 0.999640 0.017323
vn 0.059799 0.996412 0.059886
vn 0.065796 0.996359 0.054222
vn 0.020505 0.999640 0.017323
vn 0.018500 0.999657 0.018530
vn 0.191435 0.973162 0.127706
vn 0.205970 0.972370 0.109876
vn 0.080866 0.995775 0.043500
vn 0.072867 0.996134 0.049064
vn 0.205970 0.972370 0.109876
vn 0.220791 0.971070 0.090966
vn 0.088435 0.995419 0.036335
vn 0.080866 0.995775 0.043500
vn 0.080866 0.995775 0.043500
vn 0.088435 0.995419 0.036335
vn 0.032773 0.999373 0.013416
vn 0.028401 0.999469 0.015993
vn 0.072867 0.996134 0.049064
vn 0.080866 0.995775 0.043500
vn 0.028401 0.999469 0.015993
vn 0.023725 0.999579 0.016728
vn 0.023725 0.999579 0.016728
vn 0.028401 0.999469 0.015993
vn 0.006140 0.999974 0.003768
vn 0.004414 0.999985 0.003402
vn 0.028401 0.999469 0.015993
vn 0.032773 0.999373 0.013416
vn 0.008465 0.999958 0.003397
vn 0.006140 0.999974 0.003768
vn 0.006140 0.999974 0.003768
vn 0.008465 0.999958 0.003397
vn 0.000000 1.000000 0.000000
vn 0.000000 1.000000 0.000000
vn 0.004414 0.999985 0.003402
vn 0.006140 0.999974 0.003768
vn 0.000000 1.000000 0.000000
vn 0.000000 1.000000 0.000000
vn 0.018500 0.999657 0.018530
vn 0.020505 0.999640 0.017323
vn 0.003672 0.999988 0.003252
vn 0.003322 0.999989 0.003326
vn 0.020505 0.999640 0.017323
vn 0.023725 0.999579 0.016728
vn 0.004414 0.999985 0.003402
vn 0.003672 0.999988 0.003252
vn 0.003672 0.999988 0.003252
vn 0.004414 0.999985 0.003402
vn 0.000000 1.000000 0.000000
vn 0.000000 1.000000 0.000000
vn 0.003322 0.999989 0.003326
vn 0.003672 0.999988 0.003252
vn 0.000000 1.000000 0.000000
vn 0.000000 1.000000 0.000000
vn 0.220791 0.971070 0.090966
vn 0.255097 0.965111 0.059052
vn 0.100673 0.994664 0.022569
vn 0.088435 0.995419 0.036335
vn 0.255097 0.965111 0.059052
vn 0.278599 0.960014 0.027488
vn 0.105611 0.994358 0.009881
vn 0.100673 0.994664 0.022569
vn 0.100673 0.994664 0.022569
vn 0.105611 0.994358 0.009881
vn 0.033248 0.999443 0.002716
vn 0.035301 0.999350 0.007247
vn 0.088435 0.995419 0.036335
vn 0.100673 0.994664 0.022569
vn 0.035301 0.999350 0.007247
vn 0.032773 0.999373 0.013416
vn 0.278599 0.960014 0.027488
vn 0.286824 0.957911 0.011737
vn 0.104749 0.994491 0.004037
vn 0.105611 0.994358 0.009881
vn 0.286824 0.957911 0.011737
vn 0.288253 0.957542 0.004849
vn 0.102549 0.994727 0.001621
vn 0.104749 0.994491 0.004037
vn 0.104749 0.994491 0.004037
vn 0.102549 0.994727 0.001621
vn 0.028893 0.999582 0.000391
vn 0.030709 0.999528 0.001020
vn 0.105611 0.994358 0.009881
vn 0.104749 0.994491 0.004037
vn 0.030709 0.999528 0.001020
vn 0.033248 0.999443 0.002716
vn 0.033248 0.999443 0.002716
vn 0.030709 0.999528 0.001020
vn 0.005325 0.999986 0.000129
vn 0.006120 0.999981 0.000373
vn 0.030709 0.999528 0.001020
vn 0.028893 0.999582 0.000391
vn 0.004859 0.999988 0.000047
vn 0.005325 0.999986 0.000129
vn 0.005325 0.999986 0.000129
vn 0.004859 0.999988 0.000047
vn 0.000000 1.000000 0.000000
vn 0.000000 1.000000 0.000000
vn 0.006120 0.999981 0.000373
vn 0.005325 0.999986 0.000129
vn 0.000000 1.000000 0.000000
vn 0.000000 1.000000 0.000000
vn 0.032773 0.999373 0.013416
vn 0.035301 0.999350 0.007247
vn 0.007618 0.999970 0.001282
vn 0.008465 0.999958 0.003397
vn 0.035301 0.999350 0.007247
vn 0.033248 0.999443 0.002716
vn 0.006120 0.999981 0.000373
vn 0.007618 0.999970 0.001282
vn 0.007618 0.999970 0.001282
vn 0.006120 0.999981 0.000373
vn 0.000000 1.000000 0.000000
vn 0.000000 1.000000 0.000000
vn 0.008465 0.999958 0.003397
vn 0.007618 0.999970 0.001282
vn 0.000000 1.000000 0.000000
vn 0.000000 1.000000 0.000000
vn 0.000000 1.000000 0.000000
vn 0.004333 0.999991 0.000000
vn 0.004348 0.999991 -0.000002
vn 0.000000 1.000000 0.000000
vn 0.004333 0.999991 0.000000
vn 0.026450 0.999650 0.000000
vn 0.026528 0.999648 -0.000013
vn 0.004348 0.999991 -0.000002
vn 0.004348 0.999991 -0.000002
vn 0.026528 0.999648 -0.000013
vn 0.026828 0.999640 -0.000057
vn 0.004409 0.999990 -0.000007
vn 0.000000 1.000000 0.000000
vn 0.004348 0.999991 -0.000002
vn 0.004409 0.999990 -0.000007
vn 0.000000 1.000000 0.000000
vn 0.026450 0.999650 0.000000
vn 0.096956 0.995289 0.000000
vn 0.097188 0.995266 -0.000055
vn 0.026528 0.999648 -0.000013
vn 0.096956 0.995289 0.000000
vn 0.281173 0.959657 0.000000
vn 0.281593 0.959534 -0.000168
vn 0.097188 0.995266 -0.000055
vn 0.097188 0.995266 -0.000055
vn 0.281593 0.959534 -0.000168
vn 0.282755 0.959192 -0.000740
vn 0.097966 0.995190 -0.000242
vn 0.026528 0.999648 -0.000013
vn 0.097188 0.995266 -0.000055
vn 0.097966 0.995190 -0.000242
vn 0.026828 0.999640 -0.000057
vn 0.026828 0.999640 -0.000057
vn 0.097966 0.995190 -0.000242
vn 0.099583 0.995029 -0.000657
vn 0.027527 0.999621 -0.000156
vn 0.097966 0.995190 -0.000242
vn 0.282755 0.959192 -0.000740
vn 0.284765 0.958595 -0.001991
vn 0.099583 0.995029 -0.000657
vn 0.099583 0.995029 -0.000657
vn 0.284765 0.958595 -0.001991
vn 0.288247 0.957544 -0.004849
vn 0.102550 0.994727 -0.001621
vn 0.027527 0.999621 -0.000156
vn 0.099583 0.995029 -0.000657
vn 0.102550 0.994727 -0.001621
vn 0.028893 0.999582 -0.000391
vn 0.000000 1.000000 0.000000
vn 0.004409 0.999990 -0.000007
vn 0.004559 0.999990 -0.000019
vn 0.000000 1.000000 0.000000
vn 0.004409 0.999990 -0.000007
vn 0.026828 0.999640 -0.000057
vn 0.027527 0.999621 -0.000156
vn 0.004559 0.999990 -0.000019
vn 0.004559 0.999990 -0.000019
vn 0.027527 0.999621 -0.000156
vn 0.028893 0.999582 -0.000391
vn 0.004859 0.999988 -0.000047
vn 0.000000 1.000000 0.000000
vn 0.004559 0.999990 -0.000019
vn 0.004859 0.999988 -0.000047
vn 0.000000 1.000000 0.000000
vn 0.288247 0.957544 -0.004849
vn 0.286822 0.957912 -0.011737
vn 0.104751 0.994490 -0.004038
vn 0.102550 0.994727 -0.001621
vn 0.286822 0.957912 -0.011737
vn 0.278599 0.960014 -0.027489
vn 0.105612 0.994358 -0.009881
vn 0.104751 0.994490 -0.004038
vn 0.104751 0.994490 -0.004038
vn 0.105612 0.994358 -0.009881
vn 0.033248 0.999443 -0.002716
vn 0.030709 0.999528 -0.001020
vn 0.102550 0.994727 -0.001621
vn 0.104751 0.994490 -0.004038
vn 0.030709 0.999528 -0.001020
vn 0.028893 0.999582 -0.000391
vn 0.278599 0.960014 -0.027489
vn 0.255096 0.965111 -0.059051
vn 0.100673 0.994664 -0.022569
vn 0.105612 0.994358 -0.009881
vn 0.255096 0.965111 -0.059051
vn 0.220792 0.971070 -0.090966
vn 0.088435 0.995419 -0.036334
vn 0.100673 0.994664 -0.022569
vn 0.100673 0.994664 -0.022569
vn 0.088435 0.995419 -0.036334
vn 0.032773 0.999373 -0.013416
vn 0.035301 0.999350 -0.007247
vn 0.105612 0.994358 -0.009881
vn 0.100673 0.994664 -0.022569
vn 0.035301 0.999350 -0.007247
vn 0.033248 0.999443 -0.002716
vn 0.033248 0.999443 -0.002716
vn 0.035301 0.999350 -0.007247
vn 0.007618 0.999970 -0.001282
vn 0.006120 0.999981 -0.000373
vn 0.035301 0.999350 -0.007247
vn 0.032773 0.999373 -0.013416
vn 0.008465 0.999958 -0.003397
vn 0.007618 0.999970 -0.001282
vn 0.007618 0.999970 -0.001282
vn 0.008465 0.999958 -0.003397
vn 0.000000 1.000000 0.000000
vn 0.000000 1.000000 0.000000
vn 0.006120 0.999981 -0.000373
vn 0.007618 0.999970 -0.001282
vn 0.000000 1.000000 0.000000
vn 0.000000 1.000000 0.000000
vn 0.028893 0.999582 -0.000391
vn 0.030709 0.999528 -0.001020
vn 0.005325 0.999986 -0.000129
vn 0.004859 0.999988 -0.000047
vn 0.030709 0.999528 -0.001020
vn 0.033248 0.999443 -0.002716
vn 0.006120 0.999981 -0.000373
vn 0.005325 0.999986 -0.000129
vn 0.005325 0.999986 -0.000129
vn 0.006120 0.999981 -0.000373
vn 0.000000 1.000000 0.000000
vn 0.000000 1.000000 0.000000
vn 0.004859 0.999988 -0.000047
vn 0.005325 0.999986 -0.000129
vn 0.000000 1.000000 0.000000
vn 0.000000 1.000000 0.000000
vn 0.234261 -0.972166 -0.003932
vn 0.231277 -0.972887 -0.001613
vn 0.079813 -0.996810 -0.000526
vn 0.082204 -0.996615 -0.001299
vn 0.231277 -0.972887 -0.001613
vn 0.229559 -0.973295 -0.000600
vn 0.078510 -0.996913 -0.000194
vn 0.079813 -0.996810 -0.000526
vn 0.079813 -0.996810 -0.000526
vn 0.078510 -0.996913 -0.000194
vn 0.021465 -0.999770 -0.000046
vn 0.022025 -0.999757 -0.000125
vn 0.082204 -0.996615 -0.001299
vn 0.079813 -0.996810 -0.000526
vn 0.022025 -0.999757 -0.000125
vn 0.023118 -0.999733 -0.000313
vn 0.229559 -0.973295 -0.000600
vn 0.228568 -0.973528 -0.000136
vn 0.077884 -0.996962 -0.000044
vn 0.078510 -0.996913 -0.000194
vn 0.228568 -0.973528 -0.000136
vn 0.228210 -0.973612 0.000000
vn 0.077696 -0.996977 0.000000
vn 0.077884 -0.996962 -0.000044
vn 0.077884 -0.996962 -0.000044
vn 0.077696 -0.996977 0.000000
vn 0.021163 -0.999776 0.000000
vn 0.021225 -0.999775 -0.000010
vn 0.078510 -0.996913 -0.000194
vn 0.077884 -0.996962 -0.000044
vn 0.021225 -0.999775 -0.000010
vn 0.021465 -0.999770 -0.000046
vn 0.021465 -0.999770 -0.000046
vn 0.021225 -0.999775 -0.000010
vn 0.003478 -0.999994 -0.000001
vn 0.003527 -0.999994 -0.000005
vn 0.021225 -0.999775 -0.000010
vn 0.021163 -0.999776 0.000000
vn 0.003466 -0.999994 0.000000
vn 0.003478 -0.999994 -0.000001
vn 0.003478 -0.999994 -0.000001
vn 0.003466 -0.999994 0.000000
vn 0.000000 -1.000000 0.000000
vn 0.000000 -1.000000 0.000000
vn 0.003527 -0.999994 -0.000005
vn 0.003478 -0.999994 -0.000001
vn 0.000000 -1.000000 0.000000
vn 0.000000 -1.000000 0.000000
vn 0.023118 -0.999733 -0.000313
vn 0.022025 -0.999757 -0.000125
vn 0.003648 -0.999993 -0.000015
vn 0.003887 -0.999992 -0.000038
vn 0.022025 -0.999757 -0.000125
vn 0.021465 -0.999770 -0.000046
vn 0.003527 -0.999994 -0.000005
vn 0.003648 -0.999993 -0.000015
vn 0.003648 -0.999993 -0.000015
vn 0.003527 -0.999994 -0.000005
vn 0.000000 -1.000000 0.000000
vn 0.000000 -1.000000 0.000000
vn 0.003887 -0.999992 -0.000038
vn 0.003648 -0.999993 -0.000015
vn 0.000000 -1.000000 0.000000
vn 0.000000 -1.000000 0.000000
vn 0.234261 -0.972166 0.003931
vn 0.233109 -0.972404 0.009517
vn 0.083977 -0.996462 0.003235
vn 0.082203 -0.996615 0.001299
vn 0.233109 -0.972404 0.009517
vn 0.226295 -0.973804 0.022281
vn 0.084674 -0.996377 0.007919
vn 0.083977 -0.996462 0.003235
vn 0.083977 -0.996462 0.003235
vn 0.084674 -0.996377 0.007919
vn 0.026604 -0.999644 0.002173
vn 0.024572 -0.999698 0.000816
vn 0.082203 -0.996615 0.001299
vn 0.083977 -0.996462 0.003235
vn 0.024572 -0.999698 0.000816
vn 0.023118 -0.999733 0.000313
vn 0.226295 -0.973804 0.022281
vn 0.206828 -0.977208 0.047813
vn 0.080703 -0.996574 0.018088
vn 0.084674 -0.996377 0.007919
vn 0.206828 -0.977208 0.047813
vn 0.178523 -0.981185 0.073528
vn 0.070867 -0.997061 0.029115
vn 0.080703 -0.996574 0.018088
vn 0.080703 -0.996574 0.018088
vn 0.070867 -0.997061 0.029115
vn 0.026225 -0.999598 0.010735
vn 0.028248 -0.999584 0.005799
vn 0.084674 -0.996377 0.007919
vn 0.080703 -0.996574 0.018088
vn 0.028248 -0.999584 0.005799
vn 0.026604 -0.999644 0.002173
vn 0.026604 -0.999644 0.002173
vn 0.028248 -0.999584 0.005799
vn 0.006094 -0.999981 0.001026
vn 0.004896 -0.999988 0.000299
vn 0.028248 -0.999584 0.005799
vn 0.026225 -0.999598 0.010735
vn 0.006772 -0.999973 0.002717
vn 0.006094 -0.999981 0.001026
vn 0.006094 -0.999981 0.001026
vn 0.006772 -0.999973 0.002717
vn 0.000000 -1.000000 0.000000
vn 0.000000 -1.000000 0.000000
vn 0.004896 -0.999988 0.000299
vn 0.006094 -0.999981 0.001026
vn 0.000000 -1.000000 0.000000
vn 0.000000 -1.000000 0.000000
vn 0.023118 -0.999733 0.000313
vn 0.024572 -0.999698 0.000816
vn 0.004260 -0.999991 0.000103
vn 0.003887 -0.999992 0.000038
vn 0.024572 -0.999698 0.000816
vn 0.026604 -0.999644 0.002173
vn 0.004896 -0.999988 0.000299
vn 0.004260 -0.999991 0.000103
vn 0.004260 -0.999991 0.000103
vn 0.004896 -0.999988 0.000299
vn 0.000000 -1.000000 0.000000
vn 0.000000 -1.000000 0.000000
vn 0.003887 -0.999992 0.000038
vn 0.004260 -0.999991 0.000103
vn 0.000000 -1.000000 0.000000
vn 0.000000 -1.000000 0.000000
vn 0.178523 -0.981185 0.073528
vn 0.166461 -0.982043 0.088783
vn 0.064794 -0.997290 0.034853
vn 0.070867 -0.997061 0.029115
vn 0.166461 -0.982043 0.088783
vn 0.154667 -0.982565 0.103168
vn 0.058377 -0.997521 0.039307
vn 0.064794 -0.997290 0.034853
vn 0.064794 -0.997290 0.034853
vn 0.058377 -0.997521 0.039307
vn 0.018983 -0.999730 0.013385
vn 0.022725 -0.999660 0.012797
vn 0.070867 -0.997061 0.029115
vn 0.064794 -0.997290 0.034853
vn 0.022725 -0.999660 0.012797
vn 0.026225 -0.999598 0.010735
vn 0.154667 -0.982565 0.103168
vn 0.142857 -0.982795 0.117074
vn 0.052708 -0.997665 0.043436
vn 0.058377 -0.997521 0.039307
vn 0.142857 -0.982795 0.117074
vn 0.130742 -0.982744 0.130846
vn 0.047903 -0.997699 0.047973
vn 0.052708 -0.997665 0.043436
vn 0.052708 -0.997665 0.043436
vn 0.047903 -0.997699 0.047973
vn 0.014802 -0.999781 0.014826
vn 0.016406 -0.999769 0.013860
vn 0.058377 -0.997521 0.039307
vn 0.052708 -0.997665 0.043436
vn 0.016406 -0.999769 0.013860
vn 0.018983 -0.999730 0.013385
vn 0.018983 -0.999730 0.013385
vn 0.016406 -0.999769 0.013860
vn 0.002938 -0.999992 0.002601
vn 0.003531 -0.999990 0.002721
vn 0.016406 -0.999769 0.013860
vn 0.014802 -0.999781 0.014826
vn 0.002658 -0.999993 0.002661
vn 0.002938 -0.999992 0.002601
vn 0.002938 -0.999992 0.002601
vn 0.002658 -0.999993 0.002661
vn 0.000000 -1.000000 0.000000
vn 0.000000 -1.000000 0.000000
vn 0.003531 -0.999990 0.002721
vn 0.002938 -0.999992 0.002601
vn 0.000000 -1.000000 0.000000
vn 0.000000 -1.000000 0.000000
vn 0.026225 -0.999598 0.010735
vn 0.022725 -0.999660 0.012797
vn 0.004912 -0.999983 0.003014
vn 0.006772 -0.999973 0.002717
vn 0.022725 -0.999660 0.012797
vn 0.018983 -0.999730 0.013385
vn 0.003531 -0.999990 0.002721
vn 0.004912 -0.999983 0.003014
vn 0.004912 -0.999983 0.003014
vn 0.003531 -0.999990 0.002721
vn 0.000000 -1.000000 0.000000
vn 0.000000 -1.000000 0.000000
vn 0.006772 -0.999973 0.002717
vn 0.004912 -0.999983 0.003014
vn 0.000000 -1.000000 0.000000
vn 0.000000 -1.000000 0.000000
vn 0.130742 -0.982744 0.130846
vn 0.118200 -0.982426 0.144460
vn 0.043745 -0.997623 0.053237
vn 0.047903 -0.997699 0.047973
vn 0.118200 -0.982426 0.144460
vn 0.105244 -0.981807 0.158045
vn 0.039947 -0.997428 0.059508
vn 0.043745 -0.997623 0.053237
vn 0.043745 -0.997623 0.053237
vn 0.039947 -0.997428 0.059508
vn 0.013510 -0.999724 0.019234
vn 0.013908 -0.999767 0.016517
vn 0.047903 -0.997699 0.047973
vn 0.043745 -0.997623 0.053237
vn 0.013908 -0.999767 0.016517
vn 0.014802 -0.999781 0.014826
vn 0.105244 -0.981807 0.158045
vn 0.091528 -0.980848 0.171930
vn 0.035800 -0.997126 0.066764
vn 0.039947 -0.997428 0.059508
vn 0.091528 -0.980848 0.171930
vn 0.076637 -0.979463 0.186489
vn 0.030286 -0.996801 0.073960
vn 0.035800 -0.997126 0.066764
vn 0.035800 -0.997126 0.066764
vn 0.030286 -0.996801 0.073960
vn 0.011079 -0.999569 0.027192
vn 0.013033 -0.999645 0.023250
vn 0.039947 -0.997428 0.059508
vn 0.035800 -0.997126 0.066764
vn 0.013033 -0.999645 0.023250
vn 0.013510 -0.999724 0.019234
vn 0.013510 -0.999724 0.019234
vn 0.013033 -0.999645 0.023250
vn 0.003027 -0.999983 0.004975
vn 0.002725 -0.999990 0.003549
vn 0.013033 -0.999645 0.023250
vn 0.011079 -0.999569 0.027192
vn 0.002764 -0.999972 0.006974
vn 0.003027 -0.999983 0.004975
vn 0.003027 -0.999983 0.004975
vn 0.002764 -0.999972 0.006974
vn 0.000000 -1.000000 0.000000
vn 0.000000 -1.000000 0.000000
vn 0.002725 -0.999990 0.003549
vn 0.003027 -0.999983 0.004975
vn 0.000000 -1.000000 0.000000
vn 0.000000 -1.000000 0.000000
vn 0.014802 -0.999781 0.014826
vn 0.013908 -0.999767 0.016517
vn 0.002600 -0.999992 0.002944
vn 0.002658 -0.999993 0.002661
vn 0.013908 -0.999767 0.016517
vn 0.013510 -0.999724 0.019234
vn 0.002725 -0.999990 0.003549
vn 0.002600 -0.999992 0.002944
vn 0.002600 -0.999992 0.002944
vn 0.002725 -0.999990 0.003549
vn 0.000000 -1.000000 0.000000
vn 0.000000 -1.000000 0.000000
vn 0.002658 -0.999993 0.002661
vn 0.002600 -0.999992 0.002944
vn 0.000000 -1.000000 0.000000
vn 0.000000 -1.000000 0.000000
vn 0.076637 -0.979463 0.186489
vn 0.049680 -0.973213 0.224475
vn 0.018703 -0.995980 0.087603
vn 0.030286 -0.996801 0.073960
vn 0.049680 -0.973213 0.224475
vn 0.022540 -0.967917 0.250257
vn 0.007937 -0.995599 0.093374
vn 0.018703 -0.995980 0.087603
vn 0.018703 -0.995980 0.087603
vn 0.007937 -0.995599 0.093374
vn 0.002127 -0.999585 0.028718
vn 0.005908 -0.999523 0.030299
vn 0.030286 -0.996801 0.073960
vn 0.018703 -0.995980 0.087603
vn 0.005908 -0.999523 0.030299
vn 0.011079 -0.999569 0.027192
vn 0.022540 -0.967917 0.250257
vn 0.009435 -0.965864 0.258877
vn 0.003164 -0.995695 0.092639
vn 0.007937 -0.995599 0.093374
vn 0.009435 -0.965864 0.258877
vn 0.003849 -0.965549 0.260193
vn 0.001249 -0.995905 0.090404
vn 0.003164 -0.995695 0.092639
vn 0.003164 -0.995695 0.092639
vn 0.001249 -0.995905 0.090404
vn 0.000292 -0.999695 0.024708
vn 0.000776 -0.999651 0.026404
vn 0.007937 -0.995599 0.093374
vn 0.003164 -0.995695 0.092639
vn 0.000776 -0.999651 0.026404
vn 0.002127 -0.999585 0.028718
vn 0.002127 -0.999585 0.028718
vn 0.000776 -0.999651 0.026404
vn 0.000096 -0.999990 0.004473
vn 0.000287 -0.999987 0.005172
vn 0.000776 -0.999651 0.026404
vn 0.000292 -0.999695 0.024708
vn 0.000034 -0.999992 0.004058
vn 0.000096 -0.999990 0.004473
vn 0.000096 -0.999990 0.004473
vn 0.000034 -0.999992 0.004058
vn 0.000000 -1.000000 0.000000
vn 0.000000 -1.000000 0.000000
vn 0.000287 -0.999987 0.005172
vn 0.000096 -0.999990 0.004473
vn 0.000000 -1.000000 0.000000
vn 0.000000 -1.000000 0.000000
vn 0.011079 -0.999569 0.027192
vn 0.005908 -0.999523 0.030299
vn 0.001023 -0.999979 0.006434
vn 0.002764 -0.999972 0.006974
vn 0.005908 -0.999523 0.030299
vn 0.002127 -0.999585 0.028718
vn 0.000287 -0.999987 0.005172
vn 0.001023 -0.999979 0.006434
vn 0.001023 -0.999979 0.006434
vn 0.000287 -0.999987 0.005172
vn 0.000000 -1.000000 0.000000
vn 0.000000 -1.000000 0.000000
vn 0.002764 -0.999972 0.006974
vn 0.001023 -0.999979 0.006434
vn 0.000000 -1.000000 0.000000
vn 0.000000 -1.000000 0.000000
vn 0.003849 -0.965549 0.260193
vn 0.001567 -0.966632 0.256164
vn 0.000500 -0.996183 0.087285
vn 0.001249 -0.995905 0.090404
vn 0.001567 -0.966632 0.256164
vn 0.000580 -0.967241 0.253860
vn 0.000183 -0.996330 0.085592
vn 0.000500 -0.996183 0.087285
vn 0.000500 -0.996183 0.087285
vn 0.000183 -0.996330 0.085592
vn 0.000042 -0.999742 0.022735
vn 0.000115 -0.999726 0.023400
vn 0.001249 -0.995905 0.090404
vn 0.000500 -0.996183 0.087285
vn 0.000115 -0.999726 0.023400
vn 0.000292 -0.999695 0.024708
vn 0.000580 -0.967241 0.253860
vn 0.000132 -0.967593 0.252515
vn 0.000041 -0.996401 0.084768
vn 0.000183 -0.996330 0.085592
vn 0.000132 -0.967593 0.252515
vn 0.000000 -0.967719 0.252033
vn 0.000000 -0.996422 0.084522
vn 0.000041 -0.996401 0.084768
vn 0.000041 -0.996401 0.084768
vn 0.000000 -0.996422 0.084522
vn 0.000000 -0.999750 0.022374
vn 0.000009 -0.999748 0.022449
vn 0.000183 -0.996330 0.085592
vn 0.000041 -0.996401 0.084768
vn 0.000009 -0.999748 0.022449
vn 0.000042 -0.999742 0.022735
vn 0.000042 -0.999742 0.022735
vn 0.000009 -0.999748 0.022449
vn 0.000001 -0.999994 0.003596
vn 0.000005 -0.999993 0.003652
vn 0.000009 -0.999748 0.022449
vn 0.000000 -0.999750 0.022374
vn 0.000000 -0.999994 0.003583
vn 0.000001 -0.999994 0.003596
vn 0.000001 -0.999994 0.003596
vn 0.000000 -0.999994 0.003583
vn 0.000000 -1.000000 0.000000
vn 0.000000 -1.000000 0.000000
vn 0.000005 -0.999993 0.003652
vn 0.000001 -0.999994 0.003596
vn 0.000000 -1.000000 0.000000
vn 0.000000 -1.000000 0.000000
vn 0.000292 -0.999695 0.024708
vn 0.000115 -0.999726 0.023400
vn 0.000013 -0.999993 0.003786
vn 0.000034 -0.999992 0.004058
vn 0.000115 -0.999726 0.023400
vn 0.000042 -0.999742 0.022735
vn 0.000005 -0.999993 0.003652
vn 0.000013 -0.999993 0.003786
vn 0.000013 -0.999993 0.003786
vn 0.000005 -0.999993 0.003652
vn 0.000000 -1.000000 0.000000
vn 0.000000 -1.000000 0.000000
vn 0.000034 -0.999992 0.004058
vn 0.000013 -0.999993 0.003786
vn 0.000000 -1.000000 0.000000
vn 0.000000 -1.000000 0.000000
vn -0.003849 -0.965549 0.260193
vn -0.009435 -0.965864 0.258876
vn -0.003164 -0.995695 0.092639
vn -0.001249 -0.995905 0.090404
vn -0.009435 -0.965864 0.258876
vn -0.022539 -0.967917 0.250257
vn -0.007937 -0.995600 0.093374
vn -0.003164 -0.995695 0.092639
vn -0.003164 -0.995695 0.092639
vn -0.007937 -0.995600 0.093374
vn -0.002127 -0.999585 0.028718
vn -0.000776 -0.999651 0.026404
vn -0.001249 -0.995905 0.090404
vn -0.003164 -0.995695 0.092639
vn -0.000776 -0.999651 0.026404
vn -0.000292 -0.999695 0.024708
vn -0.022539 -0.967917 0.250257
vn -0.049679 -0.973213 0.224472
vn -0.018703 -0.995980 0.087603
vn -0.007937 -0.995600 0.093374
vn -0.049679 -0.973213 0.224472
vn -0.076637 -0.979464 0.186488
vn -0.030286 -0.996801 0.073960
vn -0.018703 -0.995980 0.087603
vn -0.018703 -0.995980 0.087603
vn -0.030286 -0.996801 0.073960
vn -0.011078 -0.999569 0.027192
vn -0.005908 -0.999523 0.030299
vn -0.007937 -0.995600 0.093374
vn -0.018703 -0.995980 0.087603
vn -0.005908 -0.999523 0.030299
vn -0.002127 -0.999585 0.028718
vn -0.002127 -0.999585 0.028718
vn -0.005908 -0.999523 0.030299
vn -0.001023 -0.999979 0.006434
vn -0.000287 -0.999987 0.005172
vn -0.005908 -0.999523 0.030299
vn -0.011078 -0.999569 0.027192
vn -0.002764 -0.999972 0.006974
vn -0.001023 -0.999979 0.006434
vn -0.001023 -0.999979 0.006434
vn -0.002764 -0.999972 0.006974
vn 0.000000 -1.000000 0.000000
vn 0.000000 -1.000000 0.000000
vn -0.000287 -0.999987 0.005172
vn -0.001023 -0.999979 0.006434
vn 0.000000 -1.000000 0.000000
vn 0.000000 -1.000000 0.000000
vn -0.000292 -0.999695 0.024708
vn -0.000776 -0.999651 0.026404
vn -0.000096 -0.999990 0.004473
vn -0.000034 -0.999992 0.004058
vn -0.000776 -0.999651 0.026404
vn -0.002127 -0.999585 0.028718
vn -0.000287 -0.999987 0.005172
vn -0.000096 -0.999990 0.004473
vn -0.000096 -0.999990 0.004473
vn -0.000287 -0.999987 0.005172
vn 0.000000 -1.000000 0.000000
vn 0.000000 -1.000000 0.000000
vn -0.000034 -0.999992 0.004058
vn -0.000096 -0.999990 0.004473
vn 0.000000 -1.000000 0.000000
vn 0.000000 -1.000000 0.000000
vn -0.076637 -0.979464 0.186488
vn -0.091528 -0.980848 0.171931
vn -0.035801 -0.997126 0.066764
vn -0.030286 -0.996801 0.073960
vn -0.091528 -0.980848 0.171931
vn -0.105243 -0.981807 0.158045
vn -0.039947 -0.997428 0.059509
vn -0.035801 -0.997126 0.066764
vn -0.035801 -0.997126 0.066764
vn -0.039947 -0.997428 0.059509
vn -0.013510 -0.999724 0.019234
vn -0.013032 -0.999645 0.023250
vn -0.030286 -0.996801 0.073960
vn -0.035801 -0.997126 0.066764
vn -0.013032 -0.999645 0.023250
vn -0.011078 -0.999569 0.027192
vn -0.105243 -0.981807 0.158045
vn -0.118199 -0.982426 0.144460
vn -0.043744 -0.997623 0.053237
vn -0.039947 -0.997428 0.059509
vn -0.118199 -0.982426 0.144460
vn -0.130742 -0.982744 0.130846
vn -0.047902 -0.997699 0.047972
vn -0.043744 -0.997623 0.053237
vn -0.043744 -0.997623 0.053237
vn -0.047902 -0.997699 0.047972
vn -0.014802 -0.999781 0.014826
vn -0.013908 -0.999767 0.016516
vn -0.039947 -0.997428 0.059509
vn -0.043744 -0.997623 0.053237
vn -0.013908 -0.999767 0.016516
vn -0.013510 -0.999724 0.019234
vn -0.013510 -0.999724 0.019234
vn -0.013908 -0.999767 0.016516
vn -0.002600 -0.999992 0.002944
vn -0.002725 -0.999990 0.003549
vn -0.013908 -0.999767 0.016516
vn -0.014802 -0.999781 0.014826
vn -0.002658 -0.999993 0.002661
vn -0.002600 -0.999992 0.002944
vn -0.002600 -0.999992 0.002944
vn -0.002658 -0.999993 0.002661
vn 0.000000 -1.000000 0.000000
vn 0.000000 -1.000000 0.000000
vn -0.002725 -0.999990 0.003549
vn -0.002600 -0.999992 0.002944
vn 0.000000 -1.000000 0.000000
vn 0.000000 -1.000000 0.000000
vn -0.011078 -0.999569 0.027192
vn -0.013032 -0.999645 0.023250
vn -0.003027 -0.999983 0.004975
vn -0.002764 -0.999972 0.006974
vn -0.013032 -0.999645 0.023250
vn -0.013510 -0.999724 0.019234
vn -0.002725 -0.999990 0.003549
vn -0.003027 -0.999983 0.004975
vn -0.003027 -0.999983 0.004975
vn -0.002725 -0.999990 0.003549
vn 0.000000 -1.000000 0.000000
vn 0.000000 -1.000000 0.000000
vn -0.002764 -0.999972 0.006974
vn -0.003027 -0.999983 0.004975
vn 0.000000 -1.000000 0.000000
vn 0.000000 -1.000000 0.000000
vn -0.130742 -0.982744 0.130846
vn -0.142857 -0.982795 0.117075
vn -0.052708 -0.997665 0.043436
vn -0.047902 -0.997699 0.047972
vn -0.142857 -0.982795 0.117075
vn -0.154667 -0.982565 0.103168
vn -0.058377 -0.997521 0.039307
vn -0.052708 -0.997665 0.043436
vn -0.052708 -0.997665 0.043436
vn -0.058377 -0.997521 0.039307
vn -0.018983 -0.999730 0.013385
vn -0.016406 -0.999769 0.013860
vn -0.047902 -0.997699 0.047972
vn -0.052708 -0.997665 0.043436
vn -0.016406 -0.999769 0.013860
vn -0.014802 -0.999781 0.014826
vn -0.154667 -0.982565 0.103168
vn -0.166459 -0.982043 0.088782
vn -0.064794 -0.997290 0.034853
vn -0.058377 -0.997521 0.039307
vn -0.166459 -0.982043 0.088782
vn -0.178524 -0.981184 0.073528
vn -0.070868 -0.997061 0.029115
vn -0.064794 -0.997290 0.034853
vn -0.064794 -0.997290 0.034853
vn -0.070868 -0.997061 0.029115
vn -0.026224 -0.999598 0.010735
vn -0.022725 -0.999660 0.012797
vn -0.058377 -0.997521 0.039307
vn -0.064794 -0.997290 0.034853
vn -0.022725 -0.999660 0.012797
vn -0.018983 -0.999730 0.013385
vn -0.018983 -0.999730 0.013385
vn -0.022725 -0.999660 0.012797
vn -0.004912 -0.999983 0.003014
vn -0.003531 -0.999990 0.002721
vn -0.022725 -0.999660 0.012797
vn -0.026224 -0.999598 0.010735
vn -0.006772 -0.999973 0.002717
vn -0.004912 -0.999983 0.003014
vn -0.004912 -0.999983 0.003014
vn -0.006772 -0.999973 0.002717
vn 0.000000 -1.000000 0.000000
vn 0.000000 -1.000000 0.000000
vn -0.003531 -0.999990 0.002721
vn -0.004912 -0.999983 0.003014
vn 0.000000 -1.000000 0.000000
vn 0.000000 -1.000000 0.000000
vn -0.014802 -0.999781 0.014826
vn -0.016406 -0.999769 0.013860
vn -0.002938 -0.999992 0.002601
vn -0.002658 -0.999993 0.002661
vn -0.016406 -0.999769 0.013860
vn -0.018983 -0.999730 0.013385
vn -0.003531 -0.999990 0.002721
vn -0.002938 -0.999992 0.002601
vn -0.002938 -0.999992 0.002601
vn -0.003531 -0.999990 0.002721
vn 0.000000 -1.000000 0.000000
vn 0.000000 -1.000000 0.000000
vn -0.002658 -0.999993 0.002661
vn -0.002938 -0.999992 0.002601
vn 0.000000 -1.000000 0.000000
vn 0.000000 -1.000000 0.000000
vn -0.178524 -0.981184 0.073528
vn -0.206828 -0.977208 0.047813
vn -0.080704 -0.996574 0.018089
vn -0.070868 -0.997061 0.029115
vn -0.206828 -0.977208 0.047813
vn -0.226293 -0.973804 0.022281
vn -0.084674 -0.996377 0.007919
vn -0.080704 -0.996574 0.018089
vn -0.080704 -0.996574 0.018089
vn -0.084674 -0.996377 0.007919
vn -0.026604 -0.999644 0.002173
vn -0.028248 -0.999584 0.005799
vn -0.070868 -0.997061 0.029115
vn -0.080704 -0.996574 0.018089
vn -0.028248 -0.999584 0.005799
vn -0.026224 -0.999598 0.010735
vn -0.226293 -0.973804 0.022281
vn -0.233108 -0.972404 0.009517
vn -0.083977 -0.996462 0.003236
vn -0.084674 -0.996377 0.007919
vn -0.233108 -0.972404 0.009517
vn -0.234262 -0.972166 0.003931
vn -0.082205 -0.996615 0.001299
vn -0.083977 -0.996462 0.003236
vn -0.083977 -0.996462 0.003236
vn -0.082205 -0.996615 0.001299
vn -0.023118 -0.999733 0.000313
vn -0.024572 -0.999698 0.000816
vn -0.084674 -0.996377 0.007919
vn -0.083977 -0.996462 0.003236
vn -0.024572 -0.999698 0.000816
vn -0.026604 -0.999644 0.002173
vn -0.026604 -0.999644 0.002173
vn -0.024572 -0.999698 0.000816
vn -0.004260 -0.999991 0.000103
vn -0.004896 -0.999988 0.000299
vn -0.024572 -0.999698 0.000816
vn -0.023118 -0.999733 0.000313
vn -0.003887 -0.999992 0.000038
vn -0.004260 -0.999991 0.000103
vn -0.004260 -0.999991 0.000103
vn -0.003887 -0.999992 0.000038
vn 0.000000 -1.000000 0.000000
vn 0.000000 -1.000000 0.000000
vn -0.004896 -0.999988 0.000299
vn -0.004260 -0.999991 0.000103
vn 0.000000 -1.000000 0.000000
vn 0.000000 -1.000000 0.000000
vn -0.026224 -0.999598 0.010735
vn -0.028248 -0.999584 0.005799
vn -0.006094 -0.999981 0.001026
vn -0.006772 -0.999973 0.002717
vn -0.028248 -0.999584 0.005799
vn -0.026604 -0.999644 0.002173
vn -0.004896 -0.999988 0.000299
vn -0.006094 -0.999981 0.001026
vn -0.006094 -0.999981 0.001026
vn -0.004896 -0.999988 0.000299
vn 0.000000 -1.000000 0.000000
vn 0.000000 -1.000000 0.000000
vn -0.006772 -0.999973 0.002717
vn -0.006094 -0.999981 0.001026
vn 0.000000 -1.000000 0.000000
vn 0.000000 -1.000000 0.000000
vn 0.000000 -1.000000 0.000000
vn -0.003466 -0.999994 0.000000
vn -0.003478 -0.999994 -0.000001
vn 0.000000 -1.000000 0.000000
vn -0.003466 -0.999994 0.000000
vn -0.021163 -0.999776 0.000000
vn -0.021225 -0.999775 -0.000010
vn -0.003478 -0.999994 -0.000001
vn -0.003478 -0.999994 -0.000001
vn -0.021225 -0.999775 -0.000010
vn -0.021465 -0.999770 -0.000046
vn -0.003528 -0.999994 -0.000005
vn 0.000000 -1.000000 0.000000
vn -0.003478 -0.999994 -0.000001
vn -0.003528 -0.999994 -0.000005
vn 0.000000 -1.000000 0.000000
vn -0.021163 -0.999776 0.000000
vn -0.077697 -0.996977 0.000000
vn -0.077884 -0.996962 -0.000044
vn -0.021225 -0.999775 -0.000010
vn -0.077697 -0.996977 0.000000
vn -0.228212 -0.973612 0.000000
vn -0.228571 -0.973527 -0.000136
vn -0.077884 -0.996962 -0.000044
vn -0.077884 -0.996962 -0.000044
vn -0.228571 -0.973527 -0.000136
vn -0.229563 -0.973294 -0.000600
vn -0.078510 -0.996913 -0.000194
vn -0.021225 -0.999775 -0.000010
vn -0.077884 -0.996962 -0.000044
vn -0.078510 -0.996913 -0.000194
vn -0.021465 -0.999770 -0.000046
vn -0.021465 -0.999770 -0.000046
vn -0.078510 -0.996913 -0.000194
vn -0.079813 -0.996810 -0.000526
vn -0.022025 -0.999757 -0.000125
vn -0.078510 -0.996913 -0.000194
vn -0.229563 -0.973294 -0.000600
vn -0.231280 -0.972886 -0.001613
vn -0.079813 -0.996810 -0.000526
vn -0.079813 -0.996810 -0.000526
vn -0.231280 -0.972886 -0.001613
vn -0.234260 -0.972166 -0.003931
vn -0.082204 -0.996615 -0.001299
vn -0.022025 -0.999757 -0.000125
vn -0.079813 -0.996810 -0.000526
vn -0.082204 -0.996615 -0.001299
vn -0.023118 -0.999733 -0.000313
vn 0.000000 -1.000000 0.000000
vn -0.003528 -0.999994 -0.000005
vn -0.003648 -0.999993 -0.000015
vn 0.000000 -1.000000 0.000000
vn -0.003528 -0.999994 -0.000005
vn -0.021465 -0.999770 -0.000046
vn -0.022025 -0.999757 -0.000125
vn -0.003648 -0.999993 -0.000015
vn -0.003648 -0.999993 -0.000015
vn -0.022025 -0.999757 -0.000125
vn -0.023118 -0.999733 -0.000313
vn -0.003887 -0.999992 -0.000038
vn 0.000000 -1.000000 0.000000
vn -0.003648 -0.999993 -0.000015
vn -0.003887 -0.999992 -0.000038
vn 0.000000 -1.000000 0.000000
vn -0.234260 -0.972166 -0.003931
vn -0.233108 -0.972404 -0.009517
vn -0.083977 -0.996462 -0.003236
vn -0.082204 -0.996615 -0.001299
vn -0.233108 -0.972404 -0.009517
vn -0.226291 -0.973805 -0.022281
vn -0.084674 -0.996377 -0.007919
vn -0.083977 -0.996462 -0.003236
vn -0.083977 -0.996462 -0.003236
vn -0.084674 -0.996377 -0.007919
vn -0.026604 -0.999644 -0.002173
vn -0.024572 -0.999698 -0.000816
vn -0.082204 -0.996615 -0.001299
vn -0.083977 -0.996462 -0.003236
vn -0.024572 -0.999698 -0.000816
vn -0.023118 -0.999733 -0.000313
vn -0.226291 -0.973805 -0.022281
vn -0.206826 -0.977209 -0.047813
vn -0.080703 -0.996574 -0.018089
vn -0.084674 -0.996377 -0.007919
vn -0.206826 -0.977209 -0.047813
vn -0.178522 -0.981185 -0.073528
vn -0.070867 -0.997061 -0.029115
vn -0.080703 -0.996574 -0.018089
vn -0.080703 -0.996574 -0.018089
vn -0.070867 -0.997061 -0.029115
vn -0.026225 -0.999598 -0.010735
vn -0.028248 -0.999584 -0.005799
vn -0.084674 -0.996377 -0.007919
vn -0.080703 -0.996574 -0.018089
vn -0.028248 -0.999584 -0.005799
vn -0.026604 -0.999644 -0.002173
vn -0.026604 -0.999644 -0.002173
vn -0.028248 -0.999584 -0.005799
vn -0.006094 -0.999981 -0.001026
vn -0.004896 -0.999988 -0.000299
vn -0.028248 -0.999584 -0.005799
vn -0.026225 -0.999598 -0.010735
vn -0.006772 -0.999973 -0.002717
vn -0.006094 -0.999981 -0.001026
vn -0.006094 -0.999981 -0.001026
vn -0.006772 -0.999973 -0.002717
vn 0.000000 -1.000000 0.000000
vn 0.000000 -1.000000 0.000000
vn -0.004896 -0.999988 -0.000299
vn -0.006094 -0.999981 -0.001026
vn 0.000000 -1.000000 0.000000
vn 0.000000 -1.000000 0.000000
vn -0.023118 -0.999733 -0.000313
vn -0.024572 -0.999698 -0.000816
vn -0.004260 -0.999991 -0.000103
vn -0.003887 -0.999992 -0.000038
vn -0.024572 -0.999698 -0.000816
vn -0.026604 -0.999644 -0.002173
vn -0.004896 -0.999988 -0.000299
vn -0.004260 -0.999991 -0.000103
vn -0.004260 -0.999991 -0.000103
vn -0.004896 -0.999988 -0.000299
vn 0.000000 -1.000000 0.000000
vn 0.000000 -1.000000 0.000000
vn -0.003887 -0.999992 -0.000038
vn -0.004260 -0.999991 -0.000103
vn 0.000000 -1.000000 0.000000
vn 0.000000 -1.000000 0.000000
vn -0.178522 -0.981185 -0.073528
vn -0.166459 -0.982043 -0.088782
vn -0.064794 -0.997290 -0.034853
vn -0.070867 -0.997061 -0.029115
vn -0.166459 -0.982043 -0.088782
vn -0.154666 -0.982566 -0.103167
vn -0.058377 -0.997521 -0.039307
vn -0.064794 -0.997290 -0.034853
vn -0.064794 -0.997290 -0.034853
vn -0.058377 -0.997521 -0.039307
vn -0.018983 -0.999730 -0.013385
vn -0.022726 -0.999660 -0.012797
vn -0.070867 -0.997061 -0.029115
vn -0.064794 -0.997290 -0.034853
vn -0.022726 -0.999660 -0.012797
vn -0.026225 -0.999598 -0.010735
vn -0.154666 -0.982566 -0.103167
vn -0.142856 -0.982795 -0.117074
vn -0.052708 -0.997665 -0.043436
vn -0.058377 -0.997521 -0.039307
vn -0.142856 -0.982795 -0.117074
vn -0.130742 -0.982744 -0.130846
vn -0.047903 -0.997699 -0.047973
vn -0.052708 -0.997665 -0.043436
vn -0.052708 -0.997665 -0.043436
vn -0.047903 -0.997699 -0.047973
vn -0.014802 -0.999781 -0.014826
vn -0.016406 -0.999769 -0.013860
vn -0.058377 -0.997521 -0.039307
vn -0.052708 -0.997665 -0.043436
vn -0.016406 -0.999769 -0.013860
vn -0.018983 -0.999730 -0.013385
vn -0.018983 -0.999730 -0.013385
vn -0.016406 -0.999769 -0.013860
vn -0.002938 -0.999992 -0.002601
vn -0.003531 -0.999990 -0.002721
vn -0.016406 -0.999769 -0.013860
vn -0.014802 -0.999781 -0.014826
vn -0.002658 -0.999993 -0.002661
vn -0.002938 -0.999992 -0.002601
vn -0.002938 -0.999992 -0.002601
vn -0.002658 -0.999993 -0.002661
vn 0.000000 -1.000000 0.000000
vn 0.000000 -1.000000 0.000000
vn -0.003531 -0.999990 -0.002721
vn -0.002938 -0.999992 -0.002601
vn 0.000000 -1.000000 0.000000
vn 0.000000 -1.000000 0.000000
vn -0.026225 -0.999598 -0.010735
vn -0.022726 -0.999660 -0.012797
vn -0.004912 -0.999983 -0.003014
vn -0.006772 -0.999973 -0.002717
vn -0.022726 -0.999660 -0.012797
vn -0.018983 -0.999730 -0.013385
vn -0.003531 -0.999990 -0.002721
vn -0.004912 -0.999983 -0.003014
vn -0.004912 -0.999983 -0.003014
vn -0.003531 -0.999990 -0.002721
vn 0.000000 -1.000000 0.000000
vn 0.000000 -1.000000 0.000000
vn -0.006772 -0.999973 -0.002717
vn -0.004912 -0.999983 -0.003014
vn 0.000000 -1.000000 0.000000
vn 0.000000 -1.000000 0.000000
vn -0.130742 -0.982744 -0.130846
vn -0.118200 -0.982426 -0.144460
vn -0.043745 -0.997623 -0.053237
vn -0.047903 -0.997699 -0.047973
vn -0.118200 -0.982426 -0.144460
vn -0.105243 -0.981808 -0.158043
vn -0.039947 -0.997428 -0.059509
vn -0.043745 -0.997623 -0.053237
vn -0.043745 -0.997623 -0.053237
vn -0.039947 -0.997428 -0.059509
vn -0.013510 -0.999724 -0.019234
vn -0.013908 -0.999767 -0.016517
vn -0.047903 -0.997699 -0.047973
vn -0.043745 -0.997623 -0.053237
vn -0.013908 -0.999767 -0.016517
vn -0.014802 -0.999781 -0.014826
vn -0.105243 -0.981808 -0.158043
vn -0.091527 -0.980848 -0.171930
vn -0.035800 -0.997126 -0.066764
vn -0.039947 -0.997428 -0.059509
vn -0.091527 -0.980848 -0.171930
vn -0.076637 -0.979463 -0.186489
vn -0.030286 -0.996801 -0.073960
vn -0.035800 -0.997126 -0.066764
vn -0.035800 -0.997126 -0.066764
vn -0.030286 -0.996801 -0.073960
vn -0.011079 -0.999569 -0.027192
vn -0.013033 -0.999645 -0.023250
vn -0.039947 -0.997428 -0.059509
vn -0.035800 -0.997126 -0.066764
vn -0.013033 -0.999645 -0.023250
vn -0.013510 -0.999724 -0.019234
vn -0.013510 -0.999724 -0.019234
vn -0.013033 -0.999645 -0.023250
vn -0.003027 -0.999983 -0.004975
vn -0.002725 -0.999990 -0.003549
vn -0.013033 -0.999645 -0.023250
vn -0.011079 -0.999569 -0.027192
vn -0.002764 -0.999972 -0.006974
vn -0.003027 -0.999983 -0.004975
vn -0.003027 -0.999983 -0.004975
vn -0.002764 -0.999972 -0.006974
vn 0.000000 -1.000000 0.000000
vn 0.000000 -1.000000 0.000000
vn -0.002725 -0.999990 -0.003549
vn -0.003027 -0.999983 -0.004975
vn 0.000000 -1.000000 0.000000
vn 0.000000 -1.000000 0.000000
vn -0.014802 -0.999781 -0.014826
vn -0.013908 -0.999767 -0.016517
vn -0.002600 -0.999992 -0.002944
vn -0.002658 -0.999993 -0.002661
vn -0.013908 -0.999767 -0.016517
vn -0.013510 -0.999724 -0.019234
vn -0.002725 -0.999990 -0.003549
vn -0.002600 -0.999992 -0.002944
vn -0.002600 -0.999992 -0.002944
vn -0.002725 -0.999990 -0.003549
vn 0.000000 -1.000000 0.000000
vn 0.000000 -1.000000 0.000000
vn -0.002658 -0.999993 -0.002661
vn -0.002600 -0.999992 -0.002944
vn 0.000000 -1.000000 0.000000
vn 0.000000 -1.000000 0.000000
vn -0.076637 -0.979463 -0.186489
vn -0.049679 -0.973213 -0.224474
vn -0.018703 -0.995980 -0.087604
vn -0.030286 -0.996801 -0.073960
vn -0.049679 -0.973213 -0.224474
vn -0.022539 -0.967917 -0.250257
vn -0.007937 -0.995599 -0.093374
vn -0.018703 -0.995980 -0.087604
vn -0.018703 -0.995980 -0.087604
vn -0.007937 -0.995599 -0.093374
vn -0.002127 -0.999585 -0.028717
vn -0.005908 -0.999523 -0.030299
vn -0.030286 -0.996801 -0.073960
vn -0.018703 -0.995980 -0.087604
vn -0.005908 -0.999523 -0.030299
vn -0.011079 -0.999569 -0.027192
vn -0.022539 -0.967917 -0.250257
vn -0.009435 -0.965864 -0.258877
vn -0.003164 -0.995695 -0.092639
vn -0.007937 -0.995599 -0.093374
vn -0.009435 -0.965864 -0.258877
vn -0.003849 -0.965549 -0.260194
vn -0.001249 -0.995904 -0.090404
vn -0.003164 -0.995695 -0.092639
vn -0.003164 -0.995695 -0.092639
vn -0.001249 -0.995904 -0.090404
vn -0.000292 -0.999695 -0.024708
vn -0.000776 -0.999651 -0.026404
vn -0.007937 -0.995599 -0.093374
vn -0.003164 -0.995695 -0.092639
vn -0.000776 -0.999651 -0.026404
vn -0.002127 -0.999585 -0.028717
vn -0.002127 -0.999585 -0.028717
vn -0.000776 -0.999651 -0.026404
vn -0.000096 -0.999990 -0.004473
vn -0.000287 -0.999987 -0.005172
vn -0.000776 -0.999651 -0.026404
vn -0.000292 -0.999695 -0.024708
vn -0.000034 -0.999992 -0.004058
vn -0.000096 -0.999990 -0.004473
vn -0.000096 -0.999990 -0.004473
vn -0.000034 -0.999992 -0.004058
vn 0.000000 -1.000000 0.000000
vn 0.000000 -1.000000 0.000000
vn -0.000287 -0.999987 -0.005172
vn -0.000096 -0.999990 -0.004473
vn 0.000000 -1.000000 0.000000
vn 0.000000 -1.000000 0.000000
vn -0.011079 -0.999569 -0.027192
vn -0.005908 -0.999523 -0.030299
vn -0.001023 -0.999979 -0.006434
vn -0.002764 -0.999972 -0.006974
vn -0.005908 -0.999523 -0.030299
vn -0.002127 -0.999585 -0.028717
vn -0.000287 -0.999987 -0.005172
vn -0.001023 -0.999979 -0.006434
vn -0.001023 -0.999979 -0.006434
vn -0.000287 -0.999987 -0.005172
vn 0.000000 -1.000000 0.000000
vn 0.000000 -1.000000 0.000000
vn -0.002764 -0.999972 -0.006974
vn -0.001023 -0.999979 -0.006434
vn 0.000000 -1.000000 0.000000
vn 0.000000 -1.000000 0.000000
vn 0.000000 -1.000000 0.000000
vn 0.000000 -0.999994 -0.003583
vn 0.000001 -0.999994 -0.003596
vn 0.000000 -1.000000 0.000000
vn 0.000000 -0.999994 -0.003583
vn 0.000000 -0.999750 -0.022374
vn 0.000009 -0.999748 -0.022449
vn 0.000001 -0.999994 -0.003596
vn 0.000001 -0.999994 -0.003596
vn 0.000009 -0.999748 -0.022449
vn 0.000042 -0.999742 -0.022735
vn 0.000005 -0.999993 -0.003652
vn 0.000000 -1.000000 0.000000
vn 0.000001 -0.999994 -0.003596
vn 0.000005 -0.999993 -0.003652
vn 0.000000 -1.000000 0.000000
vn 0.000000 -0.999750 -0.022374
vn 0.000000 -0.996422 -0.084523
vn 0.000041 -0.996401 -0.084768
vn 0.000009 -0.999748 -0.022449
vn 0.000000 -0.996422 -0.084523
vn 0.000000 -0.967719 -0.252033
vn 0.000132 -0.967593 -0.252515
vn 0.000041 -0.996401 -0.084768
vn 0.000041 -0.996401 -0.084768
vn 0.000132 -0.967593 -0.252515
vn 0.000580 -0.967240 -0.253863
vn 0.000183 -0.996330 -0.085591
vn 0.000009 -0.999748 -0.022449
vn 0.000041 -0.996401 -0.084768
vn 0.000183 -0.996330 -0.085591
vn 0.000042 -0.999742 -0.022735
vn 0.000042 -0.999742 -0.022735
vn 0.000183 -0.996330 -0.085591
vn 0.000500 -0.996183 -0.087285
vn 0.000115 -0.999726 -0.023400
vn 0.000183 -0.996330 -0.085591
vn 0.000580 -0.967240 -0.253863
vn 0.001567 -0.966631 -0.256168
vn 0.000500 -0.996183 -0.087285
vn 0.000500 -0.996183 -0.087285
vn 0.001567 -0.966631 -0.256168
vn 0.003849 -0.965549 -0.260194
vn 0.001249 -0.995905 -0.090404
vn 0.000115 -0.999726 -0.023400
vn 0.000500 -0.996183 -0.087285
vn 0.001249 -0.995905 -0.090404
vn 0.000292 -0.999695 -0.024708
vn 0.000000 -1.000000 0.000000
vn 0.000005 -0.999993 -0.003652
vn 0.000013 -0.999993 -0.003786
vn 0.000000 -1.000000 0.000000
vn 0.000005 -0.999993 -0.003652
vn 0.000042 -0.999742 -0.022735
vn 0.000115 -0.999726 -0.023400
vn 0.000013 -0.999993 -0.003786
vn 0.000013 -0.999993 -0.003786
vn 0.000115 -0.999726 -0.023400
vn 0.000292 -0.999695 -0.024708
vn 0.000034 -0.999992 -0.004058
vn 0.000000 -1.000000 0.000000
vn 0.000013 -0.999993 -0.003786
vn 0.000034 -0.999992 -0.004058
vn 0.000000 -1.000000 0.000000
vn 0.003849 -0.965549 -0.260194
vn 0.009435 -0.965865 -0.258875
vn 0.003164 -0.995695 -0.092640
vn 0.001249 -0.995905 -0.090404
vn 0.009435 -0.965865 -0.258875
vn 0.022539 -0.967918 -0.250255
vn 0.007937 -0.995599 -0.093374
vn 0.003164 -0.995695 -0.092640
vn 0.003164 -0.995695 -0.092640
vn 0.007937 -0.995599 -0.093374
vn 0.002127 -0.999585 -0.028718
vn 0.000776 -0.999651 -0.026404
vn 0.001249 -0.995905 -0.090404
vn 0.003164 -0.995695 -0.092640
vn 0.000776 -0.999651 -0.026404
vn 0.000292 -0.999695 -0.024708
vn 0.022539 -0.967918 -0.250255
vn 0.049679 -0.973213 -0.224472
vn 0.018703 -0.995980 -0.087603
vn 0.007937 -0.995599 -0.093374
vn 0.049679 -0.973213 -0.224472
vn 0.076637 -0.979463 -0.186489
vn 0.030286 -0.996801 -0.073960
vn 0.018703 -0.995980 -0.087603
vn 0.018703 -0.995980 -0.087603
vn 0.030286 -0.996801 -0.073960
vn 0.011078 -0.999569 -0.027192
vn 0.005908 -0.999523 -0.030299
vn 0.007937 -0.995599 -0.093374
vn 0.018703 -0.995980 -0.087603
vn 0.005908 -0.999523 -0.030299
vn 0.002127 -0.999585 -0.028718
vn 0.002127 -0.999585 -0.028718
vn 0.005908 -0.999523 -0.030299
vn 0.001023 -0.999979 -0.006434
vn 0.000287 -0.999987 -0.005172
vn 0.005908 -0.999523 -0.030299
vn 0.011078 -0.999569 -0.027192
vn 0.002764 -0.999972 -0.006974
vn 0.001023 -0.999979 -0.006434
vn 0.001023 -0.999979 -0.006434
vn 0.002764 -0.999972 -0.006974
vn 0.000000 -1.000000 0.000000
vn 0.000000 -1.000000 0.000000
vn 0.000287 -0.999987 -0.005172
vn 0.001023 -0.999979 -0.006434
vn 0.000000 -1.000000 0.000000
vn 0.000000 -1.000000 0.000000
vn 0.000292 -0.999695 -0.024708
vn 0.000776 -0.999651 -0.026404
vn 0.000096 -0.999990 -0.004473
vn 0.000034 -0.999992 -0.004058
vn 0.000776 -0.999651 -0.026404
vn 0.002127 -0.999585 -0.028718
vn 0.000287 -0.999987 -0.005172
vn 0.000096 -0.999990 -0.004473
vn 0.000096 -0.999990 -0.004473
vn 0.000287 -0.999987 -0.005172
vn 0.000000 -1.000000 0.000000
vn 0.000000 -1.000000 0.000000
vn 0.000034 -0.999992 -0.004058
vn 0.000096 -0.999990 -0.004473
vn 0.000000 -1.000000 0.000000
vn 0.000000 -1.000000 0.000000
vn 0.076637 -0.979463 -0.186489
vn 0.091527 -0.980848 -0.171929
vn 0.035801 -0.997126 -0.066764
vn 0.030286 -0.996801 -0.073960
vn 0.091527 -0.980848 -0.171929
vn 0.105242 -0.981808 -0.158042
vn 0.039948 -0.997428 -0.059509
vn 0.035801 -0.997126 -0.066764
vn 0.035801 -0.997126 -0.066764
vn 0.039948 -0.997428 -0.059509
vn 0.013510 -0.999724 -0.019234
vn 0.013032 -0.999645 -0.023250
vn 0.030286 -0.996801 -0.073960
vn 0.035801 -0.997126 -0.066764
vn 0.013032 -0.999645 -0.023250
vn 0.011078 -0.999569 -0.027192
vn 0.105242 -0.981808 -0.158042
vn 0.118199 -0.982426 -0.144459
vn 0.043744 -0.997623 -0.053237
vn 0.039948 -0.997428 -0.059509
vn 0.118199 -0.982426 -0.144459
vn 0.130742 -0.982744 -0.130846
vn 0.047902 -0.997699 -0.047972
vn 0.043744 -0.997623 -0.053237
vn 0.043744 -0.997623 -0.053237
vn 0.047902 -0.997699 -0.047972
vn 0.014802 -0.999781 -0.014826
vn 0.013908 -0.999767 -0.016517
vn 0.039948 -0.997428 -0.059509
vn 0.043744 -0.997623 -0.053237
vn 0.013908 -0.999767 -0.016517
vn 0.013510 -0.999724 -0.019234
vn 0.013510 -0.999724 -0.019234
vn 0.013908 -0.999767 -0.016517
vn 0.002600 -0.999992 -0.002944
vn 0.002725 -0.999990 -0.003549
vn 0.013908 -0.999767 -0.016517
vn 0.014802 -0.999781 -0.014826
vn 0.002658 -0.999993 -0.002661
vn 0.002600 -0.999992 -0.002944
vn 0.002600 -0.999992 -0.002944
vn 0.002658 -0.999993 -0.002661
vn 0.000000 -1.000000 0.000000
vn 0.000000 -1.000000 0.000000
vn 0.002725 -0.999990 -0.003549
vn 0.002600 -0.999992 -0.002944
vn 0.000000 -1.000000 0.000000
vn 0.000000 -1.000000 0.000000
vn 0.011078 -0.999569 -0.027192
vn 0.013032 -0.999645 -0.023250
vn 0.003027 -0.999983 -0.004975
vn 0.002764 -0.999972 -0.006974
vn 0.013032 -0.999645 -0.023250
vn 0.013510 -0.999724 -0.019234
vn 0.002725 -0.999990 -0.003549
vn 0.003027 -0.999983 -0.004975
vn 0.003027 -0.999983 -0.004975
vn 0.002725 -0.999990 -0.003549
vn 0.000000 -1.000000 0.000000
vn 0.000000 -1.000000 0.000000
vn 0.002764 -0.999972 -0.006974
vn 0.003027 -0.999983 -0.004975
vn 0.000000 -1.000000 0.000000
vn 0.000000 -1.000000 0.000000
vn 0.130742 -0.982744 -0.130846
vn 0.142856 -0.982795 -0.117073
vn 0.052708 -0.997665 -0.043436
vn 0.047902 -0.997699 -0.047972
vn 0.142856 -0.982795 -0.117073
vn 0.154663 -0.982566 -0.103166
vn 0.058377 -0.997521 -0.039307
vn 0.052708 -0.997665 -0.043436
vn 0.052708 -0.997665 -0.043436
vn 0.058377 -0.997521 -0.039307
vn 0.018983 -0.999730 -0.013385
vn 0.016406 -0.999769 -0.013860
vn 0.047902 -0.997699 -0.047972
vn 0.052708 -0.997665 -0.043436
vn 0.016406 -0.999769 -0.013860
vn 0.014802 -0.999781 -0.014826
vn 0.154663 -0.982566 -0.103166
vn 0.166458 -0.982044 -0.088782
vn 0.064794 -0.997290 -0.034853
vn 0.058377 -0.997521 -0.039307
vn 0.166458 -0.982044 -0.088782
vn 0.178523 -0.981185 -0.073528
vn 0.070867 -0.997061 -0.029115
vn 0.064794 -0.997290 -0.034853
vn 0.064794 -0.997290 -0.034853
vn 0.070867 -0.997061 -0.029115
vn 0.026225 -0.999598 -0.010735
vn 0.022726 -0.999660 -0.012797
vn 0.058377 -0.997521 -0.039307
vn 0.064794 -0.997290 -0.034853
vn 0.022726 -0.999660 -0.012797
vn 0.018983 -0.999730 -0.013385
vn 0.018983 -0.999730 -0.013385
vn 0.022726 -0.999660 -0.012797
vn 0.004912 -0.999983 -0.003014
vn 0.003531 -0.999990 -0.002721
vn 0.022726 -0.999660 -0.012797
vn 0.026225 -0.999598 -0.010735
vn 0.006772 -0.999973 -0.002717
vn 0.004912 -0.999983 -0.003014
vn 0.004912 -0.999983 -0.003014
vn 0.006772 -0.999973 -0.002717
vn 0.000000 -1.000000 0.000000
vn 0.000000 -1.000000 0.000000
vn 0.003531 -0.999990 -0.002721
vn 0.004912 -0.999983 -0.003014
vn 0.000000 -1.000000 0.000000
vn 0.000000 -1.000000 0.000000
vn 0.014802 -0.999781 -0.014826
vn 0.016406 -0.999769 -0.013860
vn 0.002938 -0.999992 -0.002601
vn 0.002658 -0.999993 -0.002661
vn 0.016406 -0.999769 -0.013860
vn 0.018983 -0.999730 -0.013385
vn 0.003531 -0.999990 -0.002721
vn 0.002938 -0.999992 -0.002601
vn 0.002938 -0.999992 -0.002601
vn 0.003531 -0.999990 -0.002721
vn 0.000000 -1.000000 0.000000
vn 0.000000 -1.000000 0.000000
vn 0.002658 -0.999993 -0.002661
vn 0.002938 -0.999992 -0.002601
vn 0.000000 -1.000000 0.000000
vn 0.000000 -1.000000 0.000000
vn 0.178523 -0.981185 -0.073528
vn 0.206828 -0.977208 -0.047813
vn 0.080703 -0.996574 -0.018089
vn 0.070867 -0.997061 -0.029115
vn 0.206828 -0.977208 -0.047813
vn 0.226292 -0.973805 -0.022281
vn 0.084674 -0.996377 -0.007919
vn 0.080703 -0.996574 -0.018089
vn 0.080703 -0.996574 -0.018089
vn 0.084674 -0.996377 -0.007919
vn 0.026604 -0.999644 -0.002173
vn 0.028248 -0.999584 -0.005799
vn 0.070867 -0.997061 -0.029115
vn 0.080703 -0.996574 -0.018089
vn 0.028248 -0.999584 -0.005799
vn 0.026225 -0.999598 -0.010735
vn 0.226292 -0.973805 -0.022281
vn 0.233109 -0.972404 -0.009517
vn 0.083977 -0.996462 -0.003236
vn 0.084674 -0.996377 -0.007919
vn 0.233109 -0.972404 -0.009517
vn 0.234261 -0.972166 -0.003932
vn 0.082204 -0.996615 -0.001299
vn 0.083977 -0.996462 -0.003236
vn 0.083977 -0.996462 -0.003236
vn 0.082204 -0.996615 -0.001299
vn 0.023118 -0.999733 -0.000313
vn 0.024572 -0.999698 -0.000816
vn 0.084674 -0.996377 -0.007919
vn 0.083977 -0.996462 -0.003236
vn 0.024572 -0.999698 -0.000816
vn 0.026604 -0.999644 -0.002173
vn 0.026604 -0.999644 -0.002173
vn 0.024572 -0.999698 -0.000816
vn 0.004260 -0.999991 -0.000103
vn 0.004896 -0.999988 -0.000299
vn 0.024572 -0.999698 -0.000816
vn 0.023118 -0.999733 -0.000313
vn 0.003887 -0.999992 -0.000038
vn 0.004260 -0.999991 -0.000103
vn 0.004260 -0.999991 -0.000103
vn 0.003887 -0.999992 -0.000038
vn 0.000000 -1.000000 0.000000
vn 0.000000 -1.000000 0.000000
vn 0.004896 -0.999988 -0.000299
vn 0.004260 -0.999991 -0.000103
vn 0.000000 -1.000000 0.000000
vn 0.000000 -1.000000 0.000000
vn 0.026225 -0.999598 -0.010735
vn 0.028248 -0.999584 -0.005799
vn 0.006094 -0.999981 -0.001026
vn 0.006772 -0.999973 -0.002717
vn 0.028248 -0.999584 -0.005799
vn 0.026604 -0.999644 -0.002173
vn 0.004896 -0.999988 -0.000299
vn 0.006094 -0.999981 -0.001026
vn 0.006094 -0.999981 -0.001026
vn 0.004896 -0.999988 -0.000299
vn 0.000000 -1.000000 0.000000
vn 0.000000 -1.000000 0.000000
vn 0.006772 -0.999973 -0.002717
vn 0.006094 -0.999981 -0.001026
vn 0.000000 -1.000000 0.000000
vn 0.000000 -1.000000 0.000000
vn 0.000000 1.000000 0.000000
vn 0.000000 1.000000 0.000000
vn 0.000000 1.000000 0.000000
vn 0.000000 1.000000 0.000000
vn 0.000000 1.000000 0.000000
vn 0.000000 1.000000 0.000000
vn 0.000000 1.000000 0.000000
vn 0.000000 1.000000 0.000000
vn 0.000000 1.000000 0.000000
vn 0.000000 1.000000 0.000000
vn 0.000000 1.000000 0.000000
vn 0.000000 1.000000 0.000000
vn 0.000000 1.000000 0.000000
vn 0.000000 1.000000 0.000000
vn 0.000000 1.000000 0.000000
vn 0.000000 1.000000 0.000000
vn 0.000000 1.000000 0.000000
vn 0.000000 1.000000 0.000000
vn 0.000000 1.000000 0.000000
vn 0.000000 1.000000 0.000000
vn 0.000000 1.000000 0.000000
vn 0.000000 1.000000 0.000000
vn 0.000000 1.000000 0.000000
vn 0.000000 1.000000 0.000000
vn 0.000000 1.000000 0.000000
vn 0.000000 1.000000 0.000000
vn 0.000000 1.000000 0.000000
vn 0.000000 1.000000 0.000000
vn 0.000000 1.000000 0.000000
vn 0.000000 1.000000 0.000000
vn 0.000000 1.000000 0.000000
vn 0.000000 1.000000 0.000000
vn 0.000000 1.000000 0.000000
vn 0.000000 1.000000 0.000000
vn 0.000000 1.000000 0.000000
vn 0.000000 1.000000 0.000000
vn 0.000000 1.000000 0.000000
vn 0.000000 1.000000 0.000000
vn 0.000000 1.000000 0.000000
vn 0.000000 1.000000 0.000000
vn 0.000000 1.000000 0.000000
vn 0.000000 1.000000 0.000000
vn 0.000000 1.000000 0.000000
vn 0.000000 1.000000 0.000000
vn 0.000000 1.000000 0.000000
vn 0.000000 1.000000 0.000000
vn 0.000000 1.000000 0.000000
vn 0.000000 1.000000 0.000000
vn 0.000000 1.000000 0.000000
vn 0.000000 1.000000 0.000000
vn 0.000000 1.000000 0.000000
vn 0.000000 1.000000 0.000000
vn 0.000000 1.000000 0.000000
vn 0.000000 1.000000 0.000000
vn 0.000000 1.000000 0.000000
vn 0.000000 1.000000 0.000000
vn 0.000000 1.000000 0.000000
vn 0.000000 1.000000 0.000000
vn 0.000000 1.000000 0.000000
vn 0.000000 1.000000 0.000000
vn 0.000000 1.000000 0.000000
vn 0.000000 1.000000 0.000000
vn 0.000000 1.000000 0.000000
vn 0.000000 1.000000 0.000000
vn 0.000000 -1.000000 0.000000
vn 0.000000 -1.000000 0.000000
vn 0.000000 -1.000000 0.000000
vn 0.000000 -1.000000 0.000000
vn 0.000000 -1.000000 0.000000
vn 0.000000 -1.000000 0.000000
vn 0.000000 -1.000000 0.000000
vn 0.000000 -1.000000 0.000000
vn 0.000000 -1.000000 0.000000
vn 0.000000 -1.000000 0.000000
vn 0.000000 -1.000000 0.000000
vn 0.000000 -1.000000 0.000000
vn 0.000000 -1.000000 0.000000
vn 0.000000 -1.000000 0.000000
vn 0.000000 -1.000000 0.000000
vn 0.000000 -1.000000 0.000000
vn 0.000000 -1.000000 0.000000
vn 0.000000 -1.000000 0.000000
vn 0.000000 -1.000000 0.000000
vn 0.000000 -1.000000 0.000000
vn 0.000000 -1.000000 0.000000
vn 0.000000 -1.000000 0.000000
vn 0.000000 -1.000000 0.000000
vn 0.000000 -1.000000 0.000000
vn 0.000000 -1.000000 0.000000
vn 0.000000 -1.000000 0.000000
vn 0.000000 -1.000000 0.000000
vn 0.000000 -1.000000 0.000000
vn 0.000000 -1.000000 0.000000
vn 0.000000 -1.000000 0.000000
vn 0.000000 -1.000000 0.000000
vn 0.000000 -1.000000 0.000000
vn 0.000000 -1.000000 0.000000
vn 0.000000 -1.000000 0.000000
vn 0.000000 -1.000000 0.000000
vn 0.000000 -1.000000 0.000000
vn 0.000000 -1.000000 0.000000
vn 0.000000 -1.000000 0.000000
vn 0.000000 -1.000000 0.000000
vn 0.000000 -1.000000 0.000000
vn 0.000000 -1.000000 0.000000
vn 0.000000 -1.000000 0.000000
vn 0.000000 -1.000000 0.000000
vn 0.000000 -1.000000 0.000000
vn 0.000000 -1.000000 0.000000
vn 0.000000 -1.000000 0.000000
vn 0.000000 -1.000000 0.000000
vn 0.000000 -1.000000 0.000000
vn 0.000000 -1.000000 0.000000
vn 0.000000 -1.000000 0.000000
vn 0.000000 -1.000000 0.000000
vn 0.000000 -1.000000 0.000000
vn 0.000000 -1.000000 0.000000
vn 0.000000 -1.000000 0.000000
vn 0.000000 -1.000000 0.000000
vn 0.000000 -1.000000 0.000000
vn 0.000000 -1.000000 0.000000
vn 0.000000 -1.000000 0.000000
vn 0.000000 -1.000000 0.000000
vn 0.000000 -1.000000 0.000000
vn 0.000000 -1.000000 0.000000
vn 0.000000 -1.000000 0.000000
vn 0.000000 -1.000000 0.000000
vn 0.000000 -1.000000 0.000000
vn 0.000000 -1.000000 0.000000
vn 0.000000 -1.000000 0.000000
vn 0.000000 -1.000000 0.000000
vn 0.000000 -1.000000 0.000000
vn 0.000000 -1.000000 0.000000
vn 0.000000 -1.000000 0.000000
vn 0.000000 -1.000000 0.000000
vn 0.000000 -1.000000 0.000000
vn 0.000000 -1.000000 0.000000
vn 0.000000 -1.000000 0.000000
vn 0.000000 -1.000000 0.000000
vn 0.000000 -1.000000 0.000000
vn 0.000000 -1.000000 0.000000
vn 0.000000 -1.000000 0.000000
vn 0.000000 -1.000000 0.000000
vn 0.000000 -1.000000 0.000000
vn 0.000000 -1.000000 0.000000
vn 0.000000 -1.000000 0.000000
vn 0.000000 -1.000000 0.000000
vn 0.000000 -1.000000 0.000000
vn 0.000000 -1.000000 0.000000
vn 0.000000 -1.000000 0.000000
vn 0.000000 -1.000000 0.000000
vn 0.000000 -1.000000 0.000000
vn 0.000000 -1.000000 0.000000
vn 0.000000 -1.000000 0.000000
vn 0.000000 -1.000000 0.000000
vn 0.000000 -1.000000 0.000000
vn 0.000000 -1.000000 0.000000
vn 0.000000 -1.000000 0.000000
vn 0.000000 -1.000000 0.000000
vn 0.000000 -1.000000 0.000000
vn 0.000000 -1.000000 0.000000
vn 0.000000 -1.000000 0.000000
vn 0.000000 -1.000000 0.000000
vn 0.000000 -1.000000 0.000000
vn 0.000000 -1.000000 0.000000
vn 0.000000 -1.000000 0.000000
vn 0.000000 -1.000000 0.000000
vn 0.000000 -1.000000 0.000000
vn 0.000000 -1.000000 0.000000
vn 0.000000 -1.000000 0.000000
vn 0.000000 -1.000000 0.000000
vn 0.000000 -1.000000 0.000000
vn 0.000000 -1.000000 0.000000
vn 0.000000 -1.000000 0.000000
vn 0.000000 -1.000000 0.000000
vn 0.000000 -1.000000 0.000000
vn 0.000000 -1.000000 0.000000
vn 0.000000 -1.000000 0.000000
vn 0.000000 -1.000000 0.000000
vn 0.000000 -1.000000 0.000000
vn 0.000000 -1.000000 0.000000
vn 0.000000 -1.000000 0.000000
vn 0.000000 -1.000000 0.000000
vn 0.000000 -1.000000 0.000000
vn 0.000000 -1.000000 0.000000
vn 0.000000 -1.000000 0.000000
vn 0.000000 -1.000000 0.000000
vn 0.000000 -1.000000 0.000000
vn 0.000000 -1.000000 0.000000
vn 0.000000 -1.000000 0.000000
vn 0.000000 -1.000000 0.000000
vn 0.000000 -1.000000 0.000000
vn 0.000000 1.000000 0.000000
vn 0.000000 1.000000 0.000000
vn 0.000000 1.000000 0.000000
vn 0.000000 1.000000 0.000000
vn 0.000000 1.000000 0.000000
vn 0.000000 1.000000 0.000000
vn 0.000000 1.000000 0.000000
vn 0.000000 1.000000 0.000000
vn 0.000000 1.000000 0.000000
vn 0.000000 1.000000 0.000000
vn 0.000000 1.000000 0.000000
vn 0.000000 1.000000 0.000000
vn 0.000000 1.000000 0.000000
vn 0.000000 1.000000 0.000000
vn 0.000000 1.000000 0.000000
vn 0.000000 1.000000 0.000000
vn 0.000000 1.000000 0.000000
vn 0.000000 1.000000 0.000000
vn 0.000000 1.000000 0.000000
vn 0.000000 1.000000 0.000000
vn 0.000000 1.000000 0.000000
vn 0.000000 1.000000 0.000000
vn 0.000000 1.000000 0.000000
vn 0.000000 1.000000 0.000000
vn 0.000000 1.000000 0.000000
vn 0.000000 1.000000 0.000000
vn 0.000000 1.000000 0.000000
vn 0.000000 1.000000 0.000000
vn 0.000000 1.000000 0.000000
vn 0.000000 1.000000 0.000000
vn 0.000000 1.000000 0.000000
vn 0.000000 1.000000 0.000000
vn 0.000000 1.000000 0.000000
vn 0.000000 1.000000 0.000000
vn 0.000000 1.000000 0.000000
vn 0.000000 1.000000 0.000000
vn 0.000000 1.000000 0.000000
vn 0.000000 1.000000 0.000000
vn 0.000000 1.000000 0.000000
vn 0.000000 1.000000 0.000000
vn 0.000000 1.000000 0.000000
vn 0.000000 1.000000 0.000000
vn 0.000000 1.000000 0.000000
vn 0.000000 1.000000 0.000000
vn 0.000000 1.000000 0.000000
vn 0.000000 1.000000 0.000000
vn 0.000000 1.000000 0.000000
vn 0.000000 1.000000 0.000000
vn 0.000000 1.000000 0.000000
vn 0.000000 1.000000 0.000000
vn 0.000000 1.000000 0.000000
vn 0.000000 1.000000 0.000000
vn 0.000000 1.000000 0.000000
vn 0.000000 1.000000 0.000000
vn 0.000000 1.000000 0.000000
vn 0.000000 1.000000 0.000000
vn 0.000000 1.000000 0.000000
vn 0.000000 1.000000 0.000000
vn 0.000000 1.000000 0.000000
vn 0.000000 1.000000 0.000000
vn 0.000000 1.000000 0.000000
vn 0.000000 1.000000 0.000000
vn 0.000000 1.000000 0.000000
vn 0.000000 1.000000 0.000000
vn 0.000000 1.000000 0.000000
vn 0.000000 1.000000 0.000000
vn 0.000000 1.000000 0.000000
vn 0.000000 1.000000 0.000000
vn 0.000000 1.000000 0.000000
vn 0.000000 1.000000 0.000000
vn 0.000000 1.000000 0.000000
vn 0.000000 1.000000 0.000000
vn 0.000000 1.000000 0.000000
vn 0.000000 1.000000 0.000000
vn 0.000000 1.000000 0.000000
vn 0.000000 1.000000 0.000000
vn 0.000000 1.000000 0.000000
vn 0.000000 1.000000 0.000000
vn 0.000000 1.000000 0.000000
vn 0.000000 1.000000 0.000000
vn 0.000000 1.000000 0.000000
vn 0.000000 1.000000 0.000000
vn 0.000000 1.000000 0.000000
vn 0.000000 1.000000 0.000000
vn 0.000000 1.000000 0.000000
vn 0.000000 1.000000 0.000000
vn 0.000000 1.000000 0.000000
vn 0.000000 1.000000 0.000000
vn 0.000000 1.000000 0.000000
vn 0.000000 1.000000 0.000000
vn 0.000000 1.000000 0.000000
vn 0.000000 1.000000 0.000000
vn 0.000000 1.000000 0.000000
vn 0.000000 1.000000 0.000000
vn 0.000000 1.000000 0.000000
vn 0.000000 1.000000 0.000000
vn 0.000000 1.000000 0.000000
vn 0.000000 1.000000 0.000000
vn 0.000000 1.000000 0.000000
vn 0.000000 1.000000 0.000000
vn 0.000000 1.000000 0.000000
vn 0.000000 1.000000 0.000000
vn 0.000000 1.000000 0.000000
vn 0.000000 1.000000 0.000000
vn 0.000000 1.000000 0.000000
vn 0.000000 1.000000 0.000000
vn 0.000000 1.000000 0.000000
vn 0.000000 1.000000 0.000000
vn 0.000000 1.000000 0.000000
vn 0.000000 1.000000 0.000000
vn 0.000000 1.000000 0.000000
vn 0.000000 1.000000 0.000000
vn 0.000000 1.000000 0.000000
vn 0.000000 1.000000 0.000000
vn 0.000000 1.000000 0.000000
vn 0.000000 1.000000 0.000000
vn 0.000000 1.000000 0.000000
vn 0.000000 1.000000 0.000000
vn 0.000000 1.000000 0.000000
vn 0.000000 1.000000 0.000000
vn 0.000000 1.000000 0.000000
vn 0.000000 1.000000 0.000000
vn 0.000000 1.000000 0.000000
vn 0.000000 1.000000 0.000000
vn 0.000000 1.000000 0.000000
vn 0.000000 1.000000 0.000000
vn 0.000000 1.000000 0.000000
vn 0.000000 1.000000 0.000000
vn 0.000000 1.000000 0.000000
vn 0.000000 1.000000 0.000000
vn 0.000000 1.000000 0.000000
vn 0.000000 1.000000 0.000000
vn 0.000000 1.000000 0.000000
vn 0.000000 1.000000 0.000000
vn 0.000000 1.000000 0.000000
vn 0.000000 1.000000 0.000000
vn 0.000000 1.000000 0.000000
vn 0.000000 1.000000 0.000000
vn 0.000000 1.000000 0.000000
vn 0.000000 1.000000 0.000000
vn 0.000000 1.000000 0.000000
vn 0.000000 1.000000 0.000000
vn 0.000000 1.000000 0.000000
vn 0.000000 1.000000 0.000000
vn 0.000000 1.000000 0.000000
vn 0.000000 1.000000 0.000000
vn 0.000000 1.000000 0.000000
vn 0.000000 1.000000 0.000000
vn 0.000000 1.000000 0.000000
vn 0.000000 1.000000 0.000000
vn 0.000000 1.000000 0.000000
vn 0.000000 1.000000 0.000000
vn 0.000000 1.000000 0.000000
vn 0.000000 1.000000 0.000000
vn 0.000000 1.000000 0.000000
vn 0.000000 1.000000 0.000000
vn 0.000000 1.000000 0.000000
vn 0.000000 1.000000 0.000000
vn 0.000000 1.000000 0.000000
vn 0.000000 1.000000 0.000000
vn 0.000000 1.000000 0.000000
vn 0.000000 1.000000 0.000000
vn 0.000000 1.000000 0.000000
vn 0.000000 1.000000 0.000000
vn 0.000000 1.000000 0.000000
vn 0.000000 1.000000 0.000000
vn 0.000000 1.000000 0.000000
vn 0.000000 1.000000 0.000000
vn 0.000000 1.000000 0.000000
vn 0.000000 1.000000 0.000000
vn 0.000000 1.000000 0.000000
vn 0.000000 1.000000 0.000000
vn 0.000000 1.000000 0.000000
vn 0.000000 1.000000 0.000000
vn 0.000000 1.000000 0.000000
vn 0.000000 1.000000 0.000000
vn 0.000000 1.000000 0.000000
vn 0.000000 1.000000 0.000000
vn 0.000000 1.000000 0.000000
vn 0.000000 1.000000 0.000000
vn 0.000000 1.000000 0.000000
vn 0.000000 1.000000 0.000000
vn 0.000000 1.000000 0.000000
vn 0.000000 1.000000 0.000000
vn 0.000000 1.000000 0.000000
vn 0.000000 1.000000 0.000000
vn 0.000000 1.000000 0.000000
vn 0.000000 1.000000 0.000000
vn 0.000000 1.000000 0.000000
vn 0.000000 1.000000 0.000000
vn 0.000000 1.000000 0.000000
vn 0.000000 1.000000 0.000000
vn 0.000000 1.000000 0.000000
vn 0.000000 1.000000 0.000000
vn 0.000000 1.000000 0.000000
vn 0.000000 1.000000 0.000000
vn 0.000000 1.000000 0.000000
vn 0.000000 1.000000 0.000000
vn 0.000000 1.000000 0.000000
vn 0.000000 1.000000 0.000000
vn 0.000000 1.000000 0.000000
vn 0.000000 1.000000 0.000000
vn 0.000000 1.000000 0.000000
vn 0.000000 1.000000 0.000000
vn 0.000000 1.000000 0.000000
vn 0.000000 1.000000 0.000000
vn 0.000000 1.000000 0.000000
vn 0.000000 1.000000 0.000000
vn 0.000000 1.000000 0.000000
vn 0.000000 1.000000 0.000000
vn 0.000000 1.000000 0.000000
vn 0.000000 1.000000 0.000000
vn 0.000000 1.000000 0.000000
vn 0.000000 1.000000 0.000000
vn 0.000000 1.000000 0.000000
vn 0.000000 1.000000 0.000000
vn 0.000000 1.000000 0.000000
vn 0.000000 1.000000 0.000000
vn 0.000000 1.000000 0.000000
vn 0.000000 1.000000 0.000000
vn 0.000000 1.000000 0.000000
vn 0.000000 1.000000 0.000000
vn 0.000000 1.000000 0.000000
vn 0.000000 1.000000 0.000000
vn 0.000000 1.000000 0.000000
vn 0.000000 1.000000 0.000000
vn 0.000000 1.000000 0.000000
vn 0.000000 1.000000 0.000000
vn 0.000000 1.000000 0.000000
vn 0.000000 1.000000 0.000000
vn 0.000000 1.000000 0.000000
vn 0.000000 1.000000 0.000000
vn 0.000000 1.000000 0.000000
vn 0.000000 1.000000 0.000000
vn 0.000000 1.000000 0.000000
vn 0.000000 1.000000 0.000000
vn 0.000000 1.000000 0.000000
vn 0.000000 1.000000 0.000000
vn 0.000000 1.000000 0.000000
vn 0.000000 1.000000 0.000000
vn 0.000000 1.000000 0.000000
vn 0.000000 1.000000 0.000000
vn 0.000000 1.000000 0.000000
vn 0.000000 1.000000 0.000000
vn 0.000000 1.000000 0.000000
vn 0.000000 1.000000 0.000000
vn 0.000000 1.000000 0.000000
vn 0.000000 1.000000 0.000000
vn 0.000000 1.000000 0.000000
vn 0.000000 1.000000 0.000000
vn 0.000000 1.000000 0.000000
vn 0.000000 1.000000 0.000000
vn 0.000000 1.000000 0.000000
vn 0.000000 1.000000 0.000000
vn 0.000000 1.000000 0.000000
vn 0.000000 1.000000 0.000000
vn 0.000000 1.000000 0.000000
vn 0.000000 1.000000 0.000000
vn 0.000000 1.000000 0.000000
vn 0.000000 1.000000 0.000000
vn 0.000000 1.000000 0.000000
vn 0.000000 1.000000 0.000000
vn 0.000000 1.000000 0.000000
vn 0.000000 1.000000 0.000000
vn 0.000000 1.000000 0.000000
vn 0.000000 1.000000 0.000000
vn 0.000000 1.000000 0.000000
vn 0.000000 1.000000 0.000000
vn 0.000000 1.000000 0.000000
vn 0.000000 1.000000 0.000000
vn 0.000000 1.000000 0.000000
vn 0.000000 1.000000 0.000000
vn 0.000000 1.000000 0.000000
vn 0.000000 1.000000 0.000000
vn 0.000000 1.000000 0.000000
vn 0.000000 1.000000 0.000000
vn 0.000000 1.000000 0.000000
vn 0.000000 1.000000 0.000000
vn 0.000000 1.000000 0.000000
vn 0.000000 1.000000 0.000000
vn 0.000000 1.000000 0.000000
vn 0.000000 1.000000 0.000000
vn 0.000000 1.000000 0.000000
vn 0.000000 1.000000 0.000000
vn 0.000000 1.000000 0.000000
vn 0.000000 1.000000 0.000000
vn 0.000000 1.000000 0.000000
vn 0.000000 1.000000 0.000000
vn 0.000000 1.000000 0.000000
vn 0.000000 1.000000 0.000000
vn 0.000000 1.000000 0.000000
vn 0.000000 1.000000 0.000000
vn 0.000000 1.000000 0.000000
vn 0.000000 1.000000 0.000000
vn 0.000000 1.000000 0.000000
vn 0.000000 1.000000 0.000000
vn 0.000000 1.000000 0.000000
vn 0.000000 1.000000 0.000000
vn 0.000000 1.000000 0.000000
vn 0.000000 1.000000 0.000000
vn 0.000000 1.000000 0.000000
vn 0.000000 1.000000 0.000000
vn 0.000000 1.000000 0.000000
vn 0.000000 1.000000 0.000000
vn 0.000000 1.000000 0.000000
vn 0.000000 1.000000 0.000000
vn 0.000000 1.000000 0.000000
vn 0.000000 1.000000 0.000000
vn 0.000000 1.000000 0.000000
vn 0.000000 1.000000 0.000000
vn 0.000000 1.000000 0.000000
vn 0.000000 1.000000 0.000000
vn 0.000000 1.000000 0.000000
vn 0.000000 1.000000 0.000000
vn 0.000000 1.000000 0.000000
vn 0.000000 1.000000 0.000000
vn 0.000000 1.000000 0.000000
vn 0.000000 1.000000 0.000000
vn 0.000000 1.000000 0.000000
vn 0.000000 1.000000 0.000000
vn 0.000000 1.000000 0.000000
vn 0.000000 1.000000 0.000000
vn 0.000000 1.000000 0.000000
vn 0.000000 1.000000 0.000000
vn 0.000000 1.000000 0.000000
vn 0.000000 1.000000 0.000000
vn 0.000000 1.000000 0.000000
vn 0.000000 1.000000 0.000000
vn 0.000000 1.000000 0.000000
vn 0.000000 1.000000 0.000000
vn 0.000000 1.000000 0.000000
vn 0.000000 1.000000 0.000000
vn 0.000000 1.000000 0.000000
vn 0.000000 1.000000 0.000000
vn 0.000000 1.000000 0.000000
vn 0.000000 1.000000 0.000000
vn 0.000000 1.000000 0.000000
vn 0.000000 1.000000 0.000000
vn 0.000000 1.000000 0.000000
vn 0.000000 1.000000 0.000000
vn 0.000000 1.000000 0.000000
vn 0.000000 1.000000 0.000000
vn 0.000000 1.000000 0.000000
vn 0.000000 1.000000 0.000000
vn 0.000000 1.000000 0.000000
vn 0.000000 1.000000 0.000000
vn 0.000000 1.000000 0.000000
vn 0.000000 1.000000 0.000000
vn 0.000000 1.000000 0.000000
vn 0.000000 1.000000 0.000000
vn 0.000000 1.000000 0.000000
vn 0.000000 1.000000 0.000000
vn 0.000000 1.000000 0.000000
vn 0.000000 1.000000 0.000000
vn 0.000000 1.000000 0.000000
vn 0.000000 1.000000 0.000000
vn 0.000000 1.000000 0.000000
vn 0.000000 1.000000 0.000000
vn 0.000000 1.000000 0.000000
vn 0.000000 1.000000 0.000000
vn 0.000000 1.000000 0.000000
vn 0.000000 1.000000 0.000000
vn 0.000000 1.000000 0.000000
vn 0.000000 1.000000 0.000000
vn 0.000000 1.000000 0.000000
vn 0.000000 1.000000 0.000000
vn 0.000000 1.000000 0.000000
vn 0.000000 1.000000 0.000000
vn 0.000000 1.000000 0.000000
vn 0.000000 1.000000 0.000000
vn 0.000000 1.000000 0.000000
vn 0.000000 1.000000 0.000000
vn 0.000000 1.000000 0.000000
vn 0.000000 1.000000 0.000000
vn 0.000000 1.000000 0.000000
vn 0.000000 1.000000 0.000000
vn 0.000000 1.000000 0.000000
vn 0.000000 1.000000 0.000000
vn 0.000000 1.000000 0.000000
vn 0.000000 1.000000 0.000000
vn 0.000000 1.000000 0.000000
vn 0.000000 1.000000 0.000000
vn 0.000000 1.000000 0.000000
vn 0.000000 1.000000 0.000000
vn 0.000000 1.000000 0.000000
vn 0.000000 1.000000 0.000000
vn 0.000000 1.000000 0.000000
vn 0.000000 1.000000 0.000000
vn 0.000000 1.000000 0.000000
vn 0.000000 1.000000 0.000000
vn 0.000000 1.000000 0.000000
vn 0.000000 1.000000 0.000000
vn 0.000000 1.000000 0.000000
vn 0.000000 1.000000 0.000000
vn 0.000000 1.000000 0.000000
vn 0.000000 1.000000 0.000000
vn 0.000000 1.000000 0.000000
vn 0.000000 1.000000 0.000000
vn 0.000000 1.000000 0.000000
vn 0.000000 1.000000 0.000000
vn 0.000000 1.000000 0.000000
vn 0.000000 1.000000 0.000000
vn 0.000000 1.000000 0.000000
vn 0.000000 1.000000 0.000000
vn 0.000000 1.000000 0.000000
vn 0.000000 1.000000 0.000000
vn 0.000000 1.000000 0.000000
vn 0.000000 1.000000 0.000000
vn 0.000000 1.000000 0.000000
vn 0.000000 1.000000 0.000000
vn 0.000000 1.000000 0.000000
vn 0.000000 1.000000 0.000000
vn 0.000000 1.000000 0.000000
vn 0.000000 1.000000 0.000000
vn 0.000000 1.000000 0.000000
vn 0.000000 1.000000 0.000000
vn 0.000000 1.000000 0.000000
vn 0.000000 1.000000 0.000000
vn 0.000000 1.000000 0.000000
vn 0.000000 1.000000 0.000000
vn 0.000000 1.000000 0.000000
vn 0.000000 1.000000 0.000000
vn 0.000000 1.000000 0.000000
vn 0.000000 1.000000 0.000000
vn 0.000000 1.000000 0.000000
vn 0.000000 1.000000 0.000000
vn 0.000000 1.000000 0.000000
vn 0.000000 1.000000 0.000000
vn 0.000000 1.000000 0.000000
vn 0.000000 1.000000 0.000000
vn 0.000000 1.000000 0.000000
vn 0.000000 1.000000 0.000000
vn 0.000000 1.000000 0.000000
vn 0.000000 1.000000 0.000000
vn 0.000000 1.000000 0.000000
vn 0.000000 1.000000 0.000000
vn 0.000000 1.000000 0.000000
vn 0.000000 1.000000 0.000000
vn 0.000000 1.000000 0.000000
vn 0.000000 1.000000 0.000000
vn 0.000000 1.000000 0.000000
vn 0.000000 1.000000 0.000000
vn 0.000000 1.000000 0.000000
vn 0.000000 1.000000 0.000000
vn 0.000000 1.000000 0.000000
vn 0.000000 1.000000 0.000000
vn 0.000000 1.000000 0.000000
vn 0.000000 1.000000 0.000000
vn 0.000000 -1.000000 0.000000
vn 0.000000 -1.000000 0.000000
vn 0.000000 -1.000000 0.000000
vn 0.000000 -1.000000 0.000000
vn 0.000000 -1.000000 0.000000
vn 0.000000 -1.000000 0.000000
vn 0.000000 -1.000000 0.000000
vn 0.000000 -1.000000 0.000000
vn 0.000000 -1.000000 0.000000
vn 0.000000 -1.000000 0.000000
vn 0.000000 -1.000000 0.000000
vn 0.000000 -1.000000 0.000000
vn 0.000000 -1.000000 0.000000
vn 0.000000 -1.000000 0.000000
vn 0.000000 -1.000000 0.000000
vn 0.000000 -1.000000 0.000000
vn 0.000000 -1.000000 0.000000
vn 0.000000 -1.000000 0.000000
vn 0.000000 -1.000000 0.000000
vn 0.000000 -1.000000 0.000000
vn 0.000000 -1.000000 0.000000
vn 0.000000 -1.000000 0.000000
vn 0.000000 -1.000000 0.000000
vn 0.000000 -1.000000 0.000000
vn 0.000000 -1.000000 0.000000
vn 0.000000 -1.000000 0.000000
vn 0.000000 -1.000000 0.000000
vn 0.000000 -1.000000 0.000000
vn 0.000000 -1.000000 0.000000
vn 0.000000 -1.000000 0.000000
vn 0.000000 -1.000000 0.000000
vn 0.000000 -1.000000 0.000000
vn 0.000000 -1.000000 0.000000
vn 0.000000 -1.000000 0.000000
vn 0.000000 -1.000000 0.000000
vn 0.000000 -1.000000 0.000000
vn 0.000000 -1.000000 0.000000
vn 0.000000 -1.000000 0.000000
vn 0.000000 -1.000000 0.000000
vn 0.000000 -1.000000 0.000000
vn 0.000000 -1.000000 0.000000
vn 0.000000 -1.000000 0.000000
vn 0.000000 -1.000000 0.000000
vn 0.000000 -1.000000 0.000000
vn 0.000000 -1.000000 0.000000
vn 0.000000 -1.000000 0.000000
vn 0.000000 -1.000000 0.000000
vn 0.000000 -1.000000 0.000000
vn 0.000000 -1.000000 0.000000
vn 0.000000 -1.000000 0.000000
vn 0.000000 -1.000000 0.000000
vn 0.000000 -1.000000 0.000000
vn 0.000000 -1.000000 0.000000
vn 0.000000 -1.000000 0.000000
vn 0.000000 -1.000000 0.000000
vn 0.000000 -1.000000 0.000000
vn 0.000000 -1.000000 0.000000
vn 0.000000 -1.000000 0.000000
vn 0.000000 -1.000000 0.000000
vn 0.000000 -1.000000 0.000000
vn 0.000000 -1.000000 0.000000
vn 0.000000 -1.000000 0.000000
vn 0.000000 -1.000000 0.000000
vn 0.000000 -1.000000 0.000000
vn 0.000000 -1.000000 0.000000
vn 0.000000 -1.000000 0.000000
vn 0.000000 -1.000000 0.000000
vn 0.000000 -1.000000 0.000000
vn 0.000000 -1.000000 0.000000
vn 0.000000 -1.000000 0.000000
vn 0.000000 -1.000000 0.000000
vn 0.000000 -1.000000 0.000000
vn 0.000000 -1.000000 0.000000
vn 0.000000 -1.000000 0.000000
vn 0.000000 -1.000000 0.000000
vn 0.000000 -1.000000 0.000000
vn 0.000000 -1.000000 0.000000
vn 0.000000 -1.000000 0.000000
vn 0.000000 -1.000000 0.000000
vn 0.000000 -1.000000 0.000000
vn 0.000000 -1.000000 0.000000
vn 0.000000 -1.000000 0.000000
vn 0.000000 -1.000000 0.000000
vn 0.000000 -1.000000 0.000000
vn 0.000000 -1.000000 0.000000
vn 0.000000 -1.000000 0.000000
vn 0.000000 -1.000000 0.000000
vn 0.000000 -1.000000 0.000000
vn 0.000000 -1.000000 0.000000
vn 0.000000 -1.000000 0.000000
vn 0.000000 -1.000000 0.000000
vn 0.000000 -1.000000 0.000000
vn 0.000000 -1.000000 0.000000
vn 0.000000 -1.000000 0.000000
vn 0.000000 -1.000000 0.000000
vn 0.000000 -1.000000 0.000000
vn 0.000000 -1.000000 0.000000
vn 0.000000 -1.000000 0.000000
vn 0.000000 -1.000000 0.000000
vn 0.000000 -1.000000 0.000000
vn 0.000000 -1.000000 0.000000
vn 0.000000 -1.000000 0.000000
vn 0.000000 -1.000000 0.000000
vn 0.000000 -1.000000 0.000000
vn 0.000000 -1.000000 0.000000
vn 0.000000 -1.000000 0.000000
vn 0.000000 -1.000000 0.000000
vn 0.000000 -1.000000 0.000000
vn 0.000000 -1.000000 0.000000
vn 0.000000 -1.000000 0.000000
vn 0.000000 -1.000000 0.000000
vn 0.000000 -1.000000 0.000000
vn 0.000000 -1.000000 0.000000
vn 0.000000 -1.000000 0.000000
vn 0.000000 -1.000000 0.000000
vn 0.000000 -1.000000 0.000000
vn 0.000000 -1.000000 0.000000
vn 0.000000 -1.000000 0.000000
vn 0.000000 -1.000000 0.000000
vn 0.000000 -1.000000 0.000000
vn 0.000000 -1.000000 0.000000
vn 0.000000 -1.000000 0.000000
vn 0.000000 -1.000000 0.000000
vn 0.000000 -1.000000 0.000000
vn 0.000000 -1.000000 0.000000
vn 0.000000 -1.000000 0.000000
vn 0.000000 -1.000000 0.000000
vn 0.000000 -1.000000 0.000000
vn 0.000000 -1.000000 0.000000
vn 0.000000 -1.000000 0.000000
vn 0.000000 -1.000000 0.000000
vn 0.000000 -1.000000 0.000000
vn 0.000000 -1.000000 0.000000
vn 0.000000 -1.000000 0.000000
vn 0.000000 -1.000000 0.000000
vn 0.000000 -1.000000 0.000000
vn 0.000000 -1.000000 0.000000
vn 0.000000 -1.000000 0.000000
vn 0.000000 -1.000000 0.000000
vn 0.000000 -1.000000 0.000000
vn 0.000000 -1.000000 0.000000
vn 0.000000 -1.000000 0.000000
vn 0.000000 -1.000000 0.000000
vn 0.000000 -1.000000 0.000000
vn 0.000000 -1.000000 0.000000
vn 0.000000 -1.000000 0.000000
vn 0.000000 -1.000000 0.000000
vn 0.000000 -1.000000 0.000000
vn 0.000000 -1.000000 0.000000
vn 0.000000 -1.000000 0.000000
vn 0.000000 -1.000000 0.000000
vn 0.000000 -1.000000 0.000000
vn 0.000000 -1.000000 0.000000
vn 0.000000 -1.000000 0.000000
vn 0.000000 -1.000000 0.000000
vn 0.000000 -1.000000 0.000000
vn 0.000000 -1.000000 0.000000
vn 0.000000 -1.000000 0.000000
vn 0.000000 -1.000000 0.000000
vn 0.000000 -1.000000 0.000000
vn 0.000000 -1.000000 0.000000
vn 0.000000 -1.000000 0.000000
vn 0.000000 -1.000000 0.000000
vn 0.000000 -1.000000 0.000000
vn 0.000000 -1.000000 0.000000
vn 0.000000 -1.000000 0.000000
vn 0.000000 -1.000000 0.000000
vn 0.000000 -1.000000 0.000000
vn 0.000000 -1.000000 0.000000
vn 0.000000 -1.000000 0.000000
vn 0.000000 -1.000000 0.000000
vn 0.000000 -1.000000 0.000000
vn 0.000000 -1.000000 0.000000
vn 0.000000 -1.000000 0.000000
vn 0.000000 -1.000000 0.000000
vn 0.000000 -1.000000 0.000000
vn 0.000000 -1.000000 0.000000
vn 0.000000 -1.000000 0.000000
vn 0.000000 -1.000000 0.000000
vn 0.000000 -1.000000 0.000000
vn 0.000000 -1.000000 0.000000
vn 0.000000 -1.000000 0.000000
vn 0.000000 -1.000000 0.000000
vn 0.000000 -1.000000 0.000000
vn 0.000000 -1.000000 0.000000
vn 0.000000 -1.000000 0.000000
vn 0.000000 -1.000000 0.000000
vn 0.000000 -1.000000 0.000000
vn 0.000000 -1.000000 0.000000
vn 0.000000 -1.000000 0.000000
vn 0.000000 -1.000000 0.000000
vn 0.000000 -1.000000 0.000000
vn 0.000000 -1.000000 0.000000
vn 0.000000 -1.000000 0.000000
vn 0.000000 -1.000000 0.000000
vn 0.000000 -1.000000 0.000000
vn 0.000000 -1.000000 0.000000
vn 0.000000 -1.000000 0.000000
vn 0.000000 -1.000000 0.000000
vn 0.000000 -1.000000 0.000000
vn 0.000000 -1.000000 0.000000
vn 0.000000 -1.000000 0.000000
vn 0.000000 -1.000000 0.000000
vn 0.000000 -1.000000 0.000000
vn 0.000000 -1.000000 0.000000
vn 0.000000 -1.000000 0.000000
vn 0.000000 -1.000000 0.000000
vn 0.000000 -1.000000 0.000000
vn 0.000000 -1.000000 0.000000
vn 0.000000 -1.000000 0.000000
vn 0.000000 -1.000000 0.000000
vn 0.000000 -1.000000 0.000000
vn 0.000000 -1.000000 0.000000
vn 0.000000 -1.000000 0.000000
vn 0.000000 -1.000000 0.000000
vn 0.000000 -1.000000 0.000000
vn 0.000000 -1.000000 0.000000
vn 0.000000 -1.000000 0.000000
vn 0.000000 -1.000000 0.000000
vn 0.000000 -1.000000 0.000000
vn 0.000000 -1.000000 0.000000
vn 0.000000 -1.000000 0.000000
vn 0.000000 -1.000000 0.000000
vn 0.000000 -1.000000 0.000000
vn 0.000000 -1.000000 0.000000
vn 0.000000 -1.000000 0.000000
vn 0.000000 -1.000000 0.000000
vn 0.000000 -1.000000 0.000000
vn 0.000000 -1.000000 0.000000
vn 0.000000 -1.000000 0.000000
vn 0.000000 -1.000000 0.000000
vn 0.000000 -1.000000 0.000000
vn 0.000000 -1.000000 0.000000
vn 0.000000 -1.000000 0.000000
vn 0.000000 -1.000000 0.000000
vn 0.000000 -1.000000 0.000000
vn 0.000000 -1.000000 0.000000
vn 0.000000 -1.000000 0.000000
vn 0.000000 -1.000000 0.000000
vn 0.000000 -1.000000 0.000000
vn 0.000000 -1.000000 0.000000
vn 0.000000 -1.000000 0.000000
vn 0.000000 -1.000000 0.000000
vn 0.000000 -1.000000 0.000000
vn 0.000000 -1.000000 0.000000
vn 0.000000 -1.000000 0.000000
vn 0.000000 -1.000000 0.000000
vn 0.000000 -1.000000 0.000000
vn 0.000000 -1.000000 0.000000
vn 0.000000 -1.000000 0.000000
vn 0.000000 -1.000000 0.000000
vn 0.000000 -1.000000 0.000000
vn 0.000000 -1.000000 0.000000
vn 0.000000 -1.000000 0.000000
vn 0.000000 -1.000000 0.000000
vn 0.000000 -1.000000 0.000000
vn 0.000000 -1.000000 0.000000
vn 0.000000 -1.000000 0.000000
vn 0.000000 -1.000000 0.000000
vn 0.000000 -1.000000 0.000000
vn 0.000000 -1.000000 0.000000
vn 0.000000 -1.000000 0.000000
vn 0.000000 -1.000000 0.000000
vn 0.000000 -1.000000 0.000000
vn 0.000000 -1.000000 0.000000
vn 0.000000 -1.000000 0.000000
vn 0.000000 -1.000000 0.000000
vn 0.000000 -1.000000 0.000000
vn 0.000000 -1.000000 0.000000
vn 0.000000 -1.000000 0.000000
vn 0.000000 -1.000000 0.000000
vn 0.000000 -1.000000 0.000000
vn 0.000000 -1.000000 0.000000
vn 0.000000 -1.000000 0.000000
vn 0.000000 -1.000000 0.000000
vn 0.000000 -1.000000 0.000000
vn 0.000000 -1.000000 0.000000
vn 0.000000 -1.000000 0.000000
vn 0.000000 -1.000000 0.000000
vn 0.000000 -1.000000 0.000000
vn 0.000000 -1.000000 0.000000
vn 0.000000 -1.000000 0.000000
vn 0.000000 -1.000000 0.000000
vn 0.000000 -1.000000 0.000000
vn 0.000000 -1.000000 0.000000
vn 0.000000 -1.000000 0.000000
vn 0.000000 -1.000000 0.000000
vn 0.000000 -1.000000 0.000000
vn 0.000000 -1.000000 0.000000
vn 0.000000 -1.000000 0.000000
vn 0.000000 -1.000000 0.000000
vn 0.000000 -1.000000 0.000000
vn 0.000000 -1.000000 0.000000
vn 0.000000 -1.000000 0.000000
vn 0.000000 -1.000000 0.000000
vn 0.000000 -1.000000 0.000000
vn 0.000000 -1.000000 0.000000
vn 0.000000 -1.000000 0.000000
vn 0.000000 -1.000000 0.000000
vn 0.000000 -1.000000 0.000000
vn 0.000000 -1.000000 0.000000
vn 0.000000 -1.000000 0.000000
vn 0.000000 -1.000000 0.000000
vn 0.000000 -1.000000 0.000000
vn 0.000000 -1.000000 0.000000
vn 0.000000 -1.000000 0.000000
vn 0.000000 -1.000000 0.000000
vn 0.000000 -1.000000 0.000000
vn 0.000000 -1.000000 0.000000
vn 0.000000 -1.000000 0.000000
vn 0.000000 -1.000000 0.000000
vn 0.000000 -1.000000 0.000000
vn 0.000000 -1.000000 0.000000
vn 0.000000 -1.000000 0.000000
vn 0.000000 -1.000000 0.000000
vn 0.000000 -1.000000 0.000000
vn 0.000000 -1.000000 0.000000
vn 0.000000 -1.000000 0.000000
vn 0.000000 -1.000000 0.000000
vn 0.000000 -1.000000 0.000000
vn 0.000000 -1.000000 0.000000
vn 0.000000 -1.000000 0.000000
vn 0.000000 -1.000000 0.000000
vn 0.000000 -1.000000 0.000000
vn 0.000000 -1.000000 0.000000
vn 0.000000 -1.000000 0.000000
vn 0.000000 -1.000000 0.000000
vn 0.000000 -1.000000 0.000000
vn 0.000000 -1.000000 0.000000
vn 0.000000 -1.000000 0.000000
vn 0.000000 -1.000000 0.000000
vn 0.000000 -1.000000 0.000000
vn 0.000000 -1.000000 0.000000
vn 0.000000 -1.000000 0.000000
vn 0.000000 -1.000000 0.000000
vn 0.000000 -1.000000 0.000000
vn 0.000000 -1.000000 0.000000
vn 0.000000 -1.000000 0.000000
vn 0.000000 -1.000000 0.000000
vn 0.000000 -1.000000 0.000000
vn 0.000000 -1.000000 0.000000
vn 0.000000 -1.000000 0.000000
vn 0.000000 -1.000000 0.000000
vn 0.000000 -1.000000 0.000000
vn 0.000000 -1.000000 0.000000
vn 0.000000 -1.000000 0.000000
vn 0.000000 -1.000000 0.000000
vn 0.000000 -1.000000 0.000000
vn 0.000000 -1.000000 0.000000
vn 0.000000 -1.000000 0.000000
vn 0.000000 -1.000000 0.000000
vn 0.000000 -1.000000 0.000000
vn 0.000000 -1.000000 0.000000
vn 0.000000 -1.000000 0.000000
vn 0.000000 -1.000000 0.000000
vn 0.000000 -1.000000 0.000000
vn 0.000000 -1.000000 0.000000
vn 0.000000 -1.000000 0.000000
vn 0.000000 -1.000000 0.000000
vn 0.000000 -1.000000 0.000000
vn 0.000000 -1.000000 0.000000
vn 0.000000 -1.000000 0.000000
vn 0.000000 -1.000000 0.000000
vn 0.000000 -1.000000 0.000000
vn 0.000000 -1.000000 0.000000
vn 0.000000 -1.000000 0.000000
vn 0.000000 -1.000000 0.000000
vn 0.000000 -1.000000 0.000000
vn 0.000000 -1.000000 0.000000
vn 0.000000 -1.000000 0.000000
vn 0.000000 -1.000000 0.000000
vn 0.000000 -1.000000 0.000000
vn 0.000000 -1.000000 0.000000
vn 0.000000 -1.000000 0.000000
vn 0.000000 -1.000000 0.000000
vn 0.000000 -1.000000 0.000000
vn 0.000000 -1.000000 0.000000
vn 0.000000 -1.000000 0.000000
vn 0.000000 -1.000000 0.000000
vn 0.000000 -1.000000 0.000000
vn 0.000000 -1.000000 0.000000
vn 0.000000 -1.000000 0.000000
vn 0.000000 -1.000000 0.000000
vn 0.000000 -1.000000 0.000000
vn 0.000000 1.000000 0.000000
vn 0.000000 1.000000 0.000000
vn 0.000000 1.000000 0.000000
vn 0.000000 1.000000 0.000000
vn 0.000000 1.000000 0.000000
vn 0.000000 1.000000 0.000000
vn 0.000000 1.000000 0.000000
vn 0.000000 1.000000 0.000000
vn 0.000000 1.000000 0.000000
vn 0.000000 1.000000 0.000000
vn 0.000000 1.000000 0.000000
vn 0.000000 1.000000 0.000000
vn 0.000000 1.000000 0.000000
vn 0.000000 1.000000 0.000000
vn 0.000000 1.000000 0.000000
vn 0.000000 1.000000 0.000000
vn 0.000000 1.000000 0.000000
vn 0.000000 1.000000 0.000000
vn 0.000000 1.000000 0.000000
vn 0.000000 1.000000 0.000000
vn 0.000000 1.000000 0.000000
vn 0.000000 1.000000 0.000000
vn 0.000000 1.000000 0.000000
vn 0.000000 1.000000 0.000000
vn 0.000000 1.000000 0.000000
vn 0.000000 1.000000 0.000000
vn 0.000000 1.000000 0.000000
vn 0.000000 1.000000 0.000000
vn 0.000000 1.000000 0.000000
vn 0.000000 1.000000 0.000000
vn 0.000000 1.000000 0.000000
vn 0.000000 1.000000 0.000000
vn 0.000000 1.000000 0.000000
vn 0.000000 1.000000 0.000000
vn 0.000000 1.000000 0.000000
vn 0.000000 1.000000 0.000000
vn 0.000000 1.000000 0.000000
vn 0.000000 1.000000 0.000000
vn 0.000000 1.000000 0.000000
vn 0.000000 1.000000 0.000000
vn 0.000000 1.000000 0.000000
vn 0.000000 1.000000 0.000000
vn 0.000000 1.000000 0.000000
vn 0.000000 1.000000 0.000000
vn 0.000000 1.000000 0.000000
vn 0.000000 1.000000 0.000000
vn 0.000000 1.000000 0.000000
vn 0.000000 1.000000 0.000000
vn 0.000000 1.000000 0.000000
vn 0.000000 1.000000 0.000000
vn 0.000000 1.000000 0.000000
vn 0.000000 1.000000 0.000000
vn 0.000000 1.000000 0.000000
vn 0.000000 1.000000 0.000000
vn 0.000000 1.000000 0.000000
vn 0.000000 1.000000 0.000000
vn 0.000000 1.000000 0.000000
vn 0.000000 1.000000 0.000000
vn 0.000000 1.000000 0.000000
vn 0.000000 1.000000 0.000000
vn 0.000000 1.000000 0.000000
vn 0.000000 1.000000 0.000000
vn 0.000000 1.000000 0.000000
vn 0.000000 1.000000 0.000000
vn 0.000000 1.000000 0.000000
vn 0.000000 1.000000 0.000000
vn 0.000000 1.000000 0.000000
vn 0.000000 1.000000 0.000000
vn 0.000000 1.000000 0.000000
vn 0.000000 1.000000 0.000000
vn 0.000000 1.000000 0.000000
vn 0.000000 1.000000 0.000000
vn 0.000000 1.000000 0.000000
vn 0.000000 1.000000 0.000000
vn 0.000000 1.000000 0.000000
vn 0.000000 1.000000 0.000000
vn 0.000000 1.000000 0.000000
vn 0.000000 1.000000 0.000000
vn 0.000000 1.000000 0.000000
vn 0.000000 1.000000 0.000000
vn 0.000000 1.000000 0.000000
vn 0.000000 1.000000 0.000000
vn 0.000000 1.000000 0.000000
vn 0.000000 1.000000 0.000000
vn 0.000000 1.000000 0.000000
vn 0.000000 1.000000 0.000000
vn 0.000000 1.000000 0.000000
vn 0.000000 1.000000 0.000000
vn 0.000000 1.000000 0.000000
vn 0.000000 1.000000 0.000000
vn 0.000000 1.000000 0.000000
vn 0.000000 1.000000 0.000000
vn 0.000000 1.000000 0.000000
vn 0.000000 1.000000 0.000000
vn 0.000000 1.000000 0.000000
vn 0.000000 1.000000 0.000000
vn 0.000000 1.000000 0.000000
vn 0.000000 1.000000 0.000000
vn 0.000000 1.000000 0.000000
vn 0.000000 1.000000 0.000000
vn 0.000000 1.000000 0.000000
vn 0.000000 1.000000 0.000000
vn 0.000000 1.000000 0.000000
vn 0.000000 1.000000 0.000000
vn 0.000000 1.000000 0.000000
vn 0.000000 1.000000 0.000000
vn 0.000000 1.000000 0.000000
vn 0.000000 1.000000 0.000000
vn 0.000000 1.000000 0.000000
vn 0.000000 1.000000 0.000000
vn 0.000000 1.000000 0.000000
vn 0.000000 1.000000 0.000000
vn 0.000000 1.000000 0.000000
vn 0.000000 1.000000 0.000000
vn 0.000000 1.000000 0.000000
vn 0.000000 1.000000 0.000000
vn 0.000000 1.000000 0.000000
vn 0.000000 1.000000 0.000000
vn 0.000000 1.000000 0.000000
vn 0.000000 1.000000 0.000000
vn 0.000000 1.000000 0.000000
vn 0.000000 1.000000 0.000000
vn 0.000000 1.000000 0.000000
vn 0.000000 1.000000 0.000000
vn 0.000000 1.000000 0.000000
vn 0.000000 1.000000 0.000000
vn 0.000000 1.000000 0.000000
vn 0.000000 1.000000 0.000000
vn 0.000000 1.000000 0.000000
vn 0.000000 1.000000 0.000000
vn 0.000000 1.000000 0.000000
vn 0.000000 1.000000 0.000000
vn 0.000000 1.000000 0.000000
vn 0.000000 1.000000 0.000000
vn 0.000000 1.000000 0.000000
vn 0.000000 1.000000 0.000000
vn 0.000000 1.000000 0.000000
vn 0.000000 1.000000 0.000000
vn 0.000000 1.000000 0.000000
vn 0.000000 1.000000 0.000000
vn 0.000000 1.000000 0.000000
vn 0.000000 1.000000 0.000000
vn 0.000000 1.000000 0.000000
vn 0.000000 1.000000 0.000000
vn 0.000000 1.000000 0.000000
vn 0.000000 1.000000 0.000000
vn 0.000000 1.000000 0.000000
vn 0.000000 1.000000 0.000000
vn 0.000000 1.000000 0.000000
vn 0.000000 1.000000 0.000000
vn 0.000000 1.000000 0.000000
vn 0.000000 1.000000 0.000000
vn 0.000000 1.000000 0.000000
vn 0.000000 1.000000 0.000000
vn 0.000000 1.000000 0.000000
vn 0.000000 1.000000 0.000000
vn 0.000000 1.000000 0.000000
vn 0.000000 1.000000 0.000000
vn 0.000000 1.000000 0.000000
vn 0.000000 1.000000 0.000000
vn 0.000000 1.000000 0.000000
vn 0.000000 1.000000 0.000000
vn 0.000000 1.000000 0.000000
vn 0.000000 1.000000 0.000000
vn 0.000000 1.000000 0.000000
vn 0.000000 1.000000 0.000000
vn 0.000000 1.000000 0.000000
vn 0.000000 1.000000 0.000000
vn 0.000000 1.000000 0.000000
vn 0.000000 1.000000 0.000000
vn 0.000000 1.000000 0.000000
vn 0.000000 1.000000 0.000000
vn 0.000000 1.000000 0.000000
vn 0.000000 1.000000 0.000000
vn 0.000000 1.000000 0.000000
vn 0.000000 1.000000 0.000000
vn 0.000000 1.000000 0.000000
vn 0.000000 1.000000 0.000000
vn 0.000000 1.000000 0.000000
vn 0.000000 1.000000 0.000000
vn 0.000000 1.000000 0.000000
vn 0.000000 1.000000 0.000000
vn 0.000000 1.000000 0.000000
vn 0.000000 1.000000 0.000000
vn 0.000000 1.000000 0.000000
vn 0.000000 1.000000 0.000000
vn 0.000000 1.000000 0.000000
vn 0.000000 1.000000 0.000000
vn 0.000000 1.000000 0.000000
vn 0.000000 1.000000 0.000000
vn 0.000000 1.000000 0.000000
vn 0.000000 1.000000 0.000000
vn 0.000000 1.000000 0.000000
vn 0.000000 1.000000 0.000000
vn 0.000000 1.000000 0.000000
vn 0.000000 1.000000 0.000000
vn 0.000000 1.000000 0.000000
vn 0.000000 1.000000 0.000000
vn 0.000000 1.000000 0.000000
vn 0.000000 1.000000 0.000000
vn 0.000000 1.000000 0.000000
vn 0.000000 1.000000 0.000000
vn 0.000000 1.000000 0.000000
vn 0.000000 1.000000 0.000000
vn 0.000000 1.000000 0.000000
vn 0.000000 1.000000 0.000000
vn 0.000000 1.000000 0.000000
vn 0.000000 1.000000 0.000000
vn 0.000000 1.000000 0.000000
vn 0.000000 1.000000 0.000000
vn 0.000000 1.000000 0.000000
vn 0.000000 1.000000 0.000000
vn 0.000000 1.000000 0.000000
vn 0.000000 1.000000 0.000000
vn 0.000000 1.000000 0.000000
vn 0.000000 1.000000 0.000000
vn 0.000000 1.000000 0.000000
vn 0.000000 1.000000 0.000000
vn 0.000000 1.000000 0.000000
vn 0.000000 1.000000 0.000000
vn 0.000000 1.000000 0.000000
vn 0.000000 1.000000 0.000000
vn 0.000000 1.000000 0.000000
vn 0.000000 1.000000 0.000000
vn 0.000000 1.000000 0.000000
vn 0.000000 1.000000 0.000000
vn 0.000000 1.000000 0.000000
vn 0.000000 1.000000 0.000000
vn 0.000000 1.000000 0.000000
vn 0.000000 1.000000 0.000000
vn 0.000000 1.000000 0.000000
vn 0.000000 1.000000 0.000000
vn 0.000000 1.000000 0.000000
vn 0.000000 1.000000 0.000000
vn 0.000000 1.000000 0.000000
vn 0.000000 1.000000 0.000000
vn 0.000000 1.000000 0.000000
vn 0.000000 1.000000 0.000000
vn 0.000000 1.000000 0.000000
vn 0.000000 1.000000 0.000000
vn 0.000000 1.000000 0.000000
vn 0.000000 1.000000 0.000000
vn 0.000000 1.000000 0.000000
vn 0.000000 1.000000 0.000000
vn 0.000000 1.000000 0.000000
vn 0.000000 1.000000 0.000000
vn 0.000000 1.000000 0.000000
vn 0.000000 1.000000 0.000000
vn 0.000000 1.000000 0.000000
vn 0.000000 1.000000 0.000000
vn 0.000000 1.000000 0.000000
vn 0.000000 1.000000 0.000000
vn 0.000000 1.000000 0.000000
vn 0.000000 1.000000 0.000000
vn 0.000000 1.000000 0.000000
vn 0.000000 1.000000 0.000000
vn 0.000000 -1.000000 0.000000
vn 0.000000 -1.000000 0.000000
vn 0.000000 -1.000000 0.000000
vn 0.000000 -1.000000 0.000000
vn 0.000000 -1.000000 0.000000
vn 0.000000 -1.000000 0.000000
vn 0.000000 -1.000000 0.000000
vn 0.000000 -1.000000 0.000000
vn 0.000000 -1.000000 0.000000
vn 0.000000 -1.000000 0.000000
vn 0.000000 -1.000000 0.000000
vn 0.000000 -1.000000 0.000000
vn 0.000000 -1.000000 0.000000
vn 0.000000 -1.000000 0.000000
vn 0.000000 -1.000000 0.000000
vn 0.000000 -1.000000 0.000000
vn 0.000000 -1.000000 0.000000
vn 0.000000 -1.000000 0.000000
vn 0.000000 -1.000000 0.000000
vn 0.000000 -1.000000 0.000000
vn 0.000000 -1.000000 0.000000
vn 0.000000 -1.000000 0.000000
vn 0.000000 -1.000000 0.000000
vn 0.000000 -1.000000 0.000000
vn 0.000000 -1.000000 0.000000
vn 0.000000 -1.000000 0.000000
vn 0.000000 -1.000000 0.000000
vn 0.000000 -1.000000 0.000000
vn 0.000000 -1.000000 0.000000
vn 0.000000 -1.000000 0.000000
vn 0.000000 -1.000000 0.000000
vn 0.000000 -1.000000 0.000000
vn 0.000000 -1.000000 0.000000
vn 0.000000 -1.000000 0.000000
vn 0.000000 -1.000000 0.000000
vn 0.000000 -1.000000 0.000000
vn 0.000000 -1.000000 0.000000
vn 0.000000 -1.000000 0.000000
vn 0.000000 -1.000000 0.000000
vn 0.000000 -1.000000 0.000000
vn 0.000000 -1.000000 0.000000
vn 0.000000 -1.000000 0.000000
vn 0.000000 -1.000000 0.000000
vn 0.000000 -1.000000 0.000000
vn 0.000000 -1.000000 0.000000
vn 0.000000 -1.000000 0.000000
vn 0.000000 -1.000000 0.000000
vn 0.000000 -1.000000 0.000000
vn 0.000000 -1.000000 0.000000
vn 0.000000 -1.000000 0.000000
vn 0.000000 -1.000000 0.000000
vn 0.000000 -1.000000 0.000000
vn 0.000000 -1.000000 0.000000
vn 0.000000 -1.000000 0.000000
vn 0.000000 -1.000000 0.000000
vn 0.000000 -1.000000 0.000000
vn 0.000000 -1.000000 0.000000
vn 0.000000 -1.000000 0.000000
vn 0.000000 -1.000000 0.000000
vn 0.000000 -1.000000 0.000000
vn 0.000000 -1.000000 0.000000
vn 0.000000 -1.000000 0.000000
vn 0.000000 -1.000000 0.000000
vn 0.000000 -1.000000 0.000000
vn 0.000000 -1.000000 0.000000
vn 0.000000 -1.000000 0.000000
vn 0.000000 -1.000000 0.000000
vn 0.000000 -1.000000 0.000000
vn 0.000000 -1.000000 0.000000
vn 0.000000 -1.000000 0.000000
vn 0.000000 -1.000000 0.000000
vn 0.000000 -1.000000 0.000000
vn 0.000000 -1.000000 0.000000
vn 0.000000 -1.000000 0.000000
vn 0.000000 -1.000000 0.000000
vn 0.000000 -1.000000 0.000000
vn 0.000000 -1.000000 0.000000
vn 0.000000 -1.000000 0.000000
vn 0.000000 -1.000000 0.000000
vn 0.000000 -1.000000 0.000000
vn 0.000000 -1.000000 0.000000
vn 0.000000 -1.000000 0.000000
vn 0.000000 -1.000000 0.000000
vn 0.000000 -1.000000 0.000000
vn 0.000000 -1.000000 0.000000
vn 0.000000 -1.000000 0.000000
vn 0.000000 -1.000000 0.000000
vn 0.000000 -1.000000 0.000000
vn 0.000000 -1.000000 0.000000
vn 0.000000 -1.000000 0.000000
vn 0.000000 -1.000000 0.000000
vn 0.000000 -1.000000 0.000000
vn 0.000000 -1.000000 0.000000
vn 0.000000 -1.000000 0.000000
vn 0.000000 -1.000000 0.000000
vn 0.000000 -1.000000 0.000000
vn 0.000000 -1.000000 0.000000
vn 0.000000 -1.000000 0.000000
vn 0.000000 -1.000000 0.000000
vn 0.000000 -1.000000 0.000000
vn 0.000000 -1.000000 0.000000
vn 0.000000 -1.000000 0.000000
vn 0.000000 -1.000000 0.000000
vn 0.000000 -1.000000 0.000000
vn 0.000000 -1.000000 0.000000
vn 0.000000 -1.000000 0.000000
vn 0.000000 -1.000000 0.000000
vn 0.000000 -1.000000 0.000000
vn 0.000000 -1.000000 0.000000
vn 0.000000 -1.000000 0.000000
vn 0.000000 -1.000000 0.000000
vn 0.000000 -1.000000 0.000000
vn 0.000000 -1.000000 0.000000
vn 0.000000 -1.000000 0.000000
vn 0.000000 -1.000000 0.000000
vn 0.000000 -1.000000 0.000000
vn 0.000000 -1.000000 0.000000
vn 0.000000 -1.000000 0.000000
vn 0.000000 -1.000000 0.000000
vn 0.000000 -1.000000 0.000000
vn 0.000000 -1.000000 0.000000
vn 0.000000 -1.000000 0.000000
vn 0.000000 -1.000000 0.000000
vn 0.000000 -1.000000 0.000000
vn 0.000000 -1.000000 0.000000
vn 0.000000 -1.000000 0.000000
vn 0.000000 -1.000000 0.000000
vn 0.000000 -1.000000 0.000000
vn 0.000000 -1.000000 0.000000
vn 0.000000 -1.000000 0.000000
vn 0.000000 -1.000000 0.000000
vn 0.000000 -1.000000 0.000000
vn 0.000000 -1.000000 0.000000
vn 0.000000 -1.000000 0.000000
vn 0.000000 -1.000000 0.000000
vn 0.000000 -1.000000 0.000000
vn 0.000000 -1.000000 0.000000
vn 0.000000 -1.000000 0.000000
vn 0.000000 -1.000000 0.000000
vn 0.000000 -1.000000 0.000000
vn 0.000000 -1.000000 0.000000
vn 0.000000 -1.000000 0.000000
vn 0.000000 -1.000000 0.000000
vn 0.000000 -1.000000 0.000000
vn 0.000000 -1.000000 0.000000
vn 0.000000 -1.000000 0.000000
vn 0.000000 -1.000000 0.000000
vn 0.000000 -1.000000 0.000000
vn 0.000000 -1.000000 0.000000
vn 0.000000 -1.000000 0.000000
vn 0.000000 -1.000000 0.000000
vn 0.000000 -1.000000 0.000000
vn 0.000000 -1.000000 0.000000
vn 0.000000 -1.000000 0.000000
vn 0.000000 -1.000000 0.000000
vn 0.000000 -1.000000 0.000000
vn 0.000000 -1.000000 0.000000
vn 0.000000 -1.000000 0.000000
vn 0.000000 -1.000000 0.000000
vn 0.000000 -1.000000 0.000000
vn 0.000000 -1.000000 0.000000
vn 0.000000 -1.000000 0.000000
vn 0.000000 -1.000000 0.000000
vn 0.000000 -1.000000 0.000000
vn 0.000000 -1.000000 0.000000
vn 0.000000 -1.000000 0.000000
vn 0.000000 -1.000000 0.000000
vn 0.000000 -1.000000 0.000000
vn 0.000000 -1.000000 0.000000
vn 0.000000 -1.000000 0.000000
vn 0.000000 -1.000000 0.000000
vn 0.000000 -1.000000 0.000000
vn 0.000000 -1.000000 0.000000
vn 0.000000 -1.000000 0.000000
vn 0.000000 -1.000000 0.000000
vn 0.000000 -1.000000 0.000000
vn 0.000000 -1.000000 0.000000
vn 0.000000 -1.000000 0.000000
vn 0.000000 -1.000000 0.000000
vn 0.000000 -1.000000 0.000000
vn 0.000000 -1.000000 0.000000
vn 0.000000 -1.000000 0.000000
vn 0.000000 -1.000000 0.000000
vn 0.000000 -1.000000 0.000000
vn 0.000000 -1.000000 0.000000
vn 0.000000 -1.000000 0.000000
vn 0.000000 -1.000000 0.000000
vn 0.000000 -1.000000 0.000000
vn 0.000000 -1.000000 0.000000
vn 0.000000 -1.000000 0.000000
vn 0.000000 -1.000000 0.000000
vn 0.000000 -1.000000 0.000000
vn 0.000000 -1.000000 0.000000
vn 0.000000 -1.000000 0.000000
vn 0.000000 -1.000000 0.000000
vn 0.000000 -1.000000 0.000000
vn 0.000000 -1.000000 0.000000
vn 0.000000 -1.000000 0.000000
vn 0.000000 -1.000000 0.000000
vn 0.000000 -1.000000 0.000000
vn 0.000000 -1.000000 0.000000
vn 0.000000 -1.000000 0.000000
vn 0.000000 -1.000000 0.000000
vn 0.000000 -1.000000 0.000000
vn 0.000000 -1.000000 0.000000
vn 0.000000 -1.000000 0.000000
vn 0.000000 -1.000000 0.000000
vn 0.000000 -1.000000 0.000000
vn 0.000000 -1.000000 0.000000
vn 0.000000 -1.000000 0.000000
vn 0.000000 -1.000000 0.000000
vn 0.000000 -1.000000 0.000000
vn 0.000000 -1.000000 0.000000
vn 0.000000 -1.000000 0.000000
vn 0.000000 -1.000000 0.000000
vn 0.000000 -1.000000 0.000000
vn 0.000000 -1.000000 0.000000
vn 0.000000 -1.000000 0.000000
vn 0.000000 -1.000000 0.000000
vn 0.000000 -1.000000 0.000000
vn 0.000000 -1.000000 0.000000
vn 0.000000 -1.000000 0.000000
vn 0.000000 -1.000000 0.000000
vn 0.000000 -1.000000 0.000000
vn 0.000000 -1.000000 0.000000
vn 0.000000 -1.000000 0.000000
vn 0.000000 -1.000000 0.000000
vn 0.000000 -1.000000 0.000000
vn 0.000000 -1.000000 0.000000
vn 0.000000 -1.000000 0.000000
vn 0.000000 -1.000000 0.000000
vn 0.000000 -1.000000 0.000000
vn 0.000000 -1.000000 0.000000
vn 0.000000 -1.000000 0.000000
vn 0.000000 -1.000000 0.000000
vn 0.000000 -1.000000 0.000000
vn 0.000000 -1.000000 0.000000
vn 0.000000 -1.000000 0.000000
vn 0.000000 -1.000000 0.000000
vn 0.000000 -1.000000 0.000000
vn 0.000000 -1.000000 0.000000
vn 0.000000 -1.000000 0.000000
vn 0.000000 -1.000000 0.000000
vn 0.000000 -1.000000 0.000000
vn 0.000000 -1.000000 0.000000
vn 0.000000 -1.000000 0.000000
vn 0.000000 -1.000000 0.000000
vn 0.000000 -1.000000 0.000000
vn 0.000000 -1.000000 0.000000
vn 0.000000 -1.000000 0.000000
vn 0.000000 -1.000000 0.000000
vn 0.000000 -1.000000 0.000000
vn 0.000000 -1.000000 0.000000
vn 0.000000 -1.000000 0.000000
vn 0.000000 -1.000000 0.000000
vn 0.000000 -1.000000 0.000000
vn 0.000000 -1.000000 0.000000
vn 0.000000 -0.999994 0.003583
vn -0.000001 -0.999994 0.003596
vn 0.000000 -1.000000 0.000000
vn 0.000000 -0.999994 0.003583
vn 0.000000 -0.999750 0.022374
vn -0.000009 -0.999748 0.022449
vn -0.000001 -0.999994 0.003596
vn -0.000001 -0.999994 0.003596
vn -0.000009 -0.999748 0.022449
vn -0.000042 -0.999742 0.022735
vn -0.000005 -0.999993 0.003652
vn 0.000000 -1.000000 0.000000
vn -0.000001 -0.999994 0.003596
vn -0.000005 -0.999993 0.003652
vn 0.000000 -1.000000 0.000000
vn 0.000000 -0.999750 0.022374
vn 0.000000 -0.996422 0.084522
vn -0.000041 -0.996401 0.084767
vn -0.000009 -0.999748 0.022449
vn 0.000000 -0.996422 0.084522
vn 0.000000 -0.967719 0.252033
vn -0.000132 -0.967593 0.252515
vn -0.000041 -0.996401 0.084767
vn -0.000041 -0.996401 0.084767
vn -0.000132 -0.967593 0.252515
vn -0.000580 -0.967241 0.253861
vn -0.000183 -0.996330 0.085591
vn -0.000009 -0.999748 0.022449
vn -0.000041 -0.996401 0.084767
vn -0.000183 -0.996330 0.085591
vn -0.000042 -0.999742 0.022735
vn -0.000042 -0.999742 0.022735
vn -0.000183 -0.996330 0.085591
vn -0.000500 -0.996183 0.087285
vn -0.000115 -0.999726 0.023400
vn -0.000183 -0.996330 0.085591
vn -0.000580 -0.967241 0.253861
vn -0.001567 -0.966632 0.256166
vn -0.000500 -0.996183 0.087285
vn -0.000500 -0.996183 0.087285
vn -0.001567 -0.966632 0.256166
vn -0.003849 -0.965549 0.260193
vn -0.001249 -0.995905 0.090404
vn -0.000115 -0.999726 0.023400
vn -0.000500 -0.996183 0.087285
vn -0.001249 -0.995905 0.090404
vn -0.000292 -0.999695 0.024708
vn 0.000000 -1.000000 0.000000
vn -0.000005 -0.999993 0.003652
vn -0.000013 -0.999993 0.003786
vn 0.000000 -1.000000 0.000000
vn -0.000005 -0.999993 0.003652
vn -0.000042 -0.999742 0.022735
vn -0.000115 -0.999726 0.023400
vn -0.000013 -0.999993 0.003786
vn -0.000013 -0.999993 0.003786
vn -0.000115 -0.999726 0.023400
vn -0.000292 -0.999695 0.024708
vn -0.000034 -0.999992 0.004058
vn 0.000000 -1.000000 0.000000
vn -0.000013 -0.999993 0.003786
vn -0.000034 -0.999992 0.004058
vn 0.000000 -1.000000 0.000000
vn 0.000000 -1.000000 0.000000
vn 0.000000 -1.000000 0.000000
vn 0.000000 -1.000000 0.000000
vn 0.000000 -1.000000 0.000000
vn 0.000000 -1.000000 0.000000
vn 0.000000 -1.000000 0.000000
vn 0.000000 -1.000000 0.000000
vn 0.000000 -1.000000 0.000000
vn 0.000000 -1.000000 0.000000
vn 0.000000 -1.000000 0.000000
vn 0.000000 -1.000000 0.000000
vn 0.000000 -1.000000 0.000000
vn 0.000000 -1.000000 0.000000
vn 0.000000 -1.000000 0.000000
vn 0.000000 -1.000000 0.000000
vn 0.000000 -1.000000 0.000000
vn 0.000000 -1.000000 0.000000
vn 0.000000 -1.000000 0.000000
vn 0.000000 -1.000000 0.000000
vn 0.000000 -1.000000 0.000000
vn 0.000000 -1.000000 0.000000
vn 0.000000 -1.000000 0.000000
vn 0.000000 -1.000000 0.000000
vn 0.000000 -1.000000 0.000000
vn 0.000000 -1.000000 0.000000
vn 0.000000 -1.000000 0.000000
vn 0.000000 -1.000000 0.000000
vn 0.000000 -1.000000 0.000000
vn 0.000000 -1.000000 0.000000
vn 0.000000 -1.000000 0.000000
vn 0.000000 -1.000000 0.000000
vn 0.000000 -1.000000 0.000000
vn 0.000000 -1.000000 0.000000
vn 0.000000 -1.000000 0.000000
vn 0.000000 -1.000000 0.000000
vn 0.000000 -1.000000 0.000000
vn 0.000000 -1.000000 0.000000
vn 0.000000 -1.000000 0.000000
vn 0.000000 -1.000000 0.000000
vn 0.000000 -1.000000 0.000000
vn 0.000000 -1.000000 0.000000
vn 0.000000 -1.000000 0.000000
vn 0.000000 -1.000000 0.000000
vn 0.000000 -1.000000 0.000000
vn 0.000000 -1.000000 0.000000
vn 0.000000 -1.000000 0.000000
vn 0.000000 -1.000000 0.000000
vn 0.000000 -1.000000 0.000000
vn 0.000000 -1.000000 0.000000
vn 0.000000 -1.000000 0.000000
vn 0.000000 -1.000000 0.000000
vn 0.000000 -1.000000 0.000000
vn 0.000000 -1.000000 0.000000
vn 0.000000 -1.000000 0.000000
vn 0.000000 -1.000000 0.000000
vn 0.000000 -1.000000 0.000000
vn 0.000000 -1.000000 0.000000
vn 0.000000 -1.000000 0.000000
vn 0.000000 -1.000000 0.000000
vn 0.000000 -1.000000 0.000000
vn 0.000000 -1.000000 0.000000
vn 0.000000 -1.000000 0.000000
vn 0.000000 -1.000000 0.000000
vn 0.000000 -1.000000 0.000000
vn 0.000000 -1.000000 0.000000
vn 0.000000 -1.000000 0.000000
vn 0.000000 -1.000000 0.000000
vn 0.000000 -1.000000 0.000000
vn 0.000000 -1.000000 0.000000
vn 0.000000 -1.000000 0.000000
vn 0.000000 -1.000000 0.000000
vn 0.000000 -1.000000 0.000000
vn 0.000000 -1.000000 0.000000
vn 0.000000 -1.000000 0.000000
vn 0.000000 -1.000000 0.000000
vn 0.000000 -1.000000 0.000000
vn 0.000000 -1.000000 0.000000
vn 0.000000 -1.000000 0.000000
vn 0.000000 -1.000000 0.000000
vn 0.000000 -1.000000 0.000000
vn 0.000000 -1.000000 0.000000
vn 0.000000 -1.000000 0.000000
vn 0.000000 -1.000000 0.000000
vn 0.000000 -1.000000 0.000000
vn 0.000000 -1.000000 0.000000
vn 0.000000 -1.000000 0.000000
vn 0.000000 -1.000000 0.000000
vn 0.000000 -1.000000 0.000000
vn 0.000000 -1.000000 0.000000
vn 0.000000 -1.000000 0.000000
vn 0.000000 -1.000000 0.000000
vn 0.000000 -1.000000 0.000000
vn 0.000000 -1.000000 0.000000
vn 0.000000 -1.000000 0.000000
vn 0.000000 -1.000000 0.000000
vn 0.000000 -1.000000 0.000000
vn 0.000000 -1.000000 0.000000
vn 0.000000 -1.000000 0.000000
vn 0.000000 -1.000000 0.000000
vn 0.000000 -1.000000 0.000000
vn 0.000000 -1.000000 0.000000
vn 0.000000 -1.000000 0.000000
vn 0.000000 -1.000000 0.000000
vn 0.000000 -1.000000 0.000000
vn 0.000000 -1.000000 0.000000
vn 0.000000 -1.000000 0.000000
vn 0.000000 -1.000000 0.000000
vn 0.000000 -1.000000 0.000000
vn 0.000000 -1.000000 0.000000
vn 0.000000 -1.000000 0.000000
vn 0.000000 -1.000000 0.000000
vn 0.000000 -1.000000 0.000000
vn 0.000000 -1.000000 0.000000
vn 0.000000 -1.000000 0.000000
vn 0.000000 -1.000000 0.000000
vn 0.000000 -1.000000 0.000000
vn 0.000000 -1.000000 0.000000
vn 0.000000 -1.000000 0.000000
vn 0.000000 -1.000000 0.000000
vn 0.000000 -1.000000 0.000000
vn 0.000000 -1.000000 0.000000
vn 0.000000 -1.000000 0.000000
vn 0.000000 -1.000000 0.000000
vn 0.000000 -1.000000 0.000000
vn 0.000000 -1.000000 0.000000
vn 0.000000 -1.000000 0.000000
vn 0.000000 -1.000000 0.000000
vn 0.000000 -1.000000 0.000000
vn 0.000000 -1.000000 0.000000
vn 0.000000 -1.000000 0.000000
vn 0.000000 -1.000000 0.000000
vn 0.000000 -1.000000 0.000000
vn 0.000000 -1.000000 0.000000
vn 0.000000 -1.000000 0.000000
vn 0.000000 -1.000000 0.000000
vn 0.000000 -1.000000 0.000000
vn 0.000000 -1.000000 0.000000
vn 0.000000 -1.000000 0.000000
vn 0.000000 -1.000000 0.000000
vn 0.000000 -1.000000 0.000000
vn 0.000000 -1.000000 0.000000
vn 0.000000 -1.000000 0.000000
vn 0.000000 -1.000000 0.000000
vn 0.000000 -1.000000 0.000000
vn 0.000000 -1.000000 0.000000
vn 0.000000 -1.000000 0.000000
vn 0.000000 -1.000000 0.000000
vn 0.000000 -1.000000 0.000000
vn 0.000000 -1.000000 0.000000
vn 0.000000 -1.000000 0.000000
vn 0.000000 -1.000000 0.000000
vn 0.000000 -1.000000 0.000000
vn 0.000000 -1.000000 0.000000
vn 0.000000 -1.000000 0.000000
vn 0.000000 -1.000000 0.000000
vn 0.000000 -1.000000 0.000000
vn 0.000000 -1.000000 0.000000
vn 0.000000 -1.000000 0.000000
vn 0.000000 -1.000000 0.000000
vn 0.000000 -1.000000 0.000000
vn 0.000000 -1.000000 0.000000
vn 0.000000 -1.000000 0.000000
vn 0.000000 -1.000000 0.000000
vn 0.000000 -1.000000 0.000000
vn 0.000000 -1.000000 0.000000
vn 0.000000 -1.000000 0.000000
vn 0.000000 -1.000000 0.000000
vn 0.000000 -1.000000 0.000000
vn 0.000000 -1.000000 0.000000
vn 0.000000 -1.000000 0.000000
vn 0.000000 -1.000000 0.000000
vn 0.000000 -1.000000 0.000000
vn 0.000000 -1.000000 0.000000
vn 0.000000 -1.000000 0.000000
vn 0.000000 -1.000000 0.000000
vn 0.000000 -1.000000 0.000000
vn 0.000000 -1.000000 0.000000
vn 0.000000 -1.000000 0.000000
vn 0.000000 -1.000000 0.000000
vn 0.000000 -1.000000 0.000000
vn 0.000000 -1.000000 0.000000
vn 0.000000 -1.000000 0.000000
vn 0.000000 -1.000000 0.000000
vn 0.000000 -1.000000 0.000000
vn 0.000000 -1.000000 0.000000
vn 0.000000 -1.000000 0.000000
vn 0.000000 -1.000000 0.000000
vn 0.000000 -1.000000 0.000000
vn 0.000000 -1.000000 0.000000
vn 0.000000 -1.000000 0.000000
vn 0.000000 -1.000000 0.000000
vn 0.000000 -1.000000 0.000000
vn -0.003849 -0.965549 -0.260194
vn -0.001567 -0.966632 -0.256166
vn -0.000500 -0.996183 -0.087285
vn -0.001249 -0.995904 -0.090404
vn -0.001567 -0.966632 -0.256166
vn -0.000580 -0.967240 -0.253862
vn -0.000183 -0.996330 -0.085592
vn -0.000500 -0.996183 -0.087285
vn -0.000500 -0.996183 -0.087285
vn -0.000183 -0.996330 -0.085592
vn -0.000042 -0.999742 -0.022735
vn -0.000115 -0.999726 -0.023400
vn -0.001249 -0.995904 -0.090404
vn -0.000500 -0.996183 -0.087285
vn -0.000115 -0.999726 -0.023400
vn -0.000292 -0.999695 -0.024708
vn -0.000580 -0.967240 -0.253862
vn -0.000132 -0.967593 -0.252515
vn -0.000041 -0.996401 -0.084768
vn -0.000183 -0.996330 -0.085592
vn -0.000132 -0.967593 -0.252515
vn 0.000000 -0.967719 -0.252033
vn 0.000000 -0.996422 -0.084523
vn -0.000041 -0.996401 -0.084768
vn -0.000041 -0.996401 -0.084768
vn 0.000000 -0.996422 -0.084523
vn 0.000000 -0.999750 -0.022374
vn -0.000009 -0.999748 -0.022449
vn -0.000183 -0.996330 -0.085592
vn -0.000041 -0.996401 -0.084768
vn -0.000009 -0.999748 -0.022449
vn -0.000042 -0.999742 -0.022735
vn -0.000042 -0.999742 -0.022735
vn -0.000009 -0.999748 -0.022449
vn -0.000001 -0.999994 -0.003596
vn -0.000005 -0.999993 -0.003652
vn -0.000009 -0.999748 -0.022449
vn 0.000000 -0.999750 -0.022374
vn 0.000000 -0.999994 -0.003583
vn -0.000001 -0.999994 -0.003596
vn -0.000001 -0.999994 -0.003596
vn 0.000000 -0.999994 -0.003583
vn 0.000000 -1.000000 0.000000
vn 0.000000 -1.000000 0.000000
vn -0.000005 -0.999993 -0.003652
vn -0.000001 -0.999994 -0.003596
vn 0.000000 -1.000000 0.000000
vn 0.000000 -1.000000 0.000000
vn -0.000292 -0.999695 -0.024708
vn -0.000115 -0.999726 -0.023400
vn -0.000013 -0.999993 -0.003786
vn -0.000034 -0.999992 -0.004058
vn -0.000115 -0.999726 -0.023400
vn -0.000042 -0.999742 -0.022735
vn -0.000005 -0.999993 -0.003652
vn -0.000013 -0.999993 -0.003786
vn -0.000013 -0.999993 -0.003786
vn -0.000005 -0.999993 -0.003652
vn 0.000000 -1.000000 0.000000
vn 0.000000 -1.000000 0.000000
vn -0.000034 -0.999992 -0.004058
vn -0.000013 -0.999993 -0.003786
vn 0.000000 -1.000000 0.000000
vn 0.000000 -1.000000 0.000000
vn 0.000000 -0.000007 -1.000000
vn -0.000537 0.000000 -1.000000
vn -0.000542 0.081851 -0.996644
vn 0.000000 0.081876 -0.996643
vn -0.000537 0.000000 -1.000000
vn -0.002358 0.000007 -0.999997
vn -0.002380 0.081793 -0.996647
vn -0.000542 0.081851 -0.996644
vn -0.000542 0.081851 -0.996644
vn -0.002380 0.081793 -0.996647
vn -0.002242 0.369128 -0.929376
vn -0.000510 0.369915 -0.929065
vn 0.000000 0.081876 -0.996643
vn -0.000542 0.081851 -0.996644
vn -0.000510 0.369915 -0.929065
vn 0.000000 0.370209 -0.928949
vn -0.002358 0.000007 -0.999997
vn -0.006329 0.000004 -0.999980
vn -0.006399 0.081761 -0.996632
vn -0.002380 0.081793 -0.996647
vn -0.006329 0.000004 -0.999980
vn -0.015411 0.000003 -0.999881
vn -0.015639 0.081858 -0.996521
vn -0.006399 0.081761 -0.996632
vn -0.006399 0.081761 -0.996632
vn -0.015639 0.081858 -0.996521
vn -0.014787 0.365986 -0.930503
vn -0.006035 0.367881 -0.929853
vn -0.002380 0.081793 -0.996647
vn -0.006399 0.081761 -0.996632
vn -0.006035 0.367881 -0.929853
vn -0.002242 0.369128 -0.929376
vn -0.002242 0.369128 -0.929376
vn -0.006035 0.367881 -0.929853
vn -0.004170 0.755111 -0.655584
vn -0.001549 0.757381 -0.652972
vn -0.006035 0.367881 -0.929853
vn -0.014787 0.365986 -0.930503
vn -0.010217 0.751215 -0.659979
vn -0.004170 0.755111 -0.655584
vn -0.004170 0.755111 -0.655584
vn -0.010217 0.751215 -0.659979
vn -0.004734 0.947745 -0.318993
vn -0.001928 0.949308 -0.314342
vn -0.001549 0.757381 -0.652972
vn -0.004170 0.755111 -0.655584
vn -0.001928 0.949308 -0.314342
vn -0.000714 0.950188 -0.311675
vn 0.000000 0.370209 -0.928949
vn -0.000510 0.369915 -0.929065
vn -0.000352 0.758705 -0.651434
vn 0.000000 0.759177 -0.650884
vn -0.000510 0.369915 -0.929065
vn -0.002242 0.369128 -0.929376
vn -0.001549 0.757381 -0.652972
vn -0.000352 0.758705 -0.651434
vn -0.000352 0.758705 -0.651434
vn -0.001549 0.757381 -0.652972
vn -0.000714 0.950188 -0.311675
vn -0.000162 0.950698 -0.310117
vn 0.000000 0.759177 -0.650884
vn -0.000352 0.758705 -0.651434
vn -0.000162 0.950698 -0.310117
vn 0.000000 0.950880 -0.309559
vn 0.000000 1.000000 0.000000
vn 0.000000 0.999990 -0.004479
vn -0.000001 0.999990 -0.004495
vn 0.000000 1.000000 0.000000
vn 0.000000 0.999990 -0.004479
vn 0.000000 0.999609 -0.027964
vn -0.000012 0.999606 -0.028057
vn -0.000001 0.999990 -0.004495
vn -0.000001 0.999990 -0.004495
vn -0.000012 0.999606 -0.028057
vn -0.000052 0.999596 -0.028414
vn -0.000006 0.999990 -0.004565
vn 0.000000 1.000000 0.000000
vn -0.000001 0.999990 -0.004495
vn -0.000006 0.999990 -0.004565
vn 0.000000 1.000000 0.000000
vn 0.000000 0.999609 -0.027964
vn 0.000000 0.994426 -0.105441
vn -0.000052 0.994393 -0.105745
vn -0.000012 0.999606 -0.028057
vn 0.000000 0.994426 -0.105441
vn 0.000000 0.950880 -0.309559
vn -0.000162 0.950698 -0.310117
vn -0.000052 0.994393 -0.105745
vn -0.000052 0.994393 -0.105745
vn -0.000162 0.950698 -0.310117
vn -0.000714 0.950188 -0.311675
vn -0.000229 0.994284 -0.106766
vn -0.000012 0.999606 -0.028057
vn -0.000052 0.994393 -0.105745
vn -0.000229 0.994284 -0.106766
vn -0.000052 0.999596 -0.028414
vn -0.000052 0.999596 -0.028414
vn -0.000229 0.994284 -0.106766
vn -0.000625 0.994056 -0.108865
vn -0.000144 0.999572 -0.029245
vn -0.000229 0.994284 -0.106766
vn -0.000714 0.950188 -0.311675
vn -0.001928 0.949308 -0.314342
vn -0.000625 0.994056 -0.108865
vn -0.000625 0.994056 -0.108865
vn -0.001928 0.949308 -0.314342
vn -0.004734 0.947745 -0.318993
vn -0.001558 0.993624 -0.112731
vn -0.000144 0.999572 -0.029245
vn -0.000625 0.994056 -0.108865
vn -0.001558 0.993624 -0.112731
vn -0.000365 0.999523 -0.030879
vn 0.000000 1.000000 0.000000
vn -0.000006 0.999990 -0.004565
vn -0.000017 0.999989 -0.004733
vn 0.000000 1.000000 0.000000
vn -0.000006 0.999990 -0.004565
vn -0.000052 0.999596 -0.028414
vn -0.000144 0.999572 -0.029245
vn -0.000017 0.999989 -0.004733
vn -0.000017 0.999989 -0.004733
vn -0.000144 0.999572 -0.029245
vn -0.000365 0.999523 -0.030879
vn -0.000043 0.999987 -0.005072
vn 0.000000 1.000000 0.000000
vn -0.000017 0.999989 -0.004733
vn -0.000043 0.999987 -0.005072
vn 0.000000 1.000000 0.000000
vn 0.000000 1.000000 0.000000
vn 0.000000 1.000000 0.000000
vn 0.000000 1.000000 0.000000
vn 0.000000 1.000000 0.000000
vn 0.000000 1.000000 0.000000
vn 0.000000 1.000000 0.000000
vn 0.000000 1.000000 0.000000
vn 0.000000 1.000000 0.000000
vn 0.000000 1.000000 0.000000
vn 0.000000 1.000000 0.000000
vn 0.000000 1.000000 0.000000
vn 0.000000 1.000000 0.000000
vn 0.000000 1.000000 0.000000
vn 0.000000 1.000000 0.000000
vn 0.000000 1.000000 0.000000
vn 0.000000 1.000000 0.000000
vn 0.000000 1.000000 0.000000
vn 0.000000 1.000000 0.000000
vn 0.000000 1.000000 0.000000
vn 0.000000 1.000000 0.000000
vn 0.000000 1.000000 0.000000
vn 0.000000 1.000000 0.000000
vn 0.000000 1.000000 0.000000
vn 0.000000 1.000000 0.000000
vn 0.000000 1.000000 0.000000
vn 0.000000 1.000000 0.000000
vn 0.000000 1.000000 0.000000
vn 0.000000 1.000000 0.000000
vn 0.000000 1.000000 0.000000
vn 0.000000 1.000000 0.000000
vn 0.000000 1.000000 0.000000
vn 0.000000 1.000000 0.000000
vn 0.000000 1.000000 0.000000
vn 0.000000 1.000000 0.000000
vn 0.000000 1.000000 0.000000
vn 0.000000 1.000000 0.000000
vn 0.000000 1.000000 0.000000
vn 0.000000 1.000000 0.000000
vn 0.000000 1.000000 0.000000
vn 0.000000 1.000000 0.000000
vn 0.000000 1.000000 0.000000
vn 0.000000 1.000000 0.000000
vn 0.000000 1.000000 0.000000
vn 0.000000 1.000000 0.000000
vn 0.000000 1.000000 0.000000
vn 0.000000 1.000000 0.000000
vn 0.000000 1.000000 0.000000
vn 0.000000 1.000000 0.000000
vn 0.000000 1.000000 0.000000
vn 0.000000 1.000000 0.000000
vn 0.000000 1.000000 0.000000
vn 0.000000 1.000000 0.000000
vn 0.000000 1.000000 0.000000
vn 0.000000 1.000000 0.000000
vn 0.000000 1.000000 0.000000
vn 0.000000 1.000000 0.000000
vn 0.000000 1.000000 0.000000
vn 0.000000 1.000000 0.000000
vn 0.000000 1.000000 0.000000
vn 0.000000 1.000000 0.000000
vn 0.000000 1.000000 0.000000
vn 0.000000 1.000000 0.000000
vn 0.000000 1.000000 0.000000
vn 0.000000 1.000000 0.000000
vn 0.000000 1.000000 0.000000
vn 0.000000 1.000000 0.000000
vn 0.000000 1.000000 0.000000
vn 0.000000 1.000000 0.000000
vn 0.000000 1.000000 0.000000
vn 0.000000 1.000000 0.000000
vn 0.000000 1.000000 0.000000
vn 0.000000 1.000000 0.000000
vn 0.000000 1.000000 0.000000
vn 0.000000 1.000000 0.000000
vn 0.000000 1.000000 0.000000
vn 0.000000 1.000000 0.000000
vn 0.000000 1.000000 0.000000
vn 0.000000 1.000000 0.000000
vn 0.000000 1.000000 0.000000
vn 0.000000 1.000000 0.000000
vn 0.000000 1.000000 0.000000
vn 0.000000 1.000000 0.000000
vn 0.000000 1.000000 0.000000
vn 0.000000 1.000000 0.000000
vn 0.000000 1.000000 0.000000
vn 0.000000 1.000000 0.000000
vn 0.000000 1.000000 0.000000
vn 0.000000 1.000000 0.000000
vn 0.000000 1.000000 0.000000
vn 0.000000 1.000000 0.000000
vn 0.000000 1.000000 0.000000
vn 0.000000 1.000000 0.000000
vn 0.000000 1.000000 0.000000
vn 0.000000 1.000000 0.000000
vn 0.000000 1.000000 0.000000
vn 0.000000 1.000000 0.000000
vn 0.000000 1.000000 0.000000
vn 0.000000 1.000000 0.000000
vn 0.000000 1.000000 0.000000
vn 0.000000 1.000000 0.000000
vn 0.000000 1.000000 0.000000
vn 0.000000 1.000000 0.000000
vn 0.000000 1.000000 0.000000
vn 0.000000 1.000000 0.000000
vn 0.000000 1.000000 0.000000
vn 0.000000 1.000000 0.000000
vn 0.000000 1.000000 0.000000
vn 0.000000 1.000000 0.000000
vn 0.000000 1.000000 0.000000
vn 0.000000 1.000000 0.000000
vn 0.000000 1.000000 0.000000
vn 0.000000 1.000000 0.000000
vn 0.000000 1.000000 0.000000
vn 0.000000 1.000000 0.000000
vn 0.000000 1.000000 0.000000
vn 0.000000 1.000000 0.000000
vn 0.000000 1.000000 0.000000
vn 0.000000 1.000000 0.000000
vn 0.000000 1.000000 0.000000
vn 0.000000 1.000000 0.000000
vn 0.000000 1.000000 0.000000
vn 0.000000 1.000000 0.000000
vn 0.000000 1.000000 0.000000
vn 0.000000 1.000000 0.000000
vn 0.000000 1.000000 0.000000
vn 0.000000 1.000000 0.000000
vn 0.000000 1.000000 0.000000
vn 0.000000 1.000000 0.000000
vn 0.000000 1.000000 0.000000
vn 0.000000 1.000000 0.000000
vn 0.000000 1.000000 0.000000
vn 0.000000 1.000000 0.000000
vn 0.000000 1.000000 0.000000
vn 0.000000 1.000000 0.000000
vn 0.000000 1.000000 0.000000
vn 0.000000 1.000000 0.000000
vn 0.000000 1.000000 0.000000
vn 0.000000 1.000000 0.000000
vn 0.000000 1.000000 0.000000
vn 0.000000 1.000000 0.000000
vn 0.000000 1.000000 0.000000
vn 0.000000 1.000000 0.000000
vn 0.000000 1.000000 0.000000
vn 0.000000 1.000000 0.000000
vn 0.000000 1.000000 0.000000
vn 0.000000 1.000000 0.000000
vn 0.000000 1.000000 0.000000
vn 0.000000 1.000000 0.000000
vn 0.000000 1.000000 0.000000
vn 0.000000 1.000000 0.000000
vn 0.000000 1.000000 0.000000
vn 0.000000 1.000000 0.000000
vn 0.000000 1.000000 0.000000
vn 0.000000 1.000000 0.000000
vn 0.000000 1.000000 0.000000
vn 0.000000 1.000000 0.000000
vn 0.000000 1.000000 0.000000
vn 0.000000 1.000000 0.000000
vn 0.000000 1.000000 0.000000
vn 0.000000 1.000000 0.000000
vn 0.000000 1.000000 0.000000
vn 0.000000 1.000000 0.000000
vn 0.000000 1.000000 0.000000
vn 0.000000 1.000000 0.000000
vn 0.000000 1.000000 0.000000
vn 0.000000 1.000000 0.000000
vn 0.000000 1.000000 0.000000
vn 0.000000 1.000000 0.000000
vn 0.000000 1.000000 0.000000
vn 0.000000 1.000000 0.000000
vn 0.000000 1.000000 0.000000
vn 0.000000 1.000000 0.000000
vn 0.000000 1.000000 0.000000
vn 0.000000 1.000000 0.000000
vn 0.000000 1.000000 0.000000
vn 0.000000 1.000000 0.000000
vn 0.000000 1.000000 0.000000
vn 0.000000 1.000000 0.000000
vn 0.000000 1.000000 0.000000
vn 0.000000 1.000000 0.000000
vn 0.000000 1.000000 0.000000
vn 0.000000 1.000000 0.000000
vn 0.000000 1.000000 0.000000
vn 0.000000 1.000000 0.000000
vn 0.000000 1.000000 0.000000
vn 0.000000 1.000000 0.000000
vn 0.000000 1.000000 0.000000
vn 0.000000 1.000000 0.000000
vn 0.000000 1.000000 0.000000
vn 0.000000 1.000000 0.000000
vn 0.000000 1.000000 0.000000
vn 0.000000 1.000000 0.000000
vn -0.004734 0.947745 0.318995
vn -0.001928 0.949307 0.314345
vn -0.000625 0.994056 0.108866
vn -0.001558 0.993624 0.112731
vn -0.001928 0.949307 0.314345
vn -0.000714 0.950188 0.311677
vn -0.000229 0.994284 0.106766
vn -0.000625 0.994056 0.108866
vn -0.000625 0.994056 0.108866
vn -0.000229 0.994284 0.106766
vn -0.000052 0.999596 0.028415
vn -0.000144 0.999572 0.029245
vn -0.001558 0.993624 0.112731
vn -0.000625 0.994056 0.108866
vn -0.000144 0.999572 0.029245
vn -0.000365 0.999523 0.030880
vn -0.000714 0.950188 0.311677
vn -0.000162 0.950698 0.310118
vn -0.000052 0.994393 0.105745
vn -0.000229 0.994284 0.106766
vn -0.000162 0.950698 0.310118
vn 0.000000 0.950880 0.309559
vn 0.000000 0.994425 0.105442
vn -0.000052 0.994393 0.105745
vn -0.000052 0.994393 0.105745
vn 0.000000 0.994425 0.105442
vn 0.000000 0.999609 0.027964
vn -0.000012 0.999606 0.028057
vn -0.000229 0.994284 0.106766
vn -0.000052 0.994393 0.105745
vn -0.000012 0.999606 0.028057
vn -0.000052 0.999596 0.028415
vn -0.000052 0.999596 0.028415
vn -0.000012 0.999606 0.028057
vn -0.000001 0.999990 0.004495
vn -0.000006 0.999990 0.004565
vn -0.000012 0.999606 0.028057
vn 0.000000 0.999609 0.027964
vn 0.000000 0.999990 0.004479
vn -0.000001 0.999990 0.004495
vn -0.000001 0.999990 0.004495
vn 0.000000 0.999990 0.004479
vn 0.000000 1.000000 0.000000
vn 0.000000 1.000000 0.000000
vn -0.000006 0.999990 0.004565
vn -0.000001 0.999990 0.004495
vn 0.000000 1.000000 0.000000
vn 0.000000 1.000000 0.000000
vn -0.000365 0.999523 0.030880
vn -0.000144 0.999572 0.029245
vn -0.000017 0.999989 0.004733
vn -0.000043 0.999987 0.005072
vn -0.000144 0.999572 0.029245
vn -0.000052 0.999596 0.028415
vn -0.000006 0.999990 0.004565
vn -0.000017 0.999989 0.004733
vn -0.000017 0.999989 0.004733
vn -0.000006 0.999990 0.004565
vn 0.000000 1.000000 0.000000
vn 0.000000 1.000000 0.000000
vn -0.000043 0.999987 0.005072
vn -0.000017 0.999989 0.004733
vn 0.000000 1.000000 0.000000
vn 0.000000 1.000000 0.000000
vn -0.004734 0.947745 0.318995
vn -0.010216 0.751214 0.659980
vn -0.004170 0.755106 0.655589
vn -0.001928 0.949307 0.314345
vn -0.010216 0.751214 0.659980
vn -0.014786 0.365989 0.930502
vn -0.006034 0.367886 0.929851
vn -0.004170 0.755106 0.655589
vn -0.004170 0.755106 0.655589
vn -0.006034 0.367886 0.929851
vn -0.002243 0.369140 0.929371
vn -0.001549 0.757377 0.652976
vn -0.001928 0.949307 0.314345
vn -0.004170 0.755106 0.655589
vn -0.001549 0.757377 0.652976
vn -0.000714 0.950188 0.311677
vn -0.014786 0.365989 0.930502
vn -0.015638 0.081868 0.996521
vn -0.006399 0.081777 0.996630
vn -0.006034 0.367886 0.929851
vn -0.015638 0.081868 0.996521
vn -0.015411 0.000001 0.999881
vn -0.006329 0.000003 0.999980
vn -0.006399 0.081777 0.996630
vn -0.006399 0.081777 0.996630
vn -0.006329 0.000003 0.999980
vn -0.002358 -0.000004 0.999997
vn -0.002380 0.081796 0.996646
vn -0.006034 0.367886 0.929851
vn -0.006399 0.081777 0.996630
vn -0.002380 0.081796 0.996646
vn -0.002243 0.369140 0.929371
vn -0.002243 0.369140 0.929371
vn -0.002380 0.081796 0.996646
vn -0.000542 0.081843 0.996645
vn -0.000510 0.369919 0.929064
vn -0.002380 0.081796 0.996646
vn -0.002358 -0.000004 0.999997
vn -0.000537 0.000000 1.000000
vn -0.000542 0.081843 0.996645
vn -0.000542 0.081843 0.996645
vn -0.000537 0.000000 1.000000
vn 0.000000 0.000007 1.000000
vn 0.000000 0.081880 0.996642
vn -0.000510 0.369919 0.929064
vn -0.000542 0.081843 0.996645
vn 0.000000 0.081880 0.996642
vn 0.000000 0.370197 0.928953
vn -0.000714 0.950188 0.311677
vn -0.001549 0.757377 0.652976
vn -0.000352 0.758707 0.651432
vn -0.000162 0.950698 0.310118
vn -0.001549 0.757377 0.652976
vn -0.002243 0.369140 0.929371
vn -0.000510 0.369919 0.929064
vn -0.000352 0.758707 0.651432
vn -0.000352 0.758707 0.651432
vn -0.000510 0.369919 0.929064
vn 0.000000 0.370197 0.928953
vn 0.000000 0.759177 0.650884
vn -0.000162 0.950698 0.310118
vn -0.000352 0.758707 0.651432
vn 0.000000 0.759177 0.650884
vn 0.000000 0.950880 0.309559
vn 0.000000 1.000000 0.000000
vn -0.004333 0.999991 0.000000
vn -0.004348 0.999991 0.000002
vn 0.000000 1.000000 0.000000
vn -0.004333 0.999991 0.000000
vn -0.026450 0.999650 0.000000
vn -0.026528 0.999648 0.000013
vn -0.004348 0.999991 0.000002
vn -0.004348 0.999991 0.000002
vn -0.026528 0.999648 0.000013
vn -0.026828 0.999640 0.000057
vn -0.004409 0.999990 0.000007
vn 0.000000 1.000000 0.000000
vn -0.004348 0.999991 0.000002
vn -0.004409 0.999990 0.000007
vn 0.000000 1.000000 0.000000
vn -0.026450 0.999650 0.000000
vn -0.096956 0.995289 0.000000
vn -0.097188 0.995266 0.000055
vn -0.026528 0.999648 0.000013
vn -0.096956 0.995289 0.000000
vn -0.281173 0.959657 0.000000
vn -0.281597 0.959533 0.000168
vn -0.097188 0.995266 0.000055
vn -0.097188 0.995266 0.000055
vn -0.281597 0.959533 0.000168
vn -0.282758 0.959191 0.000740
vn -0.097966 0.995190 0.000242
vn -0.026528 0.999648 0.000013
vn -0.097188 0.995266 0.000055
vn -0.097966 0.995190 0.000242
vn -0.026828 0.999640 0.000057
vn -0.026828 0.999640 0.000057
vn -0.097966 0.995190 0.000242
vn -0.099582 0.995029 0.000657
vn -0.027527 0.999621 0.000156
vn -0.097966 0.995190 0.000242
vn -0.282758 0.959191 0.000740
vn -0.284768 0.958594 0.001991
vn -0.099582 0.995029 0.000657
vn -0.099582 0.995029 0.000657
vn -0.284768 0.958594 0.001991
vn -0.288251 0.957543 0.004849
vn -0.102550 0.994727 0.001621
vn -0.027527 0.999621 0.000156
vn -0.099582 0.995029 0.000657
vn -0.102550 0.994727 0.001621
vn -0.028893 0.999582 0.000391
vn 0.000000 1.000000 0.000000
vn -0.004409 0.999990 0.000007
vn -0.004560 0.999990 0.000019
vn 0.000000 1.000000 0.000000
vn -0.004409 0.999990 0.000007
vn -0.026828 0.999640 0.000057
vn -0.027527 0.999621 0.000156
vn -0.004560 0.999990 0.000019
vn -0.004560 0.999990 0.000019
vn -0.027527 0.999621 0.000156
vn -0.028893 0.999582 0.000391
vn -0.004859 0.999988 0.000047
vn 0.000000 1.000000 0.000000
vn -0.004560 0.999990 0.000019
vn -0.004859 0.999988 0.000047
vn 0.000000 1.000000 0.000000
vn 0.000000 1.000000 0.000000
vn 0.000000 1.000000 0.000000
vn 0.000000 1.000000 0.000000
vn 0.000000 1.000000 0.000000
vn 0.000000 1.000000 0.000000
vn 0.000000 1.000000 0.000000
vn 0.000000 1.000000 0.000000
vn 0.000000 1.000000 0.000000
vn 0.000000 1.000000 0.000000
vn 0.000000 1.000000 0.000000
vn 0.000000 1.000000 0.000000
vn 0.000000 1.000000 0.000000
vn 0.000000 1.000000 0.000000
vn 0.000000 1.000000 0.000000
vn 0.000000 1.000000 0.000000
vn 0.000000 1.000000 0.000000
vn 0.000000 1.000000 0.000000
vn 0.000000 1.000000 0.000000
vn 0.000000 1.000000 0.000000
vn 0.000000 1.000000 0.000000
vn 0.000000 1.000000 0.000000
vn 0.000000 1.000000 0.000000
vn 0.000000 1.000000 0.000000
vn 0.000000 1.000000 0.000000
vn 0.000000 1.000000 0.000000
vn 0.000000 1.000000 0.000000
vn 0.000000 1.000000 0.000000
vn 0.000000 1.000000 0.000000
vn 0.000000 1.000000 0.000000
vn 0.000000 1.000000 0.000000
vn 0.000000 1.000000 0.000000
vn 0.000000 1.000000 0.000000
vn 0.000000 1.000000 0.000000
vn 0.000000 1.000000 0.000000
vn 0.000000 1.000000 0.000000
vn 0.000000 1.000000 0.000000
vn 0.000000 1.000000 0.000000
vn 0.000000 1.000000 0.000000
vn 0.000000 1.000000 0.000000
vn 0.000000 1.000000 0.000000
vn 0.000000 1.000000 0.000000
vn 0.000000 1.000000 0.000000
vn 0.000000 1.000000 0.000000
vn 0.000000 1.000000 0.000000
vn 0.000000 1.000000 0.000000
vn 0.000000 1.000000 0.000000
vn 0.000000 1.000000 0.000000
vn 0.000000 1.000000 0.000000
vn 0.000000 1.000000 0.000000
vn 0.000000 1.000000 0.000000
vn 0.000000 1.000000 0.000000
vn 0.000000 1.000000 0.000000
vn 0.000000 1.000000 0.000000
vn 0.000000 1.000000 0.000000
vn 0.000000 1.000000 0.000000
vn 0.000000 1.000000 0.000000
vn 0.000000 1.000000 0.000000
vn 0.000000 1.000000 0.000000
vn 0.000000 1.000000 0.000000
vn 0.000000 1.000000 0.000000
vn 0.000000 1.000000 0.000000
vn 0.000000 1.000000 0.000000
vn 0.000000 1.000000 0.000000
vn 0.000000 1.000000 0.000000
vn 0.000000 1.000000 0.000000
vn 0.000000 1.000000 0.000000
vn 0.000000 1.000000 0.000000
vn 0.000000 1.000000 0.000000
vn 0.000000 1.000000 0.000000
vn 0.000000 1.000000 0.000000
vn 0.000000 1.000000 0.000000
vn 0.000000 1.000000 0.000000
vn 0.000000 1.000000 0.000000
vn 0.000000 1.000000 0.000000
vn 0.000000 1.000000 0.000000
vn 0.000000 1.000000 0.000000
vn 0.000000 1.000000 0.000000
vn 0.000000 1.000000 0.000000
vn 0.000000 1.000000 0.000000
vn 0.000000 1.000000 0.000000
vn 0.000000 1.000000 0.000000
vn 0.000000 1.000000 0.000000
vn 0.000000 1.000000 0.000000
vn 0.000000 1.000000 0.000000
vn 0.000000 1.000000 0.000000
vn 0.000000 1.000000 0.000000
vn 0.000000 1.000000 0.000000
vn 0.000000 1.000000 0.000000
vn 0.000000 1.000000 0.000000
vn 0.000000 1.000000 0.000000
vn 0.000000 1.000000 0.000000
vn 0.000000 1.000000 0.000000
vn 0.000000 1.000000 0.000000
vn 0.000000 1.000000 0.000000
vn 0.000000 1.000000 0.000000
vn 0.000000 1.000000 0.000000
vn 0.000000 1.000000 0.000000
vn 0.000000 1.000000 0.000000
vn 0.000000 1.000000 0.000000
vn 0.000000 1.000000 0.000000
vn 0.000000 1.000000 0.000000
vn 0.000000 1.000000 0.000000
vn 0.000000 1.000000 0.000000
vn 0.000000 1.000000 0.000000
vn 0.000000 1.000000 0.000000
vn 0.000000 1.000000 0.000000
vn 0.000000 1.000000 0.000000
vn 0.000000 1.000000 0.000000
vn 0.000000 1.000000 0.000000
vn 0.000000 1.000000 0.000000
vn 0.000000 1.000000 0.000000
vn 0.000000 1.000000 0.000000
vn 0.000000 1.000000 0.000000
vn 0.000000 1.000000 0.000000
vn 0.000000 1.000000 0.000000
vn 0.000000 1.000000 0.000000
vn 0.000000 1.000000 0.000000
vn 0.000000 1.000000 0.000000
vn 0.000000 1.000000 0.000000
vn 0.000000 1.000000 0.000000
vn 0.000000 1.000000 0.000000
vn 0.000000 1.000000 0.000000
vn 0.000000 1.000000 0.000000
vn 0.000000 1.000000 0.000000
vn 0.000000 1.000000 0.000000
vn 0.000000 1.000000 0.000000
vn 0.000000 1.000000 0.000000
vn 0.000000 1.000000 0.000000
vn 0.000000 1.000000 0.000000
vn 0.000000 1.000000 0.000000
vn 0.000000 1.000000 0.000000
vn 0.000000 1.000000 0.000000
vn 0.000000 1.000000 0.000000
vn 0.000000 1.000000 0.000000
vn 0.000000 1.000000 0.000000
vn 0.000000 1.000000 0.000000
vn 0.000000 1.000000 0.000000
vn 0.000000 1.000000 0.000000
vn 0.000000 1.000000 0.000000
vn 0.000000 1.000000 0.000000
vn 0.000000 1.000000 0.000000
vn 0.000000 1.000000 0.000000
vn 0.000000 1.000000 0.000000
vn 0.000000 1.000000 0.000000
vn 0.000000 1.000000 0.000000
vn 0.000000 1.000000 0.000000
vn 0.000000 1.000000 0.000000
vn 0.000000 1.000000 0.000000
vn 0.000000 1.000000 0.000000
vn 0.000000 1.000000 0.000000
vn 0.000000 1.000000 0.000000
vn 0.000000 1.000000 0.000000
vn 0.000000 1.000000 0.000000
vn 0.000000 1.000000 0.000000
vn 0.000000 1.000000 0.000000
vn 0.000000 1.000000 0.000000
vn 0.000000 1.000000 0.000000
vn 0.000000 1.000000 0.000000
vn 0.000000 1.000000 0.000000
vn 0.000000 1.000000 0.000000
vn 0.000000 1.000000 0.000000
vn 0.000000 1.000000 0.000000
vn 0.000000 1.000000 0.000000
vn 0.000000 1.000000 0.000000
vn 0.000000 1.000000 0.000000
vn 0.000000 1.000000 0.000000
vn 0.000000 1.000000 0.000000
vn 0.000000 1.000000 0.000000
vn 0.000000 1.000000 0.000000
vn 0.000000 1.000000 0.000000
vn 0.000000 1.000000 0.000000
vn 0.000000 1.000000 0.000000
vn 0.000000 1.000000 0.000000
vn 0.000000 1.000000 0.000000
vn 0.000000 1.000000 0.000000
vn 0.000000 1.000000 0.000000
vn 0.000000 1.000000 0.000000
vn 0.000000 1.000000 0.000000
vn 0.000000 1.000000 0.000000
vn 0.000000 1.000000 0.000000
vn 0.000000 1.000000 0.000000
vn 0.000000 1.000000 0.000000
vn 0.000000 1.000000 0.000000
vn 0.000000 1.000000 0.000000
vn 0.000000 1.000000 0.000000
vn 0.000000 1.000000 0.000000
vn 0.000000 1.000000 0.000000
vn 0.000000 1.000000 0.000000
vn 0.000000 1.000000 0.000000
vn 0.000000 1.000000 0.000000
vn 0.000000 1.000000 0.000000
vn 0.000000 1.000000 0.000000
vn 0.000000 1.000000 0.000000
vn 0.000000 1.000000 0.000000
vn 0.000000 1.000000 0.000000
vn 0.000000 1.000000 0.000000
vn 0.000000 1.000000 0.000000
vn 0.000000 1.000000 0.000000
vn 0.000000 1.000000 0.000000
vn 0.000000 1.000000 0.000000
vn 0.000000 1.000000 0.000000
vn 0.000000 1.000000 0.000000
vn 0.000000 1.000000 0.000000
vn 0.000000 1.000000 0.000000
vn 0.000000 1.000000 0.000000
vn 0.000000 1.000000 0.000000
vn 0.000000 1.000000 0.000000
vn 0.000000 1.000000 0.000000
vn 0.000000 1.000000 0.000000
vn 0.000000 1.000000 0.000000
vn 0.000000 1.000000 0.000000
vn 0.000000 1.000000 0.000000
vn 0.000000 1.000000 0.000000
vn 0.000000 1.000000 0.000000
vn 0.000000 1.000000 0.000000
vn 0.000000 1.000000 0.000000
vn 0.000000 1.000000 0.000000
vn 0.000000 1.000000 0.000000
vn 0.000000 1.000000 0.000000
vn 0.000000 1.000000 0.000000
vn 0.000000 1.000000 0.000000
vn 0.000000 1.000000 0.000000
vn 0.000000 1.000000 0.000000
vn 0.000000 1.000000 0.000000
vn 0.000000 1.000000 0.000000
vn 0.000000 1.000000 0.000000
vn 0.000000 1.000000 0.000000
vn 0.000000 1.000000 0.000000
vn 0.000000 1.000000 0.000000
vn 0.000000 1.000000 0.000000
vn 0.000000 1.000000 0.000000
vn 0.000000 1.000000 0.000000
vn 0.000000 1.000000 0.000000
vn 0.000000 1.000000 0.000000
vn 0.000000 1.000000 0.000000
vn 0.000000 1.000000 0.000000
vn 0.000000 1.000000 0.000000
vn 0.000000 1.000000 0.000000
vn 0.000000 1.000000 0.000000
vn 0.000000 1.000000 0.000000
vn 0.000000 1.000000 0.000000
vn 0.000000 1.000000 0.000000
vn 0.000000 1.000000 0.000000
vn 0.000000 1.000000 0.000000
vn 0.000000 1.000000 0.000000
vn 0.000000 1.000000 0.000000
vn 0.000000 1.000000 0.000000
vn 0.000000 1.000000 0.000000
vn 0.000000 1.000000 0.000000
vn 0.000000 1.000000 0.000000
vn 0.000000 1.000000 0.000000
vn 0.000000 1.000000 0.000000
vn 0.000000 1.000000 0.000000
vn 0.000000 1.000000 0.000000
vn 0.000000 1.000000 0.000000
vn 0.000000 1.000000 0.000000
vn 0.288253 0.957542 0.004849
vn 0.284766 0.958595 0.001991
vn 0.099583 0.995029 0.000657
vn 0.102549 0.994727 0.001621
vn 0.284766 0.958595 0.001991
vn 0.282755 0.959192 0.000740
vn 0.097966 0.995190 0.000242
vn 0.099583 0.995029 0.000657
vn 0.099583 0.995029 0.000657
vn 0.097966 0.995190 0.000242
vn 0.026828 0.999640 0.000057
vn 0.027528 0.999621 0.000156
vn 0.102549 0.994727 0.001621
vn 0.099583 0.995029 0.000657
vn 0.027528 0.999621 0.000156
vn 0.028893 0.999582 0.000391
vn 0.282755 0.959192 0.000740
vn 0.281595 0.959533 0.000168
vn 0.097188 0.995266 0.000055
vn 0.097966 0.995190 0.000242
vn 0.281595 0.959533 0.000168
vn 0.281173 0.959657 0.000000
vn 0.096956 0.995289 0.000000
vn 0.097188 0.995266 0.000055
vn 0.097188 0.995266 0.000055
vn 0.096956 0.995289 0.000000
vn 0.026450 0.999650 0.000000
vn 0.026528 0.999648 0.000013
vn 0.097966 0.995190 0.000242
vn 0.097188 0.995266 0.000055
vn 0.026528 0.999648 0.000013
vn 0.026828 0.999640 0.000057
vn 0.026828 0.999640 0.000057
vn 0.026528 0.999648 0.000013
vn 0.004348 0.999991 0.000002
vn 0.004409 0.999990 0.000007
vn 0.026528 0.999648 0.000013
vn 0.026450 0.999650 0.000000
vn 0.004333 0.999991 0.000000
vn 0.004348 0.999991 0.000002
vn 0.004348 0.999991 0.000002
vn 0.004333 0.999991 0.000000
vn 0.000000 1.000000 0.000000
vn 0.000000 1.000000 0.000000
vn 0.004409 0.999990 0.000007
vn 0.004348 0.999991 0.000002
vn 0.000000 1.000000 0.000000
vn 0.000000 1.000000 0.000000
vn 0.028893 0.999582 0.000391
vn 0.027528 0.999621 0.000156
vn 0.004559 0.999990 0.000019
vn 0.004859 0.999988 0.000047
vn 0.027528 0.999621 0.000156
vn 0.026828 0.999640 0.000057
vn 0.004409 0.999990 0.000007
vn 0.004559 0.999990 0.000019
vn 0.004559 0.999990 0.000019
vn 0.004409 0.999990 0.000007
vn 0.000000 1.000000 0.000000
vn 0.000000 1.000000 0.000000
vn 0.004859 0.999988 0.000047
vn 0.004559 0.999990 0.000019
vn 0.000000 1.000000 0.000000
vn 0.000000 1.000000 0.000000
vn 0.288253 0.957542 0.004849
vn 0.618527 0.785690 0.010766
vn 0.614876 0.788611 0.004425
vn 0.284766 0.958595 0.001991
vn 0.618527 0.785690 0.010766
vn 0.915852 0.401185 0.016315
vn 0.915256 0.402817 0.006708
vn 0.614876 0.788611 0.004425
vn 0.614876 0.788611 0.004425
vn 0.915256 0.402817 0.006708
vn 0.914798 0.403903 0.002500
vn 0.612674 0.790334 0.001648
vn 0.284766 0.958595 0.001991
vn 0.614876 0.788611 0.004425
vn 0.612674 0.790334 0.001648
vn 0.282755 0.959192 0.000740
vn 0.915852 0.401185 0.016315
vn 0.995702 0.090936 0.017562
vn 0.995840 0.090833 0.007236
vn 0.915256 0.402817 0.006708
vn 0.995702 0.090936 0.017562
vn 0.999849 -0.000006 0.017364
vn 0.999974 -0.000005 0.007176
vn 0.995840 0.090833 0.007236
vn 0.995840 0.090833 0.007236
vn 0.999974 -0.000005 0.007176
vn 0.999996 -0.000001 0.002682
vn 0.995863 0.090829 0.002700
vn 0.915256 0.402817 0.006708
vn 0.995840 0.090833 0.007236
vn 0.995863 0.090829 0.002700
vn 0.914798 0.403903 0.002500
vn 0.914798 0.403903 0.002500
vn 0.995863 0.090829 0.002700
vn 0.995861 0.090884 0.000616
vn 0.914488 0.404613 0.000569
vn 0.995863 0.090829 0.002700
vn 0.999996 -0.000001 0.002682
vn 1.000000 0.000001 0.000612
vn 0.995861 0.090884 0.000616
vn 0.995861 0.090884 0.000616
vn 1.000000 0.000001 0.000612
vn 1.000000 -0.000012 0.000000
vn 0.995857 0.090930 0.000000
vn 0.914488 0.404613 0.000569
vn 0.995861 0.090884 0.000616
vn 0.995857 0.090930 0.000000
vn 0.914364 0.404894 0.000000
vn 0.282755 0.959192 0.000740
vn 0.612674 0.790334 0.001648
vn 0.611374 0.791342 0.000375
vn 0.281595 0.959533 0.000168
vn 0.612674 0.790334 0.001648
vn 0.914798 0.403903 0.002500
vn 0.914488 0.404613 0.000569
vn 0.611374 0.791342 0.000375
vn 0.611374 0.791342 0.000375
vn 0.914488 0.404613 0.000569
vn 0.914364 0.404894 0.000000
vn 0.610904 0.791704 0.000000
vn 0.281595 0.959533 0.000168
vn 0.611374 0.791342 0.000375
vn 0.610904 0.791704 0.000000
vn 0.281173 0.959657 0.000000
vn 0.000000 -1.000000 0.000000
vn 0.003466 -0.999994 0.000000
vn 0.003478 -0.999994 0.000001
vn 0.000000 -1.000000 0.000000
vn 0.003466 -0.999994 0.000000
vn 0.021163 -0.999776 0.000000
vn 0.021225 -0.999775 0.000010
vn 0.003478 -0.999994 0.000001
vn 0.003478 -0.999994 0.000001
vn 0.021225 -0.999775 0.000010
vn 0.021465 -0.999770 0.000046
vn 0.003527 -0.999994 0.000005
vn 0.000000 -1.000000 0.000000
vn 0.003478 -0.999994 0.000001
vn 0.003527 -0.999994 0.000005
vn 0.000000 -1.000000 0.000000
vn 0.021163 -0.999776 0.000000
vn 0.077696 -0.996977 0.000000
vn 0.077883 -0.996962 0.000044
vn 0.021225 -0.999775 0.000010
vn 0.077696 -0.996977 0.000000
vn 0.228210 -0.973612 0.000000
vn 0.228569 -0.973528 0.000136
vn 0.077883 -0.996962 0.000044
vn 0.077883 -0.996962 0.000044
vn 0.228569 -0.973528 0.000136
vn 0.229561 -0.973294 0.000600
vn 0.078510 -0.996913 0.000194
vn 0.021225 -0.999775 0.000010
vn 0.077883 -0.996962 0.000044
vn 0.078510 -0.996913 0.000194
vn 0.021465 -0.999770 0.000046
vn 0.021465 -0.999770 0.000046
vn 0.078510 -0.996913 0.000194
vn 0.079812 -0.996810 0.000526
vn 0.022025 -0.999757 0.000125
vn 0.078510 -0.996913 0.000194
vn 0.229561 -0.973294 0.000600
vn 0.231277 -0.972887 0.001613
vn 0.079812 -0.996810 0.000526
vn 0.079812 -0.996810 0.000526
vn 0.231277 -0.972887 0.001613
vn 0.234261 -0.972166 0.003931
vn 0.082203 -0.996615 0.001299
vn 0.022025 -0.999757 0.000125
vn 0.079812 -0.996810 0.000526
vn 0.082203 -0.996615 0.001299
vn 0.023118 -0.999733 0.000313
vn 0.000000 -1.000000 0.000000
vn 0.003527 -0.999994 0.000005
vn 0.003648 -0.999993 0.000015
vn 0.000000 -1.000000 0.000000
vn 0.003527 -0.999994 0.000005
vn 0.021465 -0.999770 0.000046
vn 0.022025 -0.999757 0.000125
vn 0.003648 -0.999993 0.000015
vn 0.003648 -0.999993 0.000015
vn 0.022025 -0.999757 0.000125
vn 0.023118 -0.999733 0.000313
vn 0.003887 -0.999992 0.000038
vn 0.000000 -1.000000 0.000000
vn 0.003648 -0.999993 0.000015
vn 0.003887 -0.999992 0.000038
vn 0.000000 -1.000000 0.000000
vn 0.000000 -1.000000 0.000000
vn 0.000000 -1.000000 0.000000
vn 0.000000 -1.000000 0.000000
vn 0.000000 -1.000000 0.000000
vn 0.000000 -1.000000 0.000000
vn 0.000000 -1.000000 0.000000
vn 0.000000 -1.000000 0.000000
vn 0.000000 -1.000000 0.000000
vn 0.000000 -1.000000 0.000000
vn 0.000000 -1.000000 0.000000
vn 0.000000 -1.000000 0.000000
vn 0.000000 -1.000000 0.000000
vn 0.000000 -1.000000 0.000000
vn 0.000000 -1.000000 0.000000
vn 0.000000 -1.000000 0.000000
vn 0.000000 -1.000000 0.000000
vn 0.000000 -1.000000 0.000000
vn 0.000000 -1.000000 0.000000
vn 0.000000 -1.000000 0.000000
vn 0.000000 -1.000000 0.000000
vn 0.000000 -1.000000 0.000000
vn 0.000000 -1.000000 0.000000
vn 0.000000 -1.000000 0.000000
vn 0.000000 -1.000000 0.000000
vn 0.000000 -1.000000 0.000000
vn 0.000000 -1.000000 0.000000
vn 0.000000 -1.000000 0.000000
vn 0.000000 -1.000000 0.000000
vn 0.000000 -1.000000 0.000000
vn 0.000000 -1.000000 0.000000
vn 0.000000 -1.000000 0.000000
vn 0.000000 -1.000000 0.000000
vn 0.000000 -1.000000 0.000000
vn 0.000000 -1.000000 0.000000
vn 0.000000 -1.000000 0.000000
vn 0.000000 -1.000000 0.000000
vn 0.000000 -1.000000 0.000000
vn 0.000000 -1.000000 0.000000
vn 0.000000 -1.000000 0.000000
vn 0.000000 -1.000000 0.000000
vn 0.000000 -1.000000 0.000000
vn 0.000000 -1.000000 0.000000
vn 0.000000 -1.000000 0.000000
vn 0.000000 -1.000000 0.000000
vn 0.000000 -1.000000 0.000000
vn 0.000000 -1.000000 0.000000
vn 0.000000 -1.000000 0.000000
vn 0.000000 -1.000000 0.000000
vn 0.000000 -1.000000 0.000000
vn 0.000000 -1.000000 0.000000
vn 0.000000 -1.000000 0.000000
vn 0.000000 -1.000000 0.000000
vn 0.000000 -1.000000 0.000000
vn 0.000000 -1.000000 0.000000
vn 0.000000 -1.000000 0.000000
vn 0.000000 -1.000000 0.000000
vn 0.000000 -1.000000 0.000000
vn 0.000000 -1.000000 0.000000
vn 0.000000 -1.000000 0.000000
vn 0.000000 -1.000000 0.000000
vn 0.000000 -1.000000 0.000000
vn 0.000000 -1.000000 0.000000
vn 0.000000 -1.000000 0.000000
vn 0.000000 -1.000000 0.000000
vn 0.000000 -1.000000 0.000000
vn 0.000000 -1.000000 0.000000
vn 0.000000 -1.000000 0.000000
vn 0.000000 -1.000000 0.000000
vn 0.000000 -1.000000 0.000000
vn 0.000000 -1.000000 0.000000
vn 0.000000 -1.000000 0.000000
vn 0.000000 -1.000000 0.000000
vn 0.000000 -1.000000 0.000000
vn 0.000000 -1.000000 0.000000
vn 0.000000 -1.000000 0.000000
vn 0.000000 -1.000000 0.000000
vn 0.000000 -1.000000 0.000000
vn 0.000000 -1.000000 0.000000
vn 0.000000 -1.000000 0.000000
vn 0.000000 -1.000000 0.000000
vn 0.000000 -1.000000 0.000000
vn 0.000000 -1.000000 0.000000
vn 0.000000 -1.000000 0.000000
vn 0.000000 -1.000000 0.000000
vn 0.000000 -1.000000 0.000000
vn 0.000000 -1.000000 0.000000
vn 0.000000 -1.000000 0.000000
vn 0.000000 -1.000000 0.000000
vn 0.000000 -1.000000 0.000000
vn 0.000000 -1.000000 0.000000
vn 0.000000 -1.000000 0.000000
vn 0.000000 -1.000000 0.000000
vn 0.000000 -1.000000 0.000000
vn 0.000000 -1.000000 0.000000
vn 0.000000 -1.000000 0.000000
vn 0.000000 -1.000000 0.000000
vn 0.000000 -1.000000 0.000000
vn 0.000000 -1.000000 0.000000
vn 0.000000 -1.000000 0.000000
vn 0.000000 -1.000000 0.000000
vn 0.000000 -1.000000 0.000000
vn 0.000000 -1.000000 0.000000
vn 0.000000 -1.000000 0.000000
vn 0.000000 -1.000000 0.000000
vn 0.000000 -1.000000 0.000000
vn 0.000000 -1.000000 0.000000
vn 0.000000 -1.000000 0.000000
vn 0.000000 -1.000000 0.000000
vn 0.000000 -1.000000 0.000000
vn 0.000000 -1.000000 0.000000
vn 0.000000 -1.000000 0.000000
vn 0.000000 -1.000000 0.000000
vn 0.000000 -1.000000 0.000000
vn 0.000000 -1.000000 0.000000
vn 0.000000 -1.000000 0.000000
vn 0.000000 -1.000000 0.000000
vn 0.000000 -1.000000 0.000000
vn 0.000000 -1.000000 0.000000
vn 0.000000 -1.000000 0.000000
vn 0.000000 -1.000000 0.000000
vn 0.000000 -1.000000 0.000000
vn 0.000000 -1.000000 0.000000
vn 0.000000 -1.000000 0.000000
vn 0.000000 -1.000000 0.000000
vn 0.000000 -1.000000 0.000000
vn 0.000000 -1.000000 0.000000
vn 0.000000 -1.000000 0.000000
vn 0.000000 -1.000000 0.000000
vn 0.000000 -1.000000 0.000000
vn 0.000000 -1.000000 0.000000
vn 0.000000 -1.000000 0.000000
vn 0.000000 -1.000000 0.000000
vn 0.000000 -1.000000 0.000000
vn 0.000000 -1.000000 0.000000
vn 0.000000 -1.000000 0.000000
vn 0.000000 -1.000000 0.000000
vn 0.000000 -1.000000 0.000000
vn 0.000000 -1.000000 0.000000
vn 0.000000 -1.000000 0.000000
vn 0.000000 -1.000000 0.000000
vn 0.000000 -1.000000 0.000000
vn 0.000000 -1.000000 0.000000
vn 0.000000 -1.000000 0.000000
vn 0.000000 -1.000000 0.000000
vn 0.000000 -1.000000 0.000000
vn 0.000000 -1.000000 0.000000
vn 0.000000 -1.000000 0.000000
vn 0.000000 -1.000000 0.000000
vn 0.000000 -1.000000 0.000000
vn 0.000000 -1.000000 0.000000
vn 0.000000 -1.000000 0.000000
vn 0.000000 -1.000000 0.000000
vn 0.000000 -1.000000 0.000000
vn 0.000000 -1.000000 0.000000
vn 0.000000 -1.000000 0.000000
vn 0.000000 -1.000000 0.000000
vn 0.000000 -1.000000 0.000000
vn 0.000000 -1.000000 0.000000
vn 0.000000 -1.000000 0.000000
vn 0.000000 -1.000000 0.000000
vn 0.000000 -1.000000 0.000000
vn 0.000000 -1.000000 0.000000
vn 0.000000 -1.000000 0.000000
vn 0.000000 -1.000000 0.000000
vn 0.000000 -1.000000 0.000000
vn 0.000000 -1.000000 0.000000
vn 0.000000 -1.000000 0.000000
vn 0.000000 -1.000000 0.000000
vn 0.000000 -1.000000 0.000000
vn 0.000000 -1.000000 0.000000
vn 0.000000 -1.000000 0.000000
vn 0.000000 -1.000000 0.000000
vn 0.000000 -1.000000 0.000000
vn 0.000000 -1.000000 0.000000
vn 0.000000 -1.000000 0.000000
vn 0.000000 -1.000000 0.000000
vn 0.000000 -1.000000 0.000000
vn 0.000000 -1.000000 0.000000
vn 0.000000 -1.000000 0.000000
vn 0.000000 -1.000000 0.000000
vn 0.000000 -1.000000 0.000000
vn 0.000000 -1.000000 0.000000
vn 0.000000 -1.000000 0.000000
vn 0.000000 -1.000000 0.000000
vn 0.000000 -1.000000 0.000000
vn 0.000000 -1.000000 0.000000
vn 0.000000 -1.000000 0.000000
vn 0.000000 -1.000000 0.000000
vn 0.000000 -1.000000 0.000000
vn 0.000000 -1.000000 0.000000
vn 0.000000 -1.000000 0.000000
vn 0.000000 -1.000000 0.000000
vn 0.000000 -1.000000 0.000000
vn 0.000000 -1.000000 0.000000
vn 0.000000 -1.000000 0.000000
vn 0.000000 -1.000000 0.000000
vn 0.000000 -1.000000 0.000000
vn 0.000000 -1.000000 0.000000
vn 0.000000 -1.000000 0.000000
vn 0.000000 -1.000000 0.000000
vn 0.000000 -1.000000 0.000000
vn 0.000000 -1.000000 0.000000
vn 0.000000 -1.000000 0.000000
vn 0.000000 -1.000000 0.000000
vn 0.000000 -1.000000 0.000000
vn 0.000000 -1.000000 0.000000
vn 0.000000 -1.000000 0.000000
vn 0.000000 -1.000000 0.000000
vn 0.000000 -1.000000 0.000000
vn 0.000000 -1.000000 0.000000
vn 0.000000 -1.000000 0.000000
vn 0.000000 -1.000000 0.000000
vn 0.000000 -1.000000 0.000000
vn 0.000000 -1.000000 0.000000
vn 0.000000 -1.000000 0.000000
vn 0.000000 -1.000000 0.000000
vn 0.000000 -1.000000 0.000000
vn 0.000000 -1.000000 0.000000
vn 0.000000 -1.000000 0.000000
vn 0.000000 -1.000000 0.000000
vn 0.000000 -1.000000 0.000000
vn 0.000000 -1.000000 0.000000
vn 0.000000 -1.000000 0.000000
vn 0.000000 -1.000000 0.000000
vn 0.000000 -1.000000 0.000000
vn 0.000000 -1.000000 0.000000
vn 0.000000 -1.000000 0.000000
vn 0.000000 -1.000000 0.000000
vn 0.000000 -1.000000 0.000000
vn 0.000000 -1.000000 0.000000
vn 0.000000 -1.000000 0.000000
vn 0.000000 -1.000000 0.000000
vn 0.000000 -1.000000 0.000000
vn 0.000000 -1.000000 0.000000
vn 0.000000 -1.000000 0.000000
vn 0.000000 -1.000000 0.000000
vn 0.000000 -1.000000 0.000000
vn 0.000000 -1.000000 0.000000
vn 0.000000 -1.000000 0.000000
vn 0.000000 -1.000000 0.000000
vn 0.000000 -1.000000 0.000000
vn 0.000000 -1.000000 0.000000
vn 0.000000 -1.000000 0.000000
vn 0.000000 -1.000000 0.000000
vn 0.000000 -1.000000 0.000000
vn 0.000000 -1.000000 0.000000
vn 0.000000 -1.000000 0.000000
vn 0.000000 -1.000000 0.000000
vn 0.000000 -1.000000 0.000000
vn 0.000000 -1.000000 0.000000
vn 0.000000 -1.000000 0.000000
vn 0.000000 -1.000000 0.000000
vn 0.000000 -1.000000 0.000000
vn 0.000000 -1.000000 0.000000
vn 0.000000 -1.000000 0.000000
vn 0.000000 -1.000000 0.000000
vn -0.234262 -0.972166 0.003931
vn -0.231281 -0.972886 0.001613
vn -0.079813 -0.996810 0.000526
vn -0.082205 -0.996615 0.001299
vn -0.231281 -0.972886 0.001613
vn -0.229560 -0.973294 0.000600
vn -0.078510 -0.996913 0.000194
vn -0.079813 -0.996810 0.000526
vn -0.079813 -0.996810 0.000526
vn -0.078510 -0.996913 0.000194
vn -0.021465 -0.999770 0.000046
vn -0.022025 -0.999757 0.000125
vn -0.082205 -0.996615 0.001299
vn -0.079813 -0.996810 0.000526
vn -0.022025 -0.999757 0.000125
vn -0.023118 -0.999733 0.000313
vn -0.229560 -0.973294 0.000600
vn -0.228569 -0.973528 0.000136
vn -0.077884 -0.996962 0.000044
vn -0.078510 -0.996913 0.000194
vn -0.228569 -0.973528 0.000136
vn -0.228212 -0.973612 0.000000
vn -0.077697 -0.996977 0.000000
vn -0.077884 -0.996962 0.000044
vn -0.077884 -0.996962 0.000044
vn -0.077697 -0.996977 0.000000
vn -0.021163 -0.999776 0.000000
vn -0.021225 -0.999775 0.000010
vn -0.078510 -0.996913 0.000194
vn -0.077884 -0.996962 0.000044
vn -0.021225 -0.999775 0.000010
vn -0.021465 -0.999770 0.000046
vn -0.021465 -0.999770 0.000046
vn -0.021225 -0.999775 0.000010
vn -0.003478 -0.999994 0.000001
vn -0.003527 -0.999994 0.000005
vn -0.021225 -0.999775 0.000010
vn -0.021163 -0.999776 0.000000
vn -0.003466 -0.999994 0.000000
vn -0.003478 -0.999994 0.000001
vn -0.003478 -0.999994 0.000001
vn -0.003466 -0.999994 0.000000
vn 0.000000 -1.000000 0.000000
vn 0.000000 -1.000000 0.000000
vn -0.003527 -0.999994 0.000005
vn -0.003478 -0.999994 0.000001
vn 0.000000 -1.000000 0.000000
vn 0.000000 -1.000000 0.000000
vn -0.023118 -0.999733 0.000313
vn -0.022025 -0.999757 0.000125
vn -0.003648 -0.999993 0.000015
vn -0.003887 -0.999992 0.000038
vn -0.022025 -0.999757 0.000125
vn -0.021465 -0.999770 0.000046
vn -0.003527 -0.999994 0.000005
vn -0.003648 -0.999993 0.000015
vn -0.003648 -0.999993 0.000015
vn -0.003527 -0.999994 0.000005
vn 0.000000 -1.000000 0.000000
vn 0.000000 -1.000000 0.000000
vn -0.003887 -0.999992 0.000038
vn -0.003648 -0.999993 0.000015
vn 0.000000 -1.000000 0.000000
vn 0.000000 -1.000000 0.000000
vn -0.281173 0.959657 0.000000
vn -0.610901 0.791707 0.000000
vn -0.611371 0.791344 0.000375
vn -0.281597 0.959533 0.000168
vn -0.610901 0.791707 0.000000
vn -0.914367 0.404887 0.000000
vn -0.914487 0.404614 0.000569
vn -0.611371 0.791344 0.000375
vn -0.611371 0.791344 0.000375
vn -0.914487 0.404614 0.000569
vn -0.914795 0.403912 0.002500
vn -0.612666 0.790340 0.001648
vn -0.281597 0.959533 0.000168
vn -0.611371 0.791344 0.000375
vn -0.612666 0.790340 0.001648
vn -0.282758 0.959191 0.000740
vn -0.914367 0.404887 0.000000
vn -0.995860 0.090903 0.000000
vn -0.995863 0.090865 0.000616
vn -0.914487 0.404614 0.000569
vn -0.995860 0.090903 0.000000
vn -1.000000 -0.000006 0.000000
vn -1.000000 -0.000013 0.000612
vn -0.995863 0.090865 0.000616
vn -0.995863 0.090865 0.000616
vn -1.000000 -0.000013 0.000612
vn -0.999996 -0.000004 0.002681
vn -0.995863 0.090825 0.002700
vn -0.914487 0.404614 0.000569
vn -0.995863 0.090865 0.000616
vn -0.995863 0.090825 0.002700
vn -0.914795 0.403912 0.002500
vn -0.914795 0.403912 0.002500
vn -0.995863 0.090825 0.002700
vn -0.995841 0.090820 0.007237
vn -0.915260 0.402807 0.006708
vn -0.995863 0.090825 0.002700
vn -0.999996 -0.000004 0.002681
vn -0.999974 0.000000 0.007177
vn -0.995841 0.090820 0.007237
vn -0.995841 0.090820 0.007237
vn -0.999974 0.000000 0.007177
vn -0.999849 0.000008 0.017364
vn -0.995703 0.090924 0.017562
vn -0.915260 0.402807 0.006708
vn -0.995841 0.090820 0.007237
vn -0.995703 0.090924 0.017562
vn -0.915868 0.401148 0.016316
vn -0.282758 0.959191 0.000740
vn -0.612666 0.790340 0.001648
vn -0.614865 0.788620 0.004425
vn -0.284768 0.958594 0.001991
vn -0.612666 0.790340 0.001648
vn -0.914795 0.403912 0.002500
vn -0.915260 0.402807 0.006708
vn -0.614865 0.788620 0.004425
vn -0.614865 0.788620 0.004425
vn -0.915260 0.402807 0.006708
vn -0.915868 0.401148 0.016316
vn -0.618527 0.785690 0.010766
vn -0.284768 0.958594 0.001991
vn -0.614865 0.788620 0.004425
vn -0.618527 0.785690 0.010766
vn -0.288251 0.957543 0.004849
vn -0.999849 0.000008 0.017364
vn -0.999108 0.000013 0.042232
vn -0.999108 -0.000006 0.042231
vn -0.999849 0.000010 0.017364
vn -0.999108 0.000013 0.042232
vn -0.994866 0.000000 0.101199
vn -0.994866 -0.000033 0.101198
vn -0.999108 -0.000006 0.042231
vn -0.999108 -0.000006 0.042231
vn -0.994866 -0.000033 0.101198
vn -0.994866 -0.000008 0.101197
vn -0.999108 -0.000016 0.042230
vn -0.999849 0.000010 0.017364
vn -0.999108 -0.000006 0.042231
vn -0.999108 -0.000016 0.042230
vn -0.999849 -0.000007 0.017363
vn -0.994866 0.000000 0.101199
vn -0.973187 -0.000003 0.230017
vn -0.973185 -0.000012 0.230023
vn -0.994866 -0.000033 0.101198
vn -0.973187 -0.000003 0.230017
vn -0.923879 -0.000004 0.382685
vn -0.923879 0.000019 0.382685
vn -0.973185 -0.000012 0.230023
vn -0.973185 -0.000012 0.230023
vn -0.923879 0.000019 0.382685
vn -0.923879 0.000001 0.382685
vn -0.973185 0.000003 0.230024
vn -0.994866 -0.000033 0.101198
vn -0.973185 -0.000012 0.230023
vn -0.973185 0.000003 0.230024
vn -0.994866 -0.000008 0.101197
vn -0.994866 -0.000008 0.101197
vn -0.973185 0.000003 0.230024
vn -0.973185 0.000014 0.230023
vn -0.994866 0.000026 0.101200
vn -0.973185 0.000003 0.230024
vn -0.923879 0.000001 0.382685
vn -0.923879 -0.000019 0.382684
vn -0.973185 0.000014 0.230023
vn -0.973185 0.000014 0.230023
vn -0.923879 -0.000019 0.382684
vn -0.923879 -0.000001 0.382685
vn -0.973186 -0.000003 0.230018
vn -0.994866 0.000026 0.101200
vn -0.973185 0.000014 0.230023
vn -0.973186 -0.000003 0.230018
vn -0.994866 0.000000 0.101199
vn -0.999849 -0.000007 0.017363
vn -0.999108 -0.000016 0.042230
vn -0.999108 0.000002 0.042231
vn -0.999849 -0.000010 0.017364
vn -0.999108 -0.000016 0.042230
vn -0.994866 -0.000008 0.101197
vn -0.994866 0.000026 0.101200
vn -0.999108 0.000002 0.042231
vn -0.999108 0.000002 0.042231
vn -0.994866 0.000026 0.101200
vn -0.994866 0.000000 0.101199
vn -0.999108 0.000012 0.042232
vn -0.999849 -0.000010 0.017364
vn -0.999108 0.000002 0.042231
vn -0.999108 0.000012 0.042232
vn -0.999849 0.000008 0.017364
vn -0.923879 -0.000004 0.382685
vn -0.881692 -0.000007 0.471825
vn -0.881692 -0.000006 0.471825
vn -0.923879 0.000019 0.382685
vn -0.881692 -0.000007 0.471825
vn -0.831470 -0.000005 0.555569
vn -0.831472 -0.000011 0.555567
vn -0.881692 -0.000006 0.471825
vn -0.881692 -0.000006 0.471825
vn -0.831472 -0.000011 0.555567
vn -0.831470 -0.000002 0.555569
vn -0.881694 0.000000 0.471821
vn -0.923879 0.000019 0.382685
vn -0.881692 -0.000006 0.471825
vn -0.881694 0.000000 0.471821
vn -0.923879 0.000001 0.382685
vn -0.831470 -0.000005 0.555569
vn -0.773319 -0.000005 0.634017
vn -0.773319 0.000003 0.634018
vn -0.831472 -0.000011 0.555567
vn -0.773319 -0.000005 0.634017
vn -0.707106 0.000002 0.707107
vn -0.707106 0.000007 0.707107
vn -0.773319 0.000003 0.634018
vn -0.773319 0.000003 0.634018
vn -0.707106 0.000007 0.707107
vn -0.707107 -0.000002 0.707107
vn -0.773317 -0.000001 0.634020
vn -0.831472 -0.000011 0.555567
vn -0.773319 0.000003 0.634018
vn -0.773317 -0.000001 0.634020
vn -0.831470 -0.000002 0.555569
vn -0.831470 -0.000002 0.555569
vn -0.773317 -0.000001 0.634020
vn -0.773318 -0.000008 0.634018
vn -0.831471 0.000008 0.555568
vn -0.773317 -0.000001 0.634020
vn -0.707107 -0.000002 0.707107
vn -0.707107 -0.000007 0.707106
vn -0.773318 -0.000008 0.634018
vn -0.773318 -0.000008 0.634018
vn -0.707107 -0.000007 0.707106
vn -0.707107 0.000002 0.707106
vn -0.773319 -0.000004 0.634017
vn -0.831471 0.000008 0.555568
vn -0.773318 -0.000008 0.634018
vn -0.773319 -0.000004 0.634017
vn -0.831471 -0.000003 0.555568
vn -0.923879 0.000001 0.382685
vn -0.881694 0.000000 0.471821
vn -0.881693 0.000009 0.471824
vn -0.923879 -0.000019 0.382684
vn -0.881694 0.000000 0.471821
vn -0.831470 -0.000002 0.555569
vn -0.831471 0.000008 0.555568
vn -0.881693 0.000009 0.471824
vn -0.881693 0.000009 0.471824
vn -0.831471 0.000008 0.555568
vn -0.831471 -0.000003 0.555568
vn -0.881692 0.000000 0.471825
vn -0.923879 -0.000019 0.382684
vn -0.881693 0.000009 0.471824
vn -0.881692 0.000000 0.471825
vn -0.923879 -0.000001 0.382685
vn -0.707106 0.000002 0.707107
vn -0.634020 0.000003 0.773317
vn -0.634022 0.000004 0.773315
vn -0.707106 0.000007 0.707107
vn -0.634020 0.000003 0.773317
vn -0.555568 0.000001 0.831471
vn -0.555568 -0.000010 0.831471
vn -0.634022 0.000004 0.773315
vn -0.634022 0.000004 0.773315
vn -0.555568 -0.000010 0.831471
vn -0.555571 -0.000001 0.831469
vn -0.634021 -0.000002 0.773316
vn -0.707106 0.000007 0.707107
vn -0.634022 0.000004 0.773315
vn -0.634021 -0.000002 0.773316
vn -0.707107 -0.000002 0.707107
vn -0.555568 0.000001 0.831471
vn -0.471825 0.000008 0.881692
vn -0.471823 -0.000017 0.881693
vn -0.555568 -0.000010 0.831471
vn -0.471825 0.000008 0.881692
vn -0.382685 0.000010 0.923879
vn -0.382686 -0.000007 0.923878
vn -0.471823 -0.000017 0.881693
vn -0.471823 -0.000017 0.881693
vn -0.382686 -0.000007 0.923878
vn -0.382682 -0.000008 0.923880
vn -0.471823 -0.000007 0.881693
vn -0.555568 -0.000010 0.831471
vn -0.471823 -0.000017 0.881693
vn -0.471823 -0.000007 0.881693
vn -0.555571 -0.000001 0.831469
vn -0.555571 -0.000001 0.831469
vn -0.471823 -0.000007 0.881693
vn -0.471823 0.000016 0.881693
vn -0.555571 0.000010 0.831469
vn -0.471823 -0.000007 0.881693
vn -0.382682 -0.000008 0.923880
vn -0.382683 0.000007 0.923880
vn -0.471823 0.000016 0.881693
vn -0.471823 0.000016 0.881693
vn -0.382683 0.000007 0.923880
vn -0.382683 0.000009 0.923880
vn -0.471824 0.000008 0.881693
vn -0.555571 0.000010 0.831469
vn -0.471823 0.000016 0.881693
vn -0.471824 0.000008 0.881693
vn -0.555568 0.000003 0.831471
vn -0.707107 -0.000002 0.707107
vn -0.634021 -0.000002 0.773316
vn -0.634022 -0.000004 0.773315
vn -0.707107 -0.000007 0.707106
vn -0.634021 -0.000002 0.773316
vn -0.555571 -0.000001 0.831469
vn -0.555571 0.000010 0.831469
vn -0.634022 -0.000004 0.773315
vn -0.634022 -0.000004 0.773315
vn -0.555571 0.000010 0.831469
vn -0.555568 0.000003 0.831471
vn -0.634020 0.000004 0.773317
vn -0.707107 -0.000007 0.707106
vn -0.634022 -0.000004 0.773315
vn -0.634020 0.000004 0.773317
vn -0.707107 0.000002 0.707106
vn -0.382685 0.000010 0.923879
vn -0.222386 0.000008 0.974959
vn -0.222384 0.000000 0.974959
vn -0.382686 -0.000007 0.923878
vn -0.222386 0.000008 0.974959
vn -0.093433 -0.000002 0.995626
vn -0.093435 -0.000005 0.995625
vn -0.222384 0.000000 0.974959
vn -0.222384 0.000000 0.974959
vn -0.093435 -0.000005 0.995625
vn -0.093435 0.000002 0.995625
vn -0.222387 -0.000007 0.974958
vn -0.382686 -0.000007 0.923878
vn -0.222384 0.000000 0.974959
vn -0.222387 -0.000007 0.974958
vn -0.382682 -0.000008 0.923880
vn -0.093433 -0.000002 0.995626
vn -0.037992 -0.000008 0.999278
vn -0.037992 -0.000003 0.999278
vn -0.093435 -0.000005 0.995625
vn -0.037992 -0.000008 0.999278
vn -0.015411 -0.000003 0.999881
vn -0.015411 0.000000 0.999881
vn -0.037992 -0.000003 0.999278
vn -0.037992 -0.000003 0.999278
vn -0.015411 0.000000 0.999881
vn -0.015411 0.000003 0.999881
vn -0.037992 0.000006 0.999278
vn -0.093435 -0.000005 0.995625
vn -0.037992 -0.000003 0.999278
vn -0.037992 0.000006 0.999278
vn -0.093435 0.000002 0.995625
vn -0.093435 0.000002 0.995625
vn -0.037992 0.000006 0.999278
vn -0.037992 0.000003 0.999278
vn -0.093435 0.000005 0.995625
vn -0.037992 0.000006 0.999278
vn -0.015411 0.000003 0.999881
vn -0.015411 0.000000 0.999881
vn -0.037992 0.000003 0.999278
vn -0.037992 0.000003 0.999278
vn -0.015411 0.000000 0.999881
vn -0.015411 0.000001 0.999881
vn -0.037992 -0.000007 0.999278
vn -0.093435 0.000005 0.995625
vn -0.037992 0.000003 0.999278
vn -0.037992 -0.000007 0.999278
vn -0.093435 -0.000002 0.995625
vn -0.382682 -0.000008 0.923880
vn -0.222387 -0.000007 0.974958
vn -0.222386 0.000000 0.974959
vn -0.382683 0.000007 0.923880
vn -0.222387 -0.000007 0.974958
vn -0.093435 0.000002 0.995625
vn -0.093435 0.000005 0.995625
vn -0.222386 0.000000 0.974959
vn -0.222386 0.000000 0.974959
vn -0.093435 0.000005 0.995625
vn -0.093435 -0.000002 0.995625
vn -0.222386 0.000008 0.974959
vn -0.382683 0.000007 0.923880
vn -0.222386 0.000000 0.974959
vn -0.222386 0.000008 0.974959
vn -0.382683 0.000009 0.923880
vn 0.000000 0.000007 1.000000
vn -0.000537 0.000000 1.000000
vn -0.000538 0.000017 1.000000
vn 0.000000 0.000023 1.000000
vn -0.000537 0.000000 1.000000
vn -0.002358 -0.000004 0.999997
vn -0.002358 0.000000 0.999997
vn -0.000538 0.000017 1.000000
vn -0.000538 0.000017 1.000000
vn -0.002358 0.000000 0.999997
vn -0.002358 0.000006 0.999997
vn -0.000538 0.000000 1.000000
vn 0.000000 0.000023 1.000000
vn -0.000538 0.000017 1.000000
vn -0.000538 0.000000 1.000000
vn 0.000000 -0.000006 1.000000
vn -0.002358 -0.000004 0.999997
vn -0.006329 0.000003 0.999980
vn -0.006330 -0.000004 0.999980
vn -0.002358 0.000000 0.999997
vn -0.006329 0.000003 0.999980
vn -0.015411 0.000001 0.999881
vn -0.015411 0.000000 0.999881
vn -0.006330 -0.000004 0.999980
vn -0.006330 -0.000004 0.999980
vn -0.015411 0.000000 0.999881
vn -0.015411 0.000003 0.999881
vn -0.006330 0.000004 0.999980
vn -0.002358 0.000000 0.999997
vn -0.006330 -0.000004 0.999980
vn -0.006330 0.000004 0.999980
vn -0.002358 0.000006 0.999997
vn -0.002358 0.000006 0.999997
vn -0.006330 0.000004 0.999980
vn -0.006330 0.000004 0.999980
vn -0.002358 0.000000 0.999997
vn -0.006330 0.000004 0.999980
vn -0.015411 0.000003 0.999881
vn -0.015411 0.000000 0.999881
vn -0.006330 0.000004 0.999980
vn -0.006330 0.000004 0.999980
vn -0.015411 0.000000 0.999881
vn -0.015411 -0.000003 0.999881
vn -0.006329 -0.000004 0.999980
vn -0.002358 0.000000 0.999997
vn -0.006330 0.000004 0.999980
vn -0.006329 -0.000004 0.999980
vn -0.002358 -0.000008 0.999997
vn 0.000000 -0.000006 1.000000
vn -0.000538 0.000000 1.000000
vn -0.000537 -0.000017 1.000000
vn 0.000000 -0.000024 1.000000
vn -0.000538 0.000000 1.000000
vn -0.002358 0.000006 0.999997
vn -0.002358 0.000000 0.999997
vn -0.000537 -0.000017 1.000000
vn -0.000537 -0.000017 1.000000
vn -0.002358 0.000000 0.999997
vn -0.002358 -0.000008 0.999997
vn -0.000537 0.000000 1.000000
vn 0.000000 -0.000024 1.000000
vn -0.000537 -0.000017 1.000000
vn -0.000537 0.000000 1.000000
vn 0.000000 0.000008 1.000000
vn 0.015411 0.000000 0.999881
vn 0.006330 -0.000004 0.999980
vn 0.006330 0.000006 0.999980
vn 0.015411 0.000004 0.999881
vn 0.006330 -0.000004 0.999980
vn 0.002358 -0.000007 0.999997
vn 0.002358 0.000006 0.999997
vn 0.006330 0.000006 0.999980
vn 0.006330 0.000006 0.999980
vn 0.002358 0.000006 0.999997
vn 0.002358 0.000006 0.999997
vn 0.006329 0.000004 0.999980
vn 0.015411 0.000004 0.999881
vn 0.006330 0.000006 0.999980
vn 0.006329 0.000004 0.999980
vn 0.015411 0.000000 0.999881
vn 0.002358 -0.000007 0.999997
vn 0.000537 0.000000 1.000000
vn 0.000538 0.000013 1.000000
vn 0.002358 0.000006 0.999997
vn 0.000537 0.000000 1.000000
vn 0.000000 0.000007 1.000000
vn 0.000000 0.000023 1.000000
vn 0.000538 0.000013 1.000000
vn 0.000538 0.000013 1.000000
vn 0.000000 0.000023 1.000000
vn 0.000000 -0.000006 1.000000
vn 0.000538 0.000000 1.000000
vn 0.002358 0.000006 0.999997
vn 0.000538 0.000013 1.000000
vn 0.000538 0.000000 1.000000
vn 0.002358 0.000006 0.999997
vn 0.002358 0.000006 0.999997
vn 0.000538 0.000000 1.000000
vn 0.000537 -0.000010 1.000000
vn 0.002358 0.000000 0.999997
vn 0.000538 0.000000 1.000000
vn 0.000000 -0.000006 1.000000
vn 0.000000 -0.000024 1.000000
vn 0.000537 -0.000010 1.000000
vn 0.000537 -0.000010 1.000000
vn 0.000000 -0.000024 1.000000
vn 0.000000 0.000008 1.000000
vn 0.000537 0.000000 1.000000
vn 0.002358 0.000000 0.999997
vn 0.000537 -0.000010 1.000000
vn 0.000537 0.000000 1.000000
vn 0.002358 -0.000008 0.999997
vn 0.015411 0.000000 0.999881
vn 0.006329 0.000004 0.999980
vn 0.006330 -0.000003 0.999980
vn 0.015411 -0.000004 0.999881
vn 0.006329 0.000004 0.999980
vn 0.002358 0.000006 0.999997
vn 0.002358 0.000000 0.999997
vn 0.006330 -0.000003 0.999980
vn 0.006330 -0.000003 0.999980
vn 0.002358 0.000000 0.999997
vn 0.002358 -0.000008 0.999997
vn 0.006330 -0.000004 0.999980
vn 0.015411 -0.000004 0.999881
vn 0.006330 -0.000003 0.999980
vn 0.006330 -0.000004 0.999980
vn 0.015411 0.000000 0.999881
vn 0.015411 0.000000 0.999881
vn 0.037992 0.000003 0.999278
vn 0.037992 -0.000004 0.999278
vn 0.015411 -0.000004 0.999881
vn 0.037992 0.000003 0.999278
vn 0.093436 0.000007 0.995625
vn 0.093437 -0.000010 0.995625
vn 0.037992 -0.000004 0.999278
vn 0.037992 -0.000004 0.999278
vn 0.093437 -0.000010 0.995625
vn 0.093435 -0.000006 0.995625
vn 0.037992 -0.000002 0.999278
vn 0.015411 -0.000004 0.999881
vn 0.037992 -0.000004 0.999278
vn 0.037992 -0.000002 0.999278
vn 0.015411 0.000000 0.999881
vn 0.093436 0.000007 0.995625
vn 0.222384 0.000004 0.974959
vn 0.222385 -0.000004 0.974959
vn 0.093437 -0.000010 0.995625
vn 0.222384 0.000004 0.974959
vn 0.382682 0.000000 0.923880
vn 0.382684 -0.000008 0.923880
vn 0.222385 -0.000004 0.974959
vn 0.222385 -0.000004 0.974959
vn 0.382684 -0.000008 0.923880
vn 0.382682 0.000000 0.923880
vn 0.222388 -0.000004 0.974958
vn 0.093437 -0.000010 0.995625
vn 0.222385 -0.000004 0.974959
vn 0.222388 -0.000004 0.974958
vn 0.093435 -0.000006 0.995625
vn 0.093435 -0.000006 0.995625
vn 0.222388 -0.000004 0.974958
vn 0.222385 0.000004 0.974959
vn 0.093435 0.000010 0.995625
vn 0.222388 -0.000004 0.974958
vn 0.382682 0.000000 0.923880
vn 0.382684 0.000008 0.923879
vn 0.222385 0.000004 0.974959
vn 0.222385 0.000004 0.974959
vn 0.382684 0.000008 0.923879
vn 0.382684 0.000000 0.923879
vn 0.222385 0.000004 0.974959
vn 0.093435 0.000010 0.995625
vn 0.222385 0.000004 0.974959
vn 0.222385 0.000004 0.974959
vn 0.093435 0.000007 0.995625
vn 0.015411 0.000000 0.999881
vn 0.037992 -0.000002 0.999278
vn 0.037991 0.000004 0.999278
vn 0.015411 0.000004 0.999881
vn 0.037992 -0.000002 0.999278
vn 0.093435 -0.000006 0.995625
vn 0.093435 0.000010 0.995625
vn 0.037991 0.000004 0.999278
vn 0.037991 0.000004 0.999278
vn 0.093435 0.000010 0.995625
vn 0.093435 0.000007 0.995625
vn 0.037992 0.000003 0.999278
vn 0.015411 0.000004 0.999881
vn 0.037991 0.000004 0.999278
vn 0.037992 0.000003 0.999278
vn 0.015411 0.000000 0.999881
vn 0.382682 0.000000 0.923880
vn 0.471825 0.000006 0.881692
vn 0.471824 -0.000026 0.881693
vn 0.382684 -0.000008 0.923880
vn 0.471825 0.000006 0.881692
vn 0.555568 0.000008 0.831471
vn 0.555570 -0.000022 0.831470
vn 0.471824 -0.000026 0.881693
vn 0.471824 -0.000026 0.881693
vn 0.555570 -0.000022 0.831470
vn 0.555571 -0.000007 0.831469
vn 0.471821 -0.000005 0.881694
vn 0.382684 -0.000008 0.923880
vn 0.471824 -0.000026 0.881693
vn 0.471821 -0.000005 0.881694
vn 0.382682 0.000000 0.923880
vn 0.555568 0.000008 0.831471
vn 0.634020 0.000001 0.773317
vn 0.634022 0.000006 0.773315
vn 0.555570 -0.000022 0.831470
vn 0.634020 0.000001 0.773317
vn 0.707104 0.000006 0.707109
vn 0.707107 0.000017 0.707106
vn 0.634022 0.000006 0.773315
vn 0.634022 0.000006 0.773315
vn 0.707107 0.000017 0.707106
vn 0.707106 -0.000005 0.707107
vn 0.634021 -0.000001 0.773316
vn 0.555570 -0.000022 0.831470
vn 0.634022 0.000006 0.773315
vn 0.634021 -0.000001 0.773316
vn 0.555571 -0.000007 0.831469
vn 0.555571 -0.000007 0.831469
vn 0.634021 -0.000001 0.773316
vn 0.634023 -0.000005 0.773314
vn 0.555570 0.000021 0.831470
vn 0.634021 -0.000001 0.773316
vn 0.707106 -0.000005 0.707107
vn 0.707107 -0.000017 0.707106
vn 0.634023 -0.000005 0.773314
vn 0.634023 -0.000005 0.773314
vn 0.707107 -0.000017 0.707106
vn 0.707105 0.000005 0.707108
vn 0.634020 0.000001 0.773317
vn 0.555570 0.000021 0.831470
vn 0.634023 -0.000005 0.773314
vn 0.634020 0.000001 0.773317
vn 0.555567 0.000008 0.831472
vn 0.382682 0.000000 0.923880
vn 0.471821 -0.000005 0.881694
vn 0.471822 0.000025 0.881694
vn 0.382684 0.000008 0.923879
vn 0.471821 -0.000005 0.881694
vn 0.555571 -0.000007 0.831469
vn 0.555570 0.000021 0.831470
vn 0.471822 0.000025 0.881694
vn 0.471822 0.000025 0.881694
vn 0.555570 0.000021 0.831470
vn 0.555567 0.000008 0.831472
vn 0.471825 0.000005 0.881692
vn 0.382684 0.000008 0.923879
vn 0.471822 0.000025 0.881694
vn 0.471825 0.000005 0.881692
vn 0.382684 0.000000 0.923879
vn 0.707104 0.000006 0.707109
vn 0.773320 0.000007 0.634016
vn 0.773319 -0.000001 0.634017
vn 0.707107 0.000017 0.707106
vn 0.773320 0.000007 0.634016
vn 0.831472 0.000009 0.555567
vn 0.831471 -0.000008 0.555568
vn 0.773319 -0.000001 0.634017
vn 0.773319 -0.000001 0.634017
vn 0.831471 -0.000008 0.555568
vn 0.831472 -0.000007 0.555567
vn 0.773318 -0.000006 0.634018
vn 0.707107 0.000017 0.707106
vn 0.773319 -0.000001 0.634017
vn 0.773318 -0.000006 0.634018
vn 0.707106 -0.000005 0.707107
vn 0.831472 0.000009 0.555567
vn 0.881693 0.000011 0.471824
vn 0.881693 0.000006 0.471824
vn 0.831471 -0.000008 0.555568
vn 0.881693 0.000011 0.471824
vn 0.923880 0.000002 0.382683
vn 0.923880 0.000006 0.382683
vn 0.881693 0.000006 0.471824
vn 0.881693 0.000006 0.471824
vn 0.923880 0.000006 0.382683
vn 0.923879 0.000000 0.382685
vn 0.881694 -0.000007 0.471821
vn 0.831471 -0.000008 0.555568
vn 0.881693 0.000006 0.471824
vn 0.881694 -0.000007 0.471821
vn 0.831472 -0.000007 0.555567
vn 0.831472 -0.000007 0.555567
vn 0.881694 -0.000007 0.471821
vn 0.881693 -0.000001 0.471823
vn 0.831470 0.000020 0.555569
vn 0.881694 -0.000007 0.471821
vn 0.923879 0.000000 0.382685
vn 0.923879 -0.000009 0.382684
vn 0.881693 -0.000001 0.471823
vn 0.881693 -0.000001 0.471823
vn 0.923879 -0.000009 0.382684
vn 0.923880 0.000000 0.382683
vn 0.881693 0.000008 0.471823
vn 0.831470 0.000020 0.555569
vn 0.881693 -0.000001 0.471823
vn 0.881693 0.000008 0.471823
vn 0.831472 0.000013 0.555566
vn 0.707106 -0.000005 0.707107
vn 0.773318 -0.000006 0.634018
vn 0.773318 0.000006 0.634018
vn 0.707107 -0.000017 0.707106
vn 0.773318 -0.000006 0.634018
vn 0.831472 -0.000007 0.555567
vn 0.831470 0.000020 0.555569
vn 0.773318 0.000006 0.634018
vn 0.773318 0.000006 0.634018
vn 0.831470 0.000020 0.555569
vn 0.831472 0.000013 0.555566
vn 0.773320 0.000012 0.634016
vn 0.707107 -0.000017 0.707106
vn 0.773318 0.000006 0.634018
vn 0.773320 0.000012 0.634016
vn 0.707105 0.000005 0.707108
vn 0.923880 0.000002 0.382683
vn 0.973186 0.000025 0.230019
vn 0.973185 -0.000012 0.230023
vn 0.923880 0.000006 0.382683
vn 0.973186 0.000025 0.230019
vn 0.994866 0.000017 0.101198
vn 0.994866 -0.000024 0.101199
vn 0.973185 -0.000012 0.230023
vn 0.973185 -0.000012 0.230023
vn 0.994866 -0.000024 0.101199
vn 0.994866 -0.000010 0.101197
vn 0.973185 -0.000015 0.230023
vn 0.923880 0.000006 0.382683
vn 0.973185 -0.000012 0.230023
vn 0.973185 -0.000015 0.230023
vn 0.923879 0.000000 0.382685
vn 0.994866 0.000017 0.101198
vn 0.999108 0.000002 0.042232
vn 0.999108 -0.000003 0.042231
vn 0.994866 -0.000024 0.101199
vn 0.999108 0.000002 0.042232
vn 0.999849 0.000001 0.017364
vn 0.999849 0.000024 0.017364
vn 0.999108 -0.000003 0.042231
vn 0.999108 -0.000003 0.042231
vn 0.999849 0.000024 0.017364
vn 0.999849 0.000000 0.017363
vn 0.999108 -0.000002 0.042230
vn 0.994866 -0.000024 0.101199
vn 0.999108 -0.000003 0.042231
vn 0.999108 -0.000002 0.042230
vn 0.994866 -0.000010 0.101197
vn 0.994866 -0.000010 0.101197
vn 0.999108 -0.000002 0.042230
vn 0.999108 0.000003 0.042231
vn 0.994866 0.000027 0.101198
vn 0.999108 -0.000002 0.042230
vn 0.999849 0.000000 0.017363
vn 0.999849 -0.000024 0.017364
vn 0.999108 0.000003 0.042231
vn 0.999108 0.000003 0.042231
vn 0.999849 -0.000024 0.017364
vn 0.999849 -0.000006 0.017364
vn 0.999108 -0.000010 0.042232
vn 0.994866 0.000027 0.101198
vn 0.999108 0.000003 0.042231
vn 0.999108 -0.000010 0.042232
vn 0.994866 0.000016 0.101198
vn 0.923879 0.000000 0.382685
vn 0.973185 -0.000015 0.230023
vn 0.973185 0.000019 0.230024
vn 0.923879 -0.000009 0.382684
vn 0.973185 -0.000015 0.230023
vn 0.994866 -0.000010 0.101197
vn 0.994866 0.000027 0.101198
vn 0.973185 0.000019 0.230024
vn 0.973185 0.000019 0.230024
vn 0.994866 0.000027 0.101198
vn 0.994866 0.000016 0.101198
vn 0.973186 0.000024 0.230020
vn 0.923879 -0.000009 0.382684
vn 0.973185 0.000019 0.230024
vn 0.973186 0.000024 0.230020
vn 0.923880 0.000000 0.382683
vn 1.000000 -0.000012 0.000000
vn 1.000000 0.000001 0.000612
vn 1.000000 0.000005 0.000612
vn 1.000000 -0.000019 0.000000
vn 1.000000 0.000001 0.000612
vn 0.999996 -0.000001 0.002682
vn 0.999996 0.000011 0.002682
vn 1.000000 0.000005 0.000612
vn 1.000000 0.000005 0.000612
vn 0.999996 0.000011 0.002682
vn 0.999996 0.000010 0.002682
vn 1.000000 -0.000002 0.000612
vn 1.000000 -0.000019 0.000000
vn 1.000000 0.000005 0.000612
vn 1.000000 -0.000002 0.000612
vn 1.000000 0.000007 0.000000
vn 0.999996 -0.000001 0.002682
vn 0.999974 -0.000005 0.007176
vn 0.999974 -0.000017 0.007177
vn 0.999996 0.000011 0.002682
vn 0.999974 -0.000005 0.007176
vn 0.999849 -0.000006 0.017364
vn 0.999849 -0.000024 0.017364
vn 0.999974 -0.000017 0.007177
vn 0.999974 -0.000017 0.007177
vn 0.999849 -0.000024 0.017364
vn 0.999849 0.000000 0.017363
vn 0.999974 0.000014 0.007177
vn 0.999996 0.000011 0.002682
vn 0.999974 -0.000017 0.007177
vn 0.999974 0.000014 0.007177
vn 0.999996 0.000010 0.002682
vn 0.999996 0.000010 0.002682
vn 0.999974 0.000014 0.007177
vn 0.999974 0.000017 0.007177
vn 0.999996 -0.000012 0.002681
vn 0.999974 0.000014 0.007177
vn 0.999849 0.000000 0.017363
vn 0.999849 0.000024 0.017364
vn 0.999974 0.000017 0.007177
vn 0.999974 0.000017 0.007177
vn 0.999849 0.000024 0.017364
vn 0.999849 0.000001 0.017364
vn 0.999974 -0.000017 0.007176
vn 0.999996 -0.000012 0.002681
vn 0.999974 0.000017 0.007177
vn 0.999974 -0.000017 0.007176
vn 0.999996 -0.000015 0.002681
vn 1.000000 0.000007 0.000000
vn 1.000000 -0.000002 0.000612
vn 1.000000 -0.000005 0.000612
vn 1.000000 0.000020 0.000000
vn 1.000000 -0.000002 0.000612
vn 0.999996 0.000010 0.002682
vn 0.999996 -0.000012 0.002681
vn 1.000000 -0.000005 0.000612
vn 1.000000 -0.000005 0.000612
vn 0.999996 -0.000012 0.002681
vn 0.999996 -0.000015 0.002681
vn 1.000000 0.000000 0.000612
vn 1.000000 0.000020 0.000000
vn 1.000000 -0.000005 0.000612
vn 1.000000 0.000000 0.000612
vn 1.000000 -0.000009 0.000000
vn 0.999849 0.000000 -0.017364
vn 0.999974 -0.000011 -0.007176
vn 0.999974 -0.000005 -0.007177
vn 0.999849 -0.000011 -0.017364
vn 0.999974 -0.000011 -0.007176
vn 0.999996 -0.000022 -0.002681
vn 0.999996 0.000014 -0.002681
vn 0.999974 -0.000005 -0.007177
vn 0.999974 -0.000005 -0.007177
vn 0.999996 0.000014 -0.002681
vn 0.999996 0.000016 -0.002681
vn 0.999974 0.000010 -0.007177
vn 0.999849 -0.000011 -0.017364
vn 0.999974 -0.000005 -0.007177
vn 0.999974 0.000010 -0.007177
vn 0.999849 0.000000 -0.017364
vn 0.999996 -0.000022 -0.002681
vn 1.000000 -0.000021 -0.000612
vn 1.000000 0.000001 -0.000612
vn 0.999996 0.000014 -0.002681
vn 1.000000 -0.000021 -0.000612
vn 1.000000 -0.000012 0.000000
vn 1.000000 -0.000019 0.000000
vn 1.000000 0.000001 -0.000612
vn 1.000000 0.000001 -0.000612
vn 1.000000 -0.000019 0.000000
vn 1.000000 0.000007 0.000000
vn 1.000000 0.000015 -0.000611
vn 0.999996 0.000014 -0.002681
vn 1.000000 0.000001 -0.000612
vn 1.000000 0.000015 -0.000611
vn 0.999996 0.000016 -0.002681
vn 0.999996 0.000016 -0.002681
vn 1.000000 0.000015 -0.000611
vn 1.000000 -0.000001 -0.000612
vn 0.999996 -0.000015 -0.002681
vn 1.000000 0.000015 -0.000611
vn 1.000000 0.000007 0.000000
vn 1.000000 0.000020 0.000000
vn 1.000000 -0.000001 -0.000612
vn 1.000000 -0.000001 -0.000612
vn 1.000000 0.000020 0.000000
vn 1.000000 -0.000009 0.000000
vn 1.000000 -0.000018 -0.000612
vn 0.999996 -0.000015 -0.002681
vn 1.000000 -0.000001 -0.000612
vn 1.000000 -0.000018 -0.000612
vn 0.999996 -0.000019 -0.002681
vn 0.999849 0.000000 -0.017364
vn 0.999974 0.000010 -0.007177
vn 0.999974 0.000006 -0.007177
vn 0.999849 0.000011 -0.017364
vn 0.999974 0.000010 -0.007177
vn 0.999996 0.000016 -0.002681
vn 0.999996 -0.000015 -0.002681
vn 0.999974 0.000006 -0.007177
vn 0.999974 0.000006 -0.007177
vn 0.999996 -0.000015 -0.002681
vn 0.999996 -0.000019 -0.002681
vn 0.999974 -0.000012 -0.007176
vn 0.999849 0.000011 -0.017364
vn 0.999974 0.000006 -0.007177
vn 0.999974 -0.000012 -0.007176
vn 0.999849 0.000000 -0.017364
vn 0.923878 0.000008 -0.382687
vn 0.973186 0.000005 -0.230019
vn 0.973185 0.000023 -0.230022
vn 0.923878 0.000009 -0.382687
vn 0.973186 0.000005 -0.230019
vn 0.994866 -0.000013 -0.101198
vn 0.994866 0.000026 -0.101198
vn 0.973185 0.000023 -0.230022
vn 0.973185 0.000023 -0.230022
vn 0.994866 0.000026 -0.101198
vn 0.994867 0.000013 -0.101196
vn 0.973186 0.000000 -0.230021
vn 0.923878 0.000009 -0.382687
vn 0.973185 0.000023 -0.230022
vn 0.973186 0.000000 -0.230021
vn 0.923878 0.000005 -0.382687
vn 0.994866 -0.000013 -0.101198
vn 0.999108 -0.000007 -0.042232
vn 0.999108 0.000002 -0.042231
vn 0.994866 0.000026 -0.101198
vn 0.999108 -0.000007 -0.042232
vn 0.999849 0.000000 -0.017364
vn 0.999849 -0.000011 -0.017364
vn 0.999108 0.000002 -0.042231
vn 0.999108 0.000002 -0.042231
vn 0.999849 -0.000011 -0.017364
vn 0.999849 0.000000 -0.017364
vn 0.999108 0.000006 -0.042230
vn 0.994866 0.000026 -0.101198
vn 0.999108 0.000002 -0.042231
vn 0.999108 0.000006 -0.042230
vn 0.994867 0.000013 -0.101196
vn 0.994867 0.000013 -0.101196
vn 0.999108 0.000006 -0.042230
vn 0.999108 -0.000002 -0.042231
vn 0.994866 -0.000027 -0.101199
vn 0.999108 0.000006 -0.042230
vn 0.999849 0.000000 -0.017364
vn 0.999849 0.000011 -0.017364
vn 0.999108 -0.000002 -0.042231
vn 0.999108 -0.000002 -0.042231
vn 0.999849 0.000011 -0.017364
vn 0.999849 0.000000 -0.017364
vn 0.999108 -0.000007 -0.042232
vn 0.994866 -0.000027 -0.101199
vn 0.999108 -0.000002 -0.042231
vn 0.999108 -0.000007 -0.042232
vn 0.994866 -0.000020 -0.101198
vn 0.923878 0.000005 -0.382687
vn 0.973186 0.000000 -0.230021
vn 0.973185 -0.000023 -0.230023
vn 0.923879 -0.000011 -0.382684
vn 0.973186 0.000000 -0.230021
vn 0.994867 0.000013 -0.101196
vn 0.994866 -0.000027 -0.101199
vn 0.973185 -0.000023 -0.230023
vn 0.973185 -0.000023 -0.230023
vn 0.994866 -0.000027 -0.101199
vn 0.994866 -0.000020 -0.101198
vn 0.973186 -0.000014 -0.230018
vn 0.923879 -0.000011 -0.382684
vn 0.973185 -0.000023 -0.230023
vn 0.973186 -0.000014 -0.230018
vn 0.923878 -0.000011 -0.382687
vn 0.707107 -0.000003 -0.707106
vn 0.773320 -0.000007 -0.634016
vn 0.773318 0.000010 -0.634018
vn 0.707109 -0.000005 -0.707104
vn 0.773320 -0.000007 -0.634016
vn 0.831470 -0.000015 -0.555569
vn 0.831470 0.000017 -0.555569
vn 0.773318 0.000010 -0.634018
vn 0.773318 0.000010 -0.634018
vn 0.831470 0.000017 -0.555569
vn 0.831471 0.000013 -0.555568
vn 0.773318 0.000006 -0.634019
vn 0.707109 -0.000005 -0.707104
vn 0.773318 0.000010 -0.634018
vn 0.773318 0.000006 -0.634019
vn 0.707106 0.000002 -0.707107
vn 0.831470 -0.000015 -0.555569
vn 0.881693 -0.000015 -0.471824
vn 0.881692 0.000011 -0.471826
vn 0.831470 0.000017 -0.555569
vn 0.881693 -0.000015 -0.471824
vn 0.923878 0.000008 -0.382687
vn 0.923878 0.000009 -0.382687
vn 0.881692 0.000011 -0.471826
vn 0.881692 0.000011 -0.471826
vn 0.923878 0.000009 -0.382687
vn 0.923878 0.000005 -0.382687
vn 0.881693 0.000021 -0.471823
vn 0.831470 0.000017 -0.555569
vn 0.881692 0.000011 -0.471826
vn 0.881693 0.000021 -0.471823
vn 0.831471 0.000013 -0.555568
vn 0.831471 0.000013 -0.555568
vn 0.881693 0.000021 -0.471823
vn 0.881692 -0.000016 -0.471825
vn 0.831471 -0.000018 -0.555568
vn 0.881693 0.000021 -0.471823
vn 0.923878 0.000005 -0.382687
vn 0.923879 -0.000011 -0.382684
vn 0.881692 -0.000016 -0.471825
vn 0.881692 -0.000016 -0.471825
vn 0.923879 -0.000011 -0.382684
vn 0.923878 -0.000011 -0.382687
vn 0.881692 -0.000025 -0.471825
vn 0.831471 -0.000018 -0.555568
vn 0.881692 -0.000016 -0.471825
vn 0.881692 -0.000025 -0.471825
vn 0.831473 -0.000014 -0.555565
vn 0.707106 0.000002 -0.707107
vn 0.773318 0.000006 -0.634019
vn 0.773319 -0.000003 -0.634017
vn 0.707106 0.000010 -0.707108
vn 0.773318 0.000006 -0.634019
vn 0.831471 0.000013 -0.555568
vn 0.831471 -0.000018 -0.555568
vn 0.773319 -0.000003 -0.634017
vn 0.773319 -0.000003 -0.634017
vn 0.831471 -0.000018 -0.555568
vn 0.831473 -0.000014 -0.555565
vn 0.773320 0.000001 -0.634016
vn 0.707106 0.000010 -0.707108
vn 0.773319 -0.000003 -0.634017
vn 0.773320 0.000001 -0.634016
vn 0.707105 0.000004 -0.707109
vn 0.382683 0.000000 -0.923880
vn 0.471822 -0.000005 -0.881694
vn 0.471821 0.000025 -0.881694
vn 0.382684 0.000008 -0.923879
vn 0.471822 -0.000005 -0.881694
vn 0.555569 -0.000003 -0.831470
vn 0.555569 0.000021 -0.831471
vn 0.471821 0.000025 -0.881694
vn 0.471821 0.000025 -0.881694
vn 0.555569 0.000021 -0.831471
vn 0.555570 0.000002 -0.831470
vn 0.471822 0.000005 -0.881694
vn 0.382684 0.000008 -0.923879
vn 0.471821 0.000025 -0.881694
vn 0.471822 0.000005 -0.881694
vn 0.382684 0.000000 -0.923879
vn 0.555569 -0.000003 -0.831470
vn 0.634020 0.000005 -0.773317
vn 0.634023 -0.000001 -0.773314
vn 0.555569 0.000021 -0.831471
vn 0.634020 0.000005 -0.773317
vn 0.707107 -0.000003 -0.707106
vn 0.707109 -0.000005 -0.707104
vn 0.634023 -0.000001 -0.773314
vn 0.634023 -0.000001 -0.773314
vn 0.707109 -0.000005 -0.707104
vn 0.707106 0.000002 -0.707107
vn 0.634021 -0.000005 -0.773316
vn 0.555569 0.000021 -0.831471
vn 0.634023 -0.000001 -0.773314
vn 0.634021 -0.000005 -0.773316
vn 0.555570 0.000002 -0.831470
vn 0.555570 0.000002 -0.831470
vn 0.634021 -0.000005 -0.773316
vn 0.634023 0.000001 -0.773314
vn 0.555572 -0.000022 -0.831469
vn 0.634021 -0.000005 -0.773316
vn 0.707106 0.000002 -0.707107
vn 0.707106 0.000010 -0.707108
vn 0.634023 0.000001 -0.773314
vn 0.634023 0.000001 -0.773314
vn 0.707106 0.000010 -0.707108
vn 0.707105 0.000004 -0.707109
vn 0.634021 0.000006 -0.773316
vn 0.555572 -0.000022 -0.831469
vn 0.634023 0.000001 -0.773314
vn 0.634021 0.000006 -0.773316
vn 0.555569 -0.000003 -0.831471
vn 0.382684 0.000000 -0.923879
vn 0.471822 0.000005 -0.881694
vn 0.471822 -0.000022 -0.881694
vn 0.382684 -0.000002 -0.923879
vn 0.471822 0.000005 -0.881694
vn 0.555570 0.000002 -0.831470
vn 0.555572 -0.000022 -0.831469
vn 0.471822 -0.000022 -0.881694
vn 0.471822 -0.000022 -0.881694
vn 0.555572 -0.000022 -0.831469
vn 0.555569 -0.000003 -0.831471
vn 0.471824 -0.000006 -0.881693
vn 0.382684 -0.000002 -0.923879
vn 0.471822 -0.000022 -0.881694
vn 0.471824 -0.000006 -0.881693
vn 0.382683 0.000000 -0.923880
vn 0.015411 -0.000007 -0.999881
vn 0.037992 -0.000010 -0.999278
vn 0.037992 0.000002 -0.999278
vn 0.015411 0.000000 -0.999881
vn 0.037992 -0.000010 -0.999278
vn 0.093435 -0.000011 -0.995625
vn 0.093435 0.000004 -0.995625
vn 0.037992 0.000002 -0.999278
vn 0.037992 0.000002 -0.999278
vn 0.093435 0.000004 -0.995625
vn 0.093434 0.000010 -0.995625
vn 0.037992 0.000009 -0.999278
vn 0.015411 0.000000 -0.999881
vn 0.037992 0.000002 -0.999278
vn 0.037992 0.000009 -0.999278
vn 0.015411 0.000003 -0.999881
vn 0.093435 -0.000011 -0.995625
vn 0.222387 -0.000004 -0.974958
vn 0.222386 0.000000 -0.974959
vn 0.093435 0.000004 -0.995625
vn 0.222387 -0.000004 -0.974958
vn 0.382683 0.000000 -0.923880
vn 0.382684 0.000008 -0.923879
vn 0.222386 0.000000 -0.974959
vn 0.222386 0.000000 -0.974959
vn 0.382684 0.000008 -0.923879
vn 0.382684 0.000000 -0.923879
vn 0.222389 0.000004 -0.974958
vn 0.093435 0.000004 -0.995625
vn 0.222386 0.000000 -0.974959
vn 0.222389 0.000004 -0.974958
vn 0.093434 0.000010 -0.995625
vn 0.093434 0.000010 -0.995625
vn 0.222389 0.000004 -0.974958
vn 0.222384 0.000002 -0.974959
vn 0.093436 -0.000004 -0.995625
vn 0.222389 0.000004 -0.974958
vn 0.382684 0.000000 -0.923879
vn 0.382684 -0.000002 -0.923879
vn 0.222384 0.000002 -0.974959
vn 0.222384 0.000002 -0.974959
vn 0.382684 -0.000002 -0.923879
vn 0.382683 0.000000 -0.923880
vn 0.222386 -0.000004 -0.974959
vn 0.093436 -0.000004 -0.995625
vn 0.222384 0.000002 -0.974959
vn 0.222386 -0.000004 -0.974959
vn 0.093435 -0.000012 -0.995625
vn 0.015411 0.000003 -0.999881
vn 0.037992 0.000009 -0.999278
vn 0.037992 -0.000002 -0.999278
vn 0.015411 -0.000004 -0.999881
vn 0.037992 0.000009 -0.999278
vn 0.093434 0.000010 -0.995625
vn 0.093436 -0.000004 -0.995625
vn 0.037992 -0.000002 -0.999278
vn 0.037992 -0.000002 -0.999278
vn 0.093436 -0.000004 -0.995625
vn 0.093435 -0.000012 -0.995625
vn 0.037992 -0.000010 -0.999278
vn 0.015411 -0.000004 -0.999881
vn 0.037992 -0.000002 -0.999278
vn 0.037992 -0.000010 -0.999278
vn 0.015411 0.000001 -0.999881
vn 0.015411 0.000001 -0.999881
vn 0.006330 0.000012 -0.999980
vn 0.006330 -0.000007 -0.999980
vn 0.015411 -0.000004 -0.999881
vn 0.006330 0.000012 -0.999980
vn 0.002358 0.000011 -0.999997
vn 0.002358 -0.000007 -0.999997
vn 0.006330 -0.000007 -0.999980
vn 0.006330 -0.000007 -0.999980
vn 0.002358 -0.000007 -0.999997
vn 0.002359 -0.000006 -0.999997
vn 0.006330 -0.000003 -0.999980
vn 0.015411 -0.000004 -0.999881
vn 0.006330 -0.000007 -0.999980
vn 0.006330 -0.000003 -0.999980
vn 0.015411 0.000003 -0.999881
vn 0.002358 0.000011 -0.999997
vn 0.000537 0.000000 -1.000000
vn 0.000538 -0.000014 -1.000000
vn 0.002358 -0.000007 -0.999997
vn 0.000537 0.000000 -1.000000
vn 0.000000 -0.000008 -1.000000
vn 0.000000 -0.000024 -1.000000
vn 0.000538 -0.000014 -1.000000
vn 0.000538 -0.000014 -1.000000
vn 0.000000 -0.000024 -1.000000
vn 0.000000 0.000006 -1.000000
vn 0.000538 0.000000 -1.000000
vn 0.002358 -0.000007 -0.999997
vn 0.000538 -0.000014 -1.000000
vn 0.000538 0.000000 -1.000000
vn 0.002359 -0.000006 -0.999997
vn 0.002359 -0.000006 -0.999997
vn 0.000538 0.000000 -1.000000
vn 0.000537 0.000020 -1.000000
vn 0.002358 0.000007 -0.999997
vn 0.000538 0.000000 -1.000000
vn 0.000000 0.000006 -1.000000
vn 0.000000 0.000023 -1.000000
vn 0.000537 0.000020 -1.000000
vn 0.000537 0.000020 -1.000000
vn 0.000000 0.000023 -1.000000
vn 0.000000 -0.000007 -1.000000
vn 0.000537 0.000000 -1.000000
vn 0.002358 0.000007 -0.999997
vn 0.000537 0.000020 -1.000000
vn 0.000537 0.000000 -1.000000
vn 0.002358 0.000004 -0.999997
vn 0.015411 0.000003 -0.999881
vn 0.006330 -0.000003 -0.999980
vn 0.006330 0.000000 -0.999980
vn 0.015411 0.000000 -0.999881
vn 0.006330 -0.000003 -0.999980
vn 0.002359 -0.000006 -0.999997
vn 0.002358 0.000007 -0.999997
vn 0.006330 0.000000 -0.999980
vn 0.006330 0.000000 -0.999980
vn 0.002358 0.000007 -0.999997
vn 0.002358 0.000004 -0.999997
vn 0.006330 -0.000003 -0.999980
vn 0.015411 0.000000 -0.999881
vn 0.006330 0.000000 -0.999980
vn 0.006330 -0.000003 -0.999980
vn 0.015411 -0.000007 -0.999881
vn 0.000000 -0.000008 -1.000000
vn -0.000537 0.000000 -1.000000
vn -0.000538 -0.000020 -1.000000
vn 0.000000 -0.000024 -1.000000
vn -0.000537 0.000000 -1.000000
vn -0.002358 0.000008 -0.999997
vn -0.002358 -0.000007 -0.999997
vn -0.000538 -0.000020 -1.000000
vn -0.000538 -0.000020 -1.000000
vn -0.002358 -0.000007 -0.999997
vn -0.002358 -0.000006 -0.999997
vn -0.000538 0.000000 -1.000000
vn 0.000000 -0.000024 -1.000000
vn -0.000538 -0.000020 -1.000000
vn -0.000538 0.000000 -1.000000
vn 0.000000 0.000006 -1.000000
vn -0.002358 0.000008 -0.999997
vn -0.006330 0.000004 -0.999980
vn -0.006330 -0.000003 -0.999980
vn -0.002358 -0.000007 -0.999997
vn -0.006330 0.000004 -0.999980
vn -0.015411 0.000003 -0.999881
vn -0.015411 -0.000007 -0.999881
vn -0.006330 -0.000003 -0.999980
vn -0.006330 -0.000003 -0.999980
vn -0.015411 -0.000007 -0.999881
vn -0.015411 -0.000003 -0.999881
vn -0.006330 -0.000004 -0.999980
vn -0.002358 -0.000007 -0.999997
vn -0.006330 -0.000003 -0.999980
vn -0.006330 -0.000004 -0.999980
vn -0.002358 -0.000006 -0.999997
vn -0.002358 -0.000006 -0.999997
vn -0.006330 -0.000004 -0.999980
vn -0.006330 0.000006 -0.999980
vn -0.002358 0.000006 -0.999997
vn -0.006330 -0.000004 -0.999980
vn -0.015411 -0.000003 -0.999881
vn -0.015411 0.000004 -0.999881
vn -0.006330 0.000006 -0.999980
vn -0.006330 0.000006 -0.999980
vn -0.015411 0.000004 -0.999881
vn -0.015411 0.000003 -0.999881
vn -0.006329 0.000004 -0.999980
vn -0.002358 0.000006 -0.999997
vn -0.006330 0.000006 -0.999980
vn -0.006329 0.000004 -0.999980
vn -0.002358 0.000007 -0.999997
vn 0.000000 0.000006 -1.000000
vn -0.000538 0.000000 -1.000000
vn -0.000537 0.000013 -1.000000
vn 0.000000 0.000023 -1.000000
vn -0.000538 0.000000 -1.000000
vn -0.002358 -0.000006 -0.999997
vn -0.002358 0.000006 -0.999997
vn -0.000537 0.000013 -1.000000
vn -0.000537 0.000013 -1.000000
vn -0.002358 0.000006 -0.999997
vn -0.002358 0.000007 -0.999997
vn -0.000537 0.000000 -1.000000
vn 0.000000 0.000023 -1.000000
vn -0.000537 0.000013 -1.000000
vn -0.000537 0.000000 -1.000000
vn 0.000000 -0.000007 -1.000000
vn -0.382684 -0.000005 -0.923879
vn -0.222386 0.000000 -0.974959
vn -0.222384 -0.000010 -0.974959
vn -0.382686 0.000005 -0.923879
vn -0.222386 0.000000 -0.974959
vn -0.093434 0.000004 -0.995626
vn -0.093436 -0.000008 -0.995625
vn -0.222384 -0.000010 -0.974959
vn -0.222384 -0.000010 -0.974959
vn -0.093436 -0.000008 -0.995625
vn -0.093434 -0.000004 -0.995626
vn -0.222388 0.000000 -0.974958
vn -0.382686 0.000005 -0.923879
vn -0.222384 -0.000010 -0.974959
vn -0.222388 0.000000 -0.974958
vn -0.382684 0.000005 -0.923879
vn -0.093434 0.000004 -0.995626
vn -0.037992 0.000007 -0.999278
vn -0.037992 -0.000002 -0.999278
vn -0.093436 -0.000008 -0.995625
vn -0.037992 0.000007 -0.999278
vn -0.015411 0.000003 -0.999881
vn -0.015411 0.000004 -0.999881
vn -0.037992 -0.000002 -0.999278
vn -0.037992 -0.000002 -0.999278
vn -0.015411 0.000004 -0.999881
vn -0.015411 -0.000003 -0.999881
vn -0.037992 -0.000006 -0.999278
vn -0.093436 -0.000008 -0.995625
vn -0.037992 -0.000002 -0.999278
vn -0.037992 -0.000006 -0.999278
vn -0.093434 -0.000004 -0.995626
vn -0.093434 -0.000004 -0.995626
vn -0.037992 -0.000006 -0.999278
vn -0.037991 -0.000002 -0.999278
vn -0.093435 0.000008 -0.995625
vn -0.037992 -0.000006 -0.999278
vn -0.015411 -0.000003 -0.999881
vn -0.015411 -0.000007 -0.999881
vn -0.037991 -0.000002 -0.999278
vn -0.037991 -0.000002 -0.999278
vn -0.015411 -0.000007 -0.999881
vn -0.015411 0.000003 -0.999881
vn -0.037991 0.000008 -0.999278
vn -0.093435 0.000008 -0.995625
vn -0.037991 -0.000002 -0.999278
vn -0.037991 0.000008 -0.999278
vn -0.093434 0.000005 -0.995626
vn -0.382684 0.000005 -0.923879
vn -0.222388 0.000000 -0.974958
vn -0.222385 0.000010 -0.974959
vn -0.382685 -0.000005 -0.923879
vn -0.222388 0.000000 -0.974958
vn -0.093434 -0.000004 -0.995626
vn -0.093435 0.000008 -0.995625
vn -0.222385 0.000010 -0.974959
vn -0.222385 0.000010 -0.974959
vn -0.093435 0.000008 -0.995625
vn -0.093434 0.000005 -0.995626
vn -0.222387 0.000000 -0.974958
vn -0.382685 -0.000005 -0.923879
vn -0.222385 0.000010 -0.974959
vn -0.222387 0.000000 -0.974958
vn -0.382685 -0.000006 -0.923879
vn -0.707107 0.000002 -0.707107
vn -0.634020 0.000000 -0.773317
vn -0.634023 -0.000004 -0.773314
vn -0.707107 -0.000007 -0.707106
vn -0.634020 0.000000 -0.773317
vn -0.555566 -0.000003 -0.831472
vn -0.555568 0.000012 -0.831471
vn -0.634023 -0.000004 -0.773314
vn -0.634023 -0.000004 -0.773314
vn -0.555568 0.000012 -0.831471
vn -0.555570 0.000002 -0.831470
vn -0.634020 0.000000 -0.773317
vn -0.707107 -0.000007 -0.707106
vn -0.634023 -0.000004 -0.773314
vn -0.634020 0.000000 -0.773317
vn -0.707108 -0.000002 -0.707106
vn -0.555566 -0.000003 -0.831472
vn -0.471823 -0.000008 -0.881693
vn -0.471822 0.000019 -0.881694
vn -0.555568 0.000012 -0.831471
vn -0.471823 -0.000008 -0.881693
vn -0.382684 -0.000005 -0.923879
vn -0.382686 0.000005 -0.923879
vn -0.471822 0.000019 -0.881694
vn -0.471822 0.000019 -0.881694
vn -0.382686 0.000005 -0.923879
vn -0.382684 0.000005 -0.923879
vn -0.471821 0.000007 -0.881694
vn -0.555568 0.000012 -0.831471
vn -0.471822 0.000019 -0.881694
vn -0.471821 0.000007 -0.881694
vn -0.555570 0.000002 -0.831470
vn -0.555570 0.000002 -0.831470
vn -0.471821 0.000007 -0.881694
vn -0.471822 -0.000020 -0.881694
vn -0.555569 -0.000012 -0.831470
vn -0.471821 0.000007 -0.881694
vn -0.382684 0.000005 -0.923879
vn -0.382685 -0.000005 -0.923879
vn -0.471822 -0.000020 -0.881694
vn -0.471822 -0.000020 -0.881694
vn -0.382685 -0.000005 -0.923879
vn -0.382685 -0.000006 -0.923879
vn -0.471824 -0.000008 -0.881693
vn -0.555569 -0.000012 -0.831470
vn -0.471822 -0.000020 -0.881694
vn -0.471824 -0.000008 -0.881693
vn -0.555567 -0.000003 -0.831472
vn -0.707108 -0.000002 -0.707106
vn -0.634020 0.000000 -0.773317
vn -0.634022 0.000004 -0.773315
vn -0.707109 0.000007 -0.707105
vn -0.634020 0.000000 -0.773317
vn -0.555570 0.000002 -0.831470
vn -0.555569 -0.000012 -0.831470
vn -0.634022 0.000004 -0.773315
vn -0.634022 0.000004 -0.773315
vn -0.555569 -0.000012 -0.831470
vn -0.555567 -0.000003 -0.831472
vn -0.634020 0.000004 -0.773317
vn -0.707109 0.000007 -0.707105
vn -0.634022 0.000004 -0.773315
vn -0.634020 0.000004 -0.773317
vn -0.707107 0.000006 -0.707107
vn -0.923879 0.000009 -0.382686
vn -0.881693 0.000005 -0.471823
vn -0.881693 0.000001 -0.471824
vn -0.923878 -0.000014 -0.382687
vn -0.881693 0.000005 -0.471823
vn -0.831471 0.000003 -0.555568
vn -0.831472 0.000008 -0.555567
vn -0.881693 0.000001 -0.471824
vn -0.881693 0.000001 -0.471824
vn -0.831472 0.000008 -0.555567
vn -0.831470 -0.000001 -0.555570
vn -0.881694 -0.000003 -0.471821
vn -0.923878 -0.000014 -0.382687
vn -0.881693 0.000001 -0.471824
vn -0.881694 -0.000003 -0.471821
vn -0.923878 -0.000005 -0.382686
vn -0.831471 0.000003 -0.555568
vn -0.773318 0.000004 -0.634018
vn -0.773318 -0.000001 -0.634019
vn -0.831472 0.000008 -0.555567
vn -0.773318 0.000004 -0.634018
vn -0.707107 0.000002 -0.707107
vn -0.707107 -0.000007 -0.707106
vn -0.773318 -0.000001 -0.634019
vn -0.773318 -0.000001 -0.634019
vn -0.707107 -0.000007 -0.707106
vn -0.707108 -0.000002 -0.707106
vn -0.773317 0.000001 -0.634020
vn -0.831472 0.000008 -0.555567
vn -0.773318 -0.000001 -0.634019
vn -0.773317 0.000001 -0.634020
vn -0.831470 -0.000001 -0.555570
vn -0.831470 -0.000001 -0.555570
vn -0.773317 0.000001 -0.634020
vn -0.773319 0.000003 -0.634018
vn -0.831471 -0.000019 -0.555568
vn -0.773317 0.000001 -0.634020
vn -0.707108 -0.000002 -0.707106
vn -0.707109 0.000007 -0.707105
vn -0.773319 0.000003 -0.634018
vn -0.773319 0.000003 -0.634018
vn -0.707109 0.000007 -0.707105
vn -0.707107 0.000006 -0.707107
vn -0.773320 0.000005 -0.634016
vn -0.831471 -0.000019 -0.555568
vn -0.773319 0.000003 -0.634018
vn -0.773320 0.000005 -0.634016
vn -0.831472 -0.000003 -0.555566
vn -0.923878 -0.000005 -0.382686
vn -0.881694 -0.000003 -0.471821
vn -0.881693 -0.000019 -0.471823
vn -0.923879 -0.000005 -0.382685
vn -0.881694 -0.000003 -0.471821
vn -0.831470 -0.000001 -0.555570
vn -0.831471 -0.000019 -0.555568
vn -0.881693 -0.000019 -0.471823
vn -0.881693 -0.000019 -0.471823
vn -0.831471 -0.000019 -0.555568
vn -0.831472 -0.000003 -0.555566
vn -0.881694 -0.000006 -0.471822
vn -0.923879 -0.000005 -0.382685
vn -0.881693 -0.000019 -0.471823
vn -0.881694 -0.000006 -0.471822
vn -0.923878 0.000006 -0.382687
vn -0.999849 0.000000 -0.017364
vn -0.999108 0.000000 -0.042232
vn -0.999108 0.000005 -0.042232
vn -0.999849 -0.000020 -0.017364
vn -0.999108 0.000000 -0.042232
vn -0.994866 0.000002 -0.101198
vn -0.994866 0.000013 -0.101197
vn -0.999108 0.000005 -0.042232
vn -0.999108 0.000005 -0.042232
vn -0.994866 0.000013 -0.101197
vn -0.994866 0.000016 -0.101197
vn -0.999108 0.000020 -0.042231
vn -0.999849 -0.000020 -0.017364
vn -0.999108 0.000005 -0.042232
vn -0.999108 0.000020 -0.042231
vn -0.999849 0.000007 -0.017364
vn -0.994866 0.000002 -0.101198
vn -0.973187 0.000006 -0.230017
vn -0.973186 -0.000002 -0.230021
vn -0.994866 0.000013 -0.101197
vn -0.973187 0.000006 -0.230017
vn -0.923879 0.000009 -0.382686
vn -0.923878 -0.000014 -0.382687
vn -0.973186 -0.000002 -0.230021
vn -0.973186 -0.000002 -0.230021
vn -0.923878 -0.000014 -0.382687
vn -0.923878 -0.000005 -0.382686
vn -0.973185 -0.000007 -0.230022
vn -0.994866 0.000013 -0.101197
vn -0.973186 -0.000002 -0.230021
vn -0.973185 -0.000007 -0.230022
vn -0.994866 0.000016 -0.101197
vn -0.994866 0.000016 -0.101197
vn -0.973185 -0.000007 -0.230022
vn -0.973185 -0.000002 -0.230023
vn -0.994866 -0.000001 -0.101200
vn -0.973185 -0.000007 -0.230022
vn -0.923878 -0.000005 -0.382686
vn -0.923879 -0.000005 -0.382685
vn -0.973185 -0.000002 -0.230023
vn -0.973185 -0.000002 -0.230023
vn -0.923879 -0.000005 -0.382685
vn -0.923878 0.000006 -0.382687
vn -0.973186 0.000008 -0.230021
vn -0.994866 -0.000001 -0.101200
vn -0.973185 -0.000002 -0.230023
vn -0.973186 0.000008 -0.230021
vn -0.994866 -0.000009 -0.101198
vn -0.999849 0.000007 -0.017364
vn -0.999108 0.000020 -0.042231
vn -0.999108 -0.000001 -0.042231
vn -0.999849 0.000014 -0.017364
vn -0.999108 0.000020 -0.042231
vn -0.994866 0.000016 -0.101197
vn -0.994866 -0.000001 -0.101200
vn -0.999108 -0.000001 -0.042231
vn -0.999108 -0.000001 -0.042231
vn -0.994866 -0.000001 -0.101200
vn -0.994866 -0.000009 -0.101198
vn -0.999108 -0.000018 -0.042232
vn -0.999849 0.000014 -0.017364
vn -0.999108 -0.000001 -0.042231
vn -0.999108 -0.000018 -0.042232
vn -0.999849 -0.000008 -0.017364
vn -1.000000 -0.000006 0.000000
vn -1.000000 0.000004 -0.000612
vn -1.000000 0.000012 -0.000612
vn -1.000000 0.000003 0.000000
vn -1.000000 0.000004 -0.000612
vn -0.999996 0.000001 -0.002681
vn -0.999996 0.000011 -0.002681
vn -1.000000 0.000012 -0.000612
vn -1.000000 0.000012 -0.000612
vn -0.999996 0.000011 -0.002681
vn -0.999996 0.000000 -0.002682
vn -1.000000 0.000000 -0.000611
vn -1.000000 0.000003 0.000000
vn -1.000000 0.000012 -0.000612
vn -1.000000 0.000000 -0.000611
vn -1.000000 0.000000 0.000000
vn -0.999996 0.000001 -0.002681
vn -0.999974 0.000000 -0.007176
vn -0.999974 -0.000017 -0.007177
vn -0.999996 0.000011 -0.002681
vn -0.999974 0.000000 -0.007176
vn -0.999849 0.000000 -0.017364
vn -0.999849 -0.000020 -0.017364
vn -0.999974 -0.000017 -0.007177
vn -0.999974 -0.000017 -0.007177
vn -0.999849 -0.000020 -0.017364
vn -0.999849 0.000007 -0.017364
vn -0.999974 0.000000 -0.007177
vn -0.999996 0.000011 -0.002681
vn -0.999974 -0.000017 -0.007177
vn -0.999974 0.000000 -0.007177
vn -0.999996 0.000000 -0.002682
vn -0.999996 0.000000 -0.002682
vn -0.999974 0.000000 -0.007177
vn -0.999974 0.000012 -0.007177
vn -0.999996 -0.000012 -0.002681
vn -0.999974 0.000000 -0.007177
vn -0.999849 0.000007 -0.017364
vn -0.999849 0.000014 -0.017364
vn -0.999974 0.000012 -0.007177
vn -0.999974 0.000012 -0.007177
vn -0.999849 0.000014 -0.017364
vn -0.999849 -0.000008 -0.017364
vn -0.999974 0.000000 -0.007177
vn -0.999996 -0.000012 -0.002681
vn -0.999974 0.000012 -0.007177
vn -0.999974 0.000000 -0.007177
vn -0.999996 0.000000 -0.002681
vn -1.000000 0.000000 0.000000
vn -1.000000 0.000000 -0.000611
vn -1.000000 -0.000007 -0.000612
vn -1.000000 0.000010 0.000000
vn -1.000000 0.000000 -0.000611
vn -0.999996 0.000000 -0.002682
vn -0.999996 -0.000012 -0.002681
vn -1.000000 -0.000007 -0.000612
vn -1.000000 -0.000007 -0.000612
vn -0.999996 -0.000012 -0.002681
vn -0.999996 0.000000 -0.002681
vn -1.000000 0.000000 -0.000612
vn -1.000000 0.000010 0.000000
vn -1.000000 -0.000007 -0.000612
vn -1.000000 0.000000 -0.000612
vn -1.000000 0.000000 0.000000
vn -0.999849 0.000008 0.017364
vn -0.999974 0.000000 0.007177
vn -0.999974 -0.000005 0.007177
vn -0.999849 -0.000010 0.017364
vn -0.999974 0.000000 0.007177
vn -0.999996 -0.000004 0.002681
vn -0.999996 0.000000 0.002681
vn -0.999974 -0.000005 0.007177
vn -0.999974 -0.000005 0.007177
vn -0.999996 0.000000 0.002681
vn -0.999996 -0.000008 0.002682
vn -0.999974 -0.000010 0.007177
vn -0.999849 -0.000010 0.017364
vn -0.999974 -0.000005 0.007177
vn -0.999974 -0.000010 0.007177
vn -0.999849 -0.000007 0.017363
vn -0.999996 -0.000004 0.002681
vn -1.000000 -0.000013 0.000612
vn -1.000000 0.000003 0.000612
vn -0.999996 0.000000 0.002681
vn -1.000000 -0.000013 0.000612
vn -1.000000 -0.000006 0.000000
vn -1.000000 0.000003 0.000000
vn -1.000000 0.000003 0.000612
vn -1.000000 0.000003 0.000612
vn -1.000000 0.000003 0.000000
vn -1.000000 0.000000 0.000000
vn -1.000000 0.000000 0.000612
vn -0.999996 0.000000 0.002681
vn -1.000000 0.000003 0.000612
vn -1.000000 0.000000 0.000612
vn -0.999996 -0.000008 0.002682
vn -0.999996 -0.000008 0.002682
vn -1.000000 0.000000 0.000612
vn -1.000000 0.000005 0.000612
vn -0.999996 0.000000 0.002682
vn -1.000000 0.000000 0.000612
vn -1.000000 0.000000 0.000000
vn -1.000000 0.000010 0.000000
vn -1.000000 0.000005 0.000612
vn -1.000000 0.000005 0.000612
vn -1.000000 0.000010 0.000000
vn -1.000000 0.000000 0.000000
vn -1.000000 0.000000 0.000612
vn -0.999996 0.000000 0.002682
vn -1.000000 0.000005 0.000612
vn -1.000000 0.000000 0.000612
vn -0.999996 0.000010 0.002681
vn -0.999849 -0.000007 0.017363
vn -0.999974 -0.000010 0.007177
vn -0.999974 0.000006 0.007177
vn -0.999849 0.000010 0.017364
vn -0.999974 -0.000010 0.007177
vn -0.999996 -0.000008 0.002682
vn -0.999996 0.000000 0.002682
vn -0.999974 0.000006 0.007177
vn -0.999974 0.000006 0.007177
vn -0.999996 0.000000 0.002682
vn -0.999996 0.000010 0.002681
vn -0.999974 0.000012 0.007177
vn -0.999849 0.000010 0.017364
vn -0.999974 0.000006 0.007177
vn -0.999974 0.000012 0.007177
vn -0.999849 0.000008 0.017364
vn -0.234262 -0.972166 0.003931
vn -0.233108 -0.972404 0.009517
vn -0.538087 -0.842585 0.022632
vn -0.540777 -0.841114 0.009353
vn -0.233108 -0.972404 0.009517
vn -0.226293 -0.973804 0.022281
vn -0.524912 -0.849498 0.053114
vn -0.538087 -0.842585 0.022632
vn -0.538087 -0.842585 0.022632
vn -0.524912 -0.849498 0.053114
vn -0.875813 -0.473929 0.091336
vn -0.885827 -0.462421 0.038443
vn -0.540777 -0.841114 0.009353
vn -0.538087 -0.842585 0.022632
vn -0.885827 -0.462421 0.038443
vn -0.888170 -0.459242 0.015829
vn -0.226293 -0.973804 0.022281
vn -0.206828 -0.977208 0.047813
vn -0.487091 -0.865791 0.114671
vn -0.524912 -0.849498 0.053114
vn -0.206828 -0.977208 0.047813
vn -0.178524 -0.981184 0.073528
vn -0.430454 -0.884866 0.178105
vn -0.487091 -0.865791 0.114671
vn -0.487091 -0.865791 0.114671
vn -0.430454 -0.884866 0.178105
vn -0.781804 -0.531992 0.325220
vn -0.841806 -0.500402 0.202388
vn -0.524912 -0.849498 0.053114
vn -0.487091 -0.865791 0.114671
vn -0.841806 -0.500402 0.202388
vn -0.875813 -0.473929 0.091336
vn -0.875813 -0.473929 0.091336
vn -0.841806 -0.500402 0.202388
vn -0.966056 -0.115353 0.231150
vn -0.988909 -0.107609 0.102371
vn -0.841806 -0.500402 0.202388
vn -0.781804 -0.531992 0.325220
vn -0.916371 -0.123625 0.380764
vn -0.966056 -0.115353 0.231150
vn -0.966056 -0.115353 0.231150
vn -0.916371 -0.123625 0.380764
vn -0.923879 -0.000004 0.382685
vn -0.973187 -0.000003 0.230017
vn -0.988909 -0.107609 0.102371
vn -0.966056 -0.115353 0.231150
vn -0.973187 -0.000003 0.230017
vn -0.994866 0.000000 0.101199
vn -0.888170 -0.459242 0.015829
vn -0.885827 -0.462421 0.038443
vn -0.993657 -0.104003 0.042770
vn -0.994553 -0.102742 0.017575
vn -0.885827 -0.462421 0.038443
vn -0.875813 -0.473929 0.091336
vn -0.988909 -0.107609 0.102371
vn -0.993657 -0.104003 0.042770
vn -0.993657 -0.104003 0.042770
vn -0.988909 -0.107609 0.102371
vn -0.994866 0.000000 0.101199
vn -0.999108 0.000013 0.042232
vn -0.994553 -0.102742 0.017575
vn -0.993657 -0.104003 0.042770
vn -0.999108 0.000013 0.042232
vn -0.999849 0.000008 0.017364
vn -0.178524 -0.981184 0.073528
vn -0.166459 -0.982043 0.088782
vn -0.403178 -0.889359 0.215610
vn -0.430454 -0.884866 0.178105
vn -0.166459 -0.982043 0.088782
vn -0.154667 -0.982565 0.103168
vn -0.375692 -0.892123 0.250942
vn -0.403178 -0.889359 0.215610
vn -0.403178 -0.889359 0.215610
vn -0.375692 -0.892123 0.250942
vn -0.695952 -0.546675 0.465615
vn -0.741123 -0.540983 0.397586
vn -0.430454 -0.884866 0.178105
vn -0.403178 -0.889359 0.215610
vn -0.741123 -0.540983 0.397586
vn -0.781804 -0.531992 0.325220
vn -0.154667 -0.982565 0.103168
vn -0.142857 -0.982795 0.117075
vn -0.347526 -0.893341 0.284901
vn -0.375692 -0.892123 0.250942
vn -0.142857 -0.982795 0.117075
vn -0.130742 -0.982744 0.130846
vn -0.318116 -0.893069 0.318168
vn -0.347526 -0.893341 0.284901
vn -0.347526 -0.893341 0.284901
vn -0.318116 -0.893069 0.318168
vn -0.591334 -0.548694 0.590981
vn -0.646151 -0.549240 0.529929
vn -0.375692 -0.892123 0.250942
vn -0.347526 -0.893341 0.284901
vn -0.646151 -0.549240 0.529929
vn -0.695952 -0.546675 0.465615
vn -0.695952 -0.546675 0.465615
vn -0.646151 -0.549240 0.529929
vn -0.766757 -0.129288 0.628784
vn -0.824345 -0.128396 0.551335
vn -0.646151 -0.549240 0.529929
vn -0.591334 -0.548694 0.590981
vn -0.701343 -0.129120 0.701032
vn -0.766757 -0.129288 0.628784
vn -0.766757 -0.129288 0.628784
vn -0.701343 -0.129120 0.701032
vn -0.707106 0.000002 0.707107
vn -0.773319 -0.000005 0.634017
vn -0.824345 -0.128396 0.551335
vn -0.766757 -0.129288 0.628784
vn -0.773319 -0.000005 0.634017
vn -0.831470 -0.000005 0.555569
vn -0.781804 -0.531992 0.325220
vn -0.741123 -0.540983 0.397586
vn -0.874247 -0.126518 0.468706
vn -0.916371 -0.123625 0.380764
vn -0.741123 -0.540983 0.397586
vn -0.695952 -0.546675 0.465615
vn -0.824345 -0.128396 0.551335
vn -0.874247 -0.126518 0.468706
vn -0.874247 -0.126518 0.468706
vn -0.824345 -0.128396 0.551335
vn -0.831470 -0.000005 0.555569
vn -0.881692 -0.000007 0.471825
vn -0.916371 -0.123625 0.380764
vn -0.874247 -0.126518 0.468706
vn -0.881692 -0.000007 0.471825
vn -0.923879 -0.000004 0.382685
vn -0.130742 -0.982744 0.130846
vn -0.118199 -0.982426 0.144460
vn -0.287307 -0.891377 0.350573
vn -0.318116 -0.893069 0.318168
vn -0.118199 -0.982426 0.144460
vn -0.105243 -0.981807 0.158045
vn -0.255225 -0.888122 0.382230
vn -0.287307 -0.891377 0.350573
vn -0.287307 -0.891377 0.350573
vn -0.255225 -0.888122 0.382230
vn -0.468980 -0.538460 0.700085
vn -0.532009 -0.545138 0.647913
vn -0.318116 -0.893069 0.318168
vn -0.287307 -0.891377 0.350573
vn -0.532009 -0.545138 0.647913
vn -0.591334 -0.548694 0.590981
vn -0.105243 -0.981807 0.158045
vn -0.091528 -0.980848 0.171931
vn -0.221182 -0.883121 0.413733
vn -0.255225 -0.888122 0.382230
vn -0.091528 -0.980848 0.171931
vn -0.076637 -0.979464 0.186488
vn -0.184318 -0.876043 0.445619
vn -0.221182 -0.883121 0.413733
vn -0.221182 -0.883121 0.413733
vn -0.184318 -0.876043 0.445619
vn -0.329658 -0.515199 0.791136
vn -0.401745 -0.528567 0.747809
vn -0.255225 -0.888122 0.382230
vn -0.221182 -0.883121 0.413733
vn -0.401745 -0.528567 0.747809
vn -0.468980 -0.538460 0.700085
vn -0.468980 -0.538460 0.700085
vn -0.401745 -0.528567 0.747809
vn -0.469314 -0.122474 0.874497
vn -0.551884 -0.125687 0.824395
vn -0.401745 -0.528567 0.747809
vn -0.329658 -0.515199 0.791136
vn -0.381396 -0.118256 0.916817
vn -0.469314 -0.122474 0.874497
vn -0.469314 -0.122474 0.874497
vn -0.381396 -0.118256 0.916817
vn -0.382685 0.000010 0.923879
vn -0.471825 0.000008 0.881692
vn -0.551884 -0.125687 0.824395
vn -0.469314 -0.122474 0.874497
vn -0.471825 0.000008 0.881692
vn -0.555568 0.000001 0.831471
vn -0.591334 -0.548694 0.590981
vn -0.532009 -0.545138 0.647913
vn -0.629236 -0.127913 0.766616
vn -0.701343 -0.129120 0.701032
vn -0.532009 -0.545138 0.647913
vn -0.468980 -0.538460 0.700085
vn -0.551884 -0.125687 0.824395
vn -0.629236 -0.127913 0.766616
vn -0.629236 -0.127913 0.766616
vn -0.551884 -0.125687 0.824395
vn -0.555568 0.000001 0.831471
vn -0.634020 0.000003 0.773317
vn -0.701343 -0.129120 0.701032
vn -0.629236 -0.127913 0.766616
vn -0.634020 0.000003 0.773317
vn -0.707106 0.000002 0.707107
vn -0.076637 -0.979464 0.186488
vn -0.049679 -0.973213 0.224472
vn -0.117549 -0.847341 0.517875
vn -0.184318 -0.876043 0.445619
vn -0.049679 -0.973213 0.224472
vn -0.022539 -0.967917 0.250257
vn -0.052708 -0.823552 0.564787
vn -0.117549 -0.847341 0.517875
vn -0.117549 -0.847341 0.517875
vn -0.052708 -0.823552 0.564787
vn -0.086679 -0.437926 0.894823
vn -0.200475 -0.471928 0.858542
vn -0.184318 -0.876043 0.445619
vn -0.117549 -0.847341 0.517875
vn -0.200475 -0.471928 0.858542
vn -0.329658 -0.515199 0.791136
vn -0.022539 -0.967917 0.250257
vn -0.009435 -0.965864 0.258876
vn -0.021958 -0.814128 0.580270
vn -0.052708 -0.823552 0.564787
vn -0.009435 -0.965864 0.258876
vn -0.003849 -0.965549 0.260193
vn -0.008959 -0.812277 0.583204
vn -0.021958 -0.814128 0.580270
vn -0.021958 -0.814128 0.580270
vn -0.008959 -0.812277 0.583204
vn -0.014426 -0.420857 0.907012
vn -0.035531 -0.424368 0.904792
vn -0.052708 -0.823552 0.564787
vn -0.021958 -0.814128 0.580270
vn -0.035531 -0.424368 0.904792
vn -0.086679 -0.437926 0.894823
vn -0.086679 -0.437926 0.894823
vn -0.035531 -0.424368 0.904792
vn -0.038645 -0.093862 0.994835
vn -0.095003 -0.097867 0.990655
vn -0.035531 -0.424368 0.904792
vn -0.014426 -0.420857 0.907012
vn -0.015659 -0.092518 0.995588
vn -0.038645 -0.093862 0.994835
vn -0.038645 -0.093862 0.994835
vn -0.015659 -0.092518 0.995588
vn -0.015411 -0.000003 0.999881
vn -0.037992 -0.000008 0.999278
vn -0.095003 -0.097867 0.990655
vn -0.038645 -0.093862 0.994835
vn -0.037992 -0.000008 0.999278
vn -0.093433 -0.000002 0.995626
vn -0.329658 -0.515199 0.791136
vn -0.200475 -0.471928 0.858542
vn -0.224577 -0.107257 0.968536
vn -0.381396 -0.118256 0.916817
vn -0.200475 -0.471928 0.858542
vn -0.086679 -0.437926 0.894823
vn -0.095003 -0.097867 0.990655
vn -0.224577 -0.107257 0.968536
vn -0.224577 -0.107257 0.968536
vn -0.095003 -0.097867 0.990655
vn -0.093433 -0.000002 0.995626
vn -0.222386 0.000008 0.974959
vn -0.381396 -0.118256 0.916817
vn -0.224577 -0.107257 0.968536
vn -0.222386 0.000008 0.974959
vn -0.382685 0.000010 0.923879
vn 0.000000 0.000008 1.000000
vn -0.000537 0.000000 1.000000
vn -0.000542 -0.092653 0.995698
vn 0.000000 -0.092698 0.995694
vn -0.000537 0.000000 1.000000
vn -0.002358 -0.000008 0.999997
vn -0.002382 -0.092573 0.995703
vn -0.000542 -0.092653 0.995698
vn -0.000542 -0.092653 0.995698
vn -0.002382 -0.092573 0.995703
vn -0.002186 -0.425368 0.905018
vn -0.000497 -0.426416 0.904527
vn 0.000000 -0.092698 0.995694
vn -0.000542 -0.092653 0.995698
vn -0.000497 -0.426416 0.904527
vn 0.000000 -0.426800 0.904346
vn -0.002358 -0.000008 0.999997
vn -0.006329 -0.000004 0.999980
vn -0.006405 -0.092502 0.995692
vn -0.002382 -0.092573 0.995703
vn -0.006329 -0.000004 0.999980
vn -0.015411 -0.000003 0.999881
vn -0.015659 -0.092518 0.995588
vn -0.006405 -0.092502 0.995692
vn -0.006405 -0.092502 0.995692
vn -0.015659 -0.092518 0.995588
vn -0.014426 -0.420857 0.907012
vn -0.005884 -0.423647 0.905808
vn -0.002382 -0.092573 0.995703
vn -0.006405 -0.092502 0.995692
vn -0.005884 -0.423647 0.905808
vn -0.002186 -0.425368 0.905018
vn -0.002186 -0.425368 0.905018
vn -0.005884 -0.423647 0.905808
vn -0.003653 -0.816046 0.577976
vn -0.001356 -0.818201 0.574931
vn -0.005884 -0.423647 0.905808
vn -0.014426 -0.420857 0.907012
vn -0.008959 -0.812277 0.583204
vn -0.003653 -0.816046 0.577976
vn -0.003653 -0.816046 0.577976
vn -0.008959 -0.812277 0.583204
vn -0.003849 -0.965549 0.260193
vn -0.001567 -0.966632 0.256166
vn -0.001356 -0.818201 0.574931
vn -0.003653 -0.816046 0.577976
vn -0.001567 -0.966632 0.256166
vn -0.000580 -0.967241 0.253861
vn 0.000000 -0.426800 0.904346
vn -0.000497 -0.426416 0.904527
vn -0.000308 -0.819448 0.573153
vn 0.000000 -0.819893 0.572517
vn -0.000497 -0.426416 0.904527
vn -0.002186 -0.425368 0.905018
vn -0.001356 -0.818201 0.574931
vn -0.000308 -0.819448 0.573153
vn -0.000308 -0.819448 0.573153
vn -0.001356 -0.818201 0.574931
vn -0.000580 -0.967241 0.253861
vn -0.000132 -0.967593 0.252515
vn 0.000000 -0.819893 0.572517
vn -0.000308 -0.819448 0.573153
vn -0.000132 -0.967593 0.252515
vn 0.000000 -0.967719 0.252033
vn 0.015411 0.000000 0.999881
vn 0.006330 -0.000004 0.999980
vn 0.006405 -0.092498 0.995692
vn 0.015659 -0.092512 0.995588
vn 0.006330 -0.000004 0.999980
vn 0.002358 -0.000008 0.999997
vn 0.002382 -0.092583 0.995702
vn 0.006405 -0.092498 0.995692
vn 0.006405 -0.092498 0.995692
vn 0.002382 -0.092583 0.995702
vn 0.002186 -0.425368 0.905018
vn 0.005884 -0.423647 0.905808
vn 0.015659 -0.092512 0.995588
vn 0.006405 -0.092498 0.995692
vn 0.005884 -0.423647 0.905808
vn 0.014425 -0.420860 0.907011
vn 0.002358 -0.000008 0.999997
vn 0.000537 0.000000 1.000000
vn 0.000542 -0.092667 0.995697
vn 0.002382 -0.092583 0.995702
vn 0.000537 0.000000 1.000000
vn 0.000000 0.000008 1.000000
vn 0.000000 -0.092698 0.995694
vn 0.000542 -0.092667 0.995697
vn 0.000542 -0.092667 0.995697
vn 0.000000 -0.092698 0.995694
vn 0.000000 -0.426800 0.904346
vn 0.000497 -0.426416 0.904527
vn 0.002382 -0.092583 0.995702
vn 0.000542 -0.092667 0.995697
vn 0.000497 -0.426416 0.904527
vn 0.002186 -0.425368 0.905018
vn 0.002186 -0.425368 0.905018
vn 0.000497 -0.426416 0.904527
vn 0.000308 -0.819451 0.573149
vn 0.001356 -0.818202 0.574929
vn 0.000497 -0.426416 0.904527
vn 0.000000 -0.426800 0.904346
vn 0.000000 -0.819893 0.572517
vn 0.000308 -0.819451 0.573149
vn 0.000308 -0.819451 0.573149
vn 0.000000 -0.819893 0.572517
vn 0.000000 -0.967719 0.252033
vn 0.000132 -0.967593 0.252515
vn 0.001356 -0.818202 0.574929
vn 0.000308 -0.819451 0.573149
vn 0.000132 -0.967593 0.252515
vn 0.000580 -0.967241 0.253860
vn 0.014425 -0.420860 0.907011
vn 0.005884 -0.423647 0.905808
vn 0.003653 -0.816044 0.577978
vn 0.008959 -0.812274 0.583207
vn 0.005884 -0.423647 0.905808
vn 0.002186 -0.425368 0.905018
vn 0.001356 -0.818202 0.574929
vn 0.003653 -0.816044 0.577978
vn 0.003653 -0.816044 0.577978
vn 0.001356 -0.818202 0.574929
vn 0.000580 -0.967241 0.253860
vn 0.001567 -0.966632 0.256164
vn 0.008959 -0.812274 0.583207
vn 0.003653 -0.816044 0.577978
vn 0.001567 -0.966632 0.256164
vn 0.003849 -0.965549 0.260193
vn 0.003849 -0.965549 0.260193
vn 0.009435 -0.965864 0.258877
vn 0.021959 -0.814127 0.580271
vn 0.008959 -0.812274 0.583207
vn 0.009435 -0.965864 0.258877
vn 0.022540 -0.967917 0.250257
vn 0.052708 -0.823551 0.564789
vn 0.021959 -0.814127 0.580271
vn 0.021959 -0.814127 0.580271
vn 0.052708 -0.823551 0.564789
vn 0.086681 -0.437945 0.894813
vn 0.035530 -0.424381 0.904787
vn 0.008959 -0.812274 0.583207
vn 0.021959 -0.814127 0.580271
vn 0.035530 -0.424381 0.904787
vn 0.014425 -0.420860 0.907011
vn 0.022540 -0.967917 0.250257
vn 0.049680 -0.973213 0.224475
vn 0.117549 -0.847343 0.517873
vn 0.052708 -0.823551 0.564789
vn 0.049680 -0.973213 0.224475
vn 0.076637 -0.979463 0.186489
vn 0.184317 -0.876043 0.445619
vn 0.117549 -0.847343 0.517873
vn 0.117549 -0.847343 0.517873
vn 0.184317 -0.876043 0.445619
vn 0.329657 -0.515197 0.791138
vn 0.200474 -0.471940 0.858535
vn 0.052708 -0.823551 0.564789
vn 0.117549 -0.847343 0.517873
vn 0.200474 -0.471940 0.858535
vn 0.086681 -0.437945 0.894813
vn 0.086681 -0.437945 0.894813
vn 0.200474 -0.471940 0.858535
vn 0.224576 -0.107256 0.968536
vn 0.095003 -0.097866 0.990655
vn 0.200474 -0.471940 0.858535
vn 0.329657 -0.515197 0.791138
vn 0.381395 -0.118253 0.916817
vn 0.224576 -0.107256 0.968536
vn 0.224576 -0.107256 0.968536
vn 0.381395 -0.118253 0.916817
vn 0.382682 0.000000 0.923880
vn 0.222384 0.000004 0.974959
vn 0.095003 -0.097866 0.990655
vn 0.224576 -0.107256 0.968536
vn 0.222384 0.000004 0.974959
vn 0.093436 0.000007 0.995625
vn 0.014425 -0.420860 0.907011
vn 0.035530 -0.424381 0.904787
vn 0.038645 -0.093861 0.994835
vn 0.015659 -0.092512 0.995588
vn 0.035530 -0.424381 0.904787
vn 0.086681 -0.437945 0.894813
vn 0.095003 -0.097866 0.990655
vn 0.038645 -0.093861 0.994835
vn 0.038645 -0.093861 0.994835
vn 0.095003 -0.097866 0.990655
vn 0.093436 0.000007 0.995625
vn 0.037992 0.000003 0.999278
vn 0.015659 -0.092512 0.995588
vn 0.038645 -0.093861 0.994835
vn 0.037992 0.000003 0.999278
vn 0.015411 0.000000 0.999881
vn 0.076637 -0.979463 0.186489
vn 0.091528 -0.980848 0.171930
vn 0.221181 -0.883122 0.413732
vn 0.184317 -0.876043 0.445619
vn 0.091528 -0.980848 0.171930
vn 0.105244 -0.981807 0.158045
vn 0.255224 -0.888124 0.382227
vn 0.221181 -0.883122 0.413732
vn 0.221181 -0.883122 0.413732
vn 0.255224 -0.888124 0.382227
vn 0.468977 -0.538463 0.700084
vn 0.401744 -0.528567 0.747810
vn 0.184317 -0.876043 0.445619
vn 0.221181 -0.883122 0.413732
vn 0.401744 -0.528567 0.747810
vn 0.329657 -0.515197 0.791138
vn 0.105244 -0.981807 0.158045
vn 0.118200 -0.982426 0.144460
vn 0.287303 -0.891380 0.350568
vn 0.255224 -0.888124 0.382227
vn 0.118200 -0.982426 0.144460
vn 0.130742 -0.982744 0.130846
vn 0.318111 -0.893072 0.318163
vn 0.287303 -0.891380 0.350568
vn 0.287303 -0.891380 0.350568
vn 0.318111 -0.893072 0.318163
vn 0.591327 -0.548707 0.590976
vn 0.532006 -0.545146 0.647909
vn 0.255224 -0.888124 0.382227
vn 0.287303 -0.891380 0.350568
vn 0.532006 -0.545146 0.647909
vn 0.468977 -0.538463 0.700084
vn 0.468977 -0.538463 0.700084
vn 0.532006 -0.545146 0.647909
vn 0.629237 -0.127912 0.766616
vn 0.551885 -0.125669 0.824397
vn 0.532006 -0.545146 0.647909
vn 0.591327 -0.548707 0.590976
vn 0.701343 -0.129131 0.701030
vn 0.629237 -0.127912 0.766616
vn 0.629237 -0.127912 0.766616
vn 0.701343 -0.129131 0.701030
vn 0.707104 0.000006 0.707109
vn 0.634020 0.000001 0.773317
vn 0.551885 -0.125669 0.824397
vn 0.629237 -0.127912 0.766616
vn 0.634020 0.000001 0.773317
vn 0.555568 0.000008 0.831471
vn 0.329657 -0.515197 0.791138
vn 0.401744 -0.528567 0.747810
vn 0.469314 -0.122463 0.874498
vn 0.381395 -0.118253 0.916817
vn 0.401744 -0.528567 0.747810
vn 0.468977 -0.538463 0.700084
vn 0.551885 -0.125669 0.824397
vn 0.469314 -0.122463 0.874498
vn 0.469314 -0.122463 0.874498
vn 0.551885 -0.125669 0.824397
vn 0.555568 0.000008 0.831471
vn 0.471825 0.000006 0.881692
vn 0.381395 -0.118253 0.916817
vn 0.469314 -0.122463 0.874498
vn 0.471825 0.000006 0.881692
vn 0.382682 0.000000 0.923880
vn 0.130742 -0.982744 0.130846
vn 0.142857 -0.982795 0.117074
vn 0.347524 -0.893342 0.284899
vn 0.318111 -0.893072 0.318163
vn 0.142857 -0.982795 0.117074
vn 0.154667 -0.982565 0.103168
vn 0.375696 -0.892121 0.250944
vn 0.347524 -0.893342 0.284899
vn 0.347524 -0.893342 0.284899
vn 0.375696 -0.892121 0.250944
vn 0.695943 -0.546691 0.465609
vn 0.646145 -0.549254 0.529921
vn 0.318111 -0.893072 0.318163
vn 0.347524 -0.893342 0.284899
vn 0.646145 -0.549254 0.529921
vn 0.591327 -0.548707 0.590976
vn 0.154667 -0.982565 0.103168
vn 0.166461 -0.982043 0.088783
vn 0.403183 -0.889357 0.215612
vn 0.375696 -0.892121 0.250944
vn 0.166461 -0.982043 0.088783
vn 0.178523 -0.981185 0.073528
vn 0.430457 -0.884865 0.178106
vn 0.403183 -0.889357 0.215612
vn 0.403183 -0.889357 0.215612
vn 0.430457 -0.884865 0.178106
vn 0.781799 -0.531999 0.325219
vn 0.741114 -0.540998 0.397582
vn 0.375696 -0.892121 0.250944
vn 0.403183 -0.889357 0.215612
vn 0.741114 -0.540998 0.397582
vn 0.695943 -0.546691 0.465609
vn 0.695943 -0.546691 0.465609
vn 0.741114 -0.540998 0.397582
vn 0.874245 -0.126539 0.468704
vn 0.824343 -0.128405 0.551335
vn 0.741114 -0.540998 0.397582
vn 0.781799 -0.531999 0.325219
vn 0.916371 -0.123622 0.380764
vn 0.874245 -0.126539 0.468704
vn 0.874245 -0.126539 0.468704
vn 0.916371 -0.123622 0.380764
vn 0.923880 0.000002 0.382683
vn 0.881693 0.000011 0.471824
vn 0.824343 -0.128405 0.551335
vn 0.874245 -0.126539 0.468704
vn 0.881693 0.000011 0.471824
vn 0.831472 0.000009 0.555567
vn 0.591327 -0.548707 0.590976
vn 0.646145 -0.549254 0.529921
vn 0.766757 -0.129286 0.628783
vn 0.701343 -0.129131 0.701030
vn 0.646145 -0.549254 0.529921
vn 0.695943 -0.546691 0.465609
vn 0.824343 -0.128405 0.551335
vn 0.766757 -0.129286 0.628783
vn 0.766757 -0.129286 0.628783
vn 0.824343 -0.128405 0.551335
vn 0.831472 0.000009 0.555567
vn 0.773320 0.000007 0.634016
vn 0.701343 -0.129131 0.701030
vn 0.766757 -0.129286 0.628783
vn 0.773320 0.000007 0.634016
vn 0.707104 0.000006 0.707109
vn 0.178523 -0.981185 0.073528
vn 0.206828 -0.977208 0.047813
vn 0.487090 -0.865791 0.114671
vn 0.430457 -0.884865 0.178106
vn 0.206828 -0.977208 0.047813
vn 0.226295 -0.973804 0.022281
vn 0.524922 -0.849491 0.053115
vn 0.487090 -0.865791 0.114671
vn 0.487090 -0.865791 0.114671
vn 0.524922 -0.849491 0.053115
vn 0.875814 -0.473928 0.091335
vn 0.841803 -0.500408 0.202386
vn 0.430457 -0.884865 0.178106
vn 0.487090 -0.865791 0.114671
vn 0.841803 -0.500408 0.202386
vn 0.781799 -0.531999 0.325219
vn 0.226295 -0.973804 0.022281
vn 0.233109 -0.972404 0.009517
vn 0.538103 -0.842575 0.022633
vn 0.524922 -0.849491 0.053115
vn 0.233109 -0.972404 0.009517
vn 0.234261 -0.972166 0.003931
vn 0.540783 -0.841110 0.009353
vn 0.538103 -0.842575 0.022633
vn 0.538103 -0.842575 0.022633
vn 0.540783 -0.841110 0.009353
vn 0.888169 -0.459244 0.015829
vn 0.885835 -0.462405 0.038443
vn 0.524922 -0.849491 0.053115
vn 0.538103 -0.842575 0.022633
vn 0.885835 -0.462405 0.038443
vn 0.875814 -0.473928 0.091335
vn 0.875814 -0.473928 0.091335
vn 0.885835 -0.462405 0.038443
vn 0.993655 -0.104022 0.042770
vn 0.988910 -0.107603 0.102369
vn 0.885835 -0.462405 0.038443
vn 0.888169 -0.459244 0.015829
vn 0.994550 -0.102771 0.017575
vn 0.993655 -0.104022 0.042770
vn 0.993655 -0.104022 0.042770
vn 0.994550 -0.102771 0.017575
vn 0.999849 0.000001 0.017364
vn 0.999108 0.000002 0.042232
vn 0.988910 -0.107603 0.102369
vn 0.993655 -0.104022 0.042770
vn 0.999108 0.000002 0.042232
vn 0.994866 0.000017 0.101198
vn 0.781799 -0.531999 0.325219
vn 0.841803 -0.500408 0.202386
vn 0.966057 -0.115336 0.231152
vn 0.916371 -0.123622 0.380764
vn 0.841803 -0.500408 0.202386
vn 0.875814 -0.473928 0.091335
vn 0.988910 -0.107603 0.102369
vn 0.966057 -0.115336 0.231152
vn 0.966057 -0.115336 0.231152
vn 0.988910 -0.107603 0.102369
vn 0.994866 0.000017 0.101198
vn 0.973186 0.000025 0.230019
vn 0.916371 -0.123622 0.380764
vn 0.966057 -0.115336 0.231152
vn 0.973186 0.000025 0.230019
vn 0.923880 0.000002 0.382683
vn 1.000000 -0.000009 0.000000
vn 1.000000 0.000000 0.000612
vn 0.994695 -0.102870 0.000616
vn 0.994687 -0.102946 0.000000
vn 1.000000 0.000000 0.000612
vn 0.999996 -0.000015 0.002681
vn 0.994701 -0.102772 0.002701
vn 0.994695 -0.102870 0.000616
vn 0.994695 -0.102870 0.000616
vn 0.994701 -0.102772 0.002701
vn 0.886286 -0.463132 0.002424
vn 0.885806 -0.464056 0.000552
vn 0.994687 -0.102946 0.000000
vn 0.994695 -0.102870 0.000616
vn 0.885806 -0.464056 0.000552
vn 0.885627 -0.464397 0.000000
vn 0.999996 -0.000015 0.002681
vn 0.999974 -0.000017 0.007176
vn 0.994682 -0.102736 0.007239
vn 0.994701 -0.102772 0.002701
vn 0.999974 -0.000017 0.007176
vn 0.999849 0.000001 0.017364
vn 0.994550 -0.102771 0.017575
vn 0.994682 -0.102736 0.007239
vn 0.994682 -0.102736 0.007239
vn 0.994550 -0.102771 0.017575
vn 0.888169 -0.459244 0.015829
vn 0.887047 -0.461633 0.006504
vn 0.994701 -0.102772 0.002701
vn 0.994682 -0.102736 0.007239
vn 0.887047 -0.461633 0.006504
vn 0.886286 -0.463132 0.002424
vn 0.886286 -0.463132 0.002424
vn 0.887047 -0.461633 0.006504
vn 0.536557 -0.843856 0.003841
vn 0.534076 -0.845435 0.001430
vn 0.887047 -0.461633 0.006504
vn 0.888169 -0.459244 0.015829
vn 0.540783 -0.841110 0.009353
vn 0.536557 -0.843856 0.003841
vn 0.536557 -0.843856 0.003841
vn 0.540783 -0.841110 0.009353
vn 0.234261 -0.972166 0.003931
vn 0.231277 -0.972887 0.001613
vn 0.534076 -0.845435 0.001430
vn 0.536557 -0.843856 0.003841
vn 0.231277 -0.972887 0.001613
vn 0.229561 -0.973294 0.000600
vn 0.885627 -0.464397 0.000000
vn 0.885806 -0.464056 0.000552
vn 0.532640 -0.846342 0.000325
vn 0.532125 -0.846666 0.000000
vn 0.885806 -0.464056 0.000552
vn 0.886286 -0.463132 0.002424
vn 0.534076 -0.845435 0.001430
vn 0.532640 -0.846342 0.000325
vn 0.532640 -0.846342 0.000325
vn 0.534076 -0.845435 0.001430
vn 0.229561 -0.973294 0.000600
vn 0.228569 -0.973528 0.000136
vn 0.532125 -0.846666 0.000000
vn 0.532640 -0.846342 0.000325
vn 0.228569 -0.973528 0.000136
vn 0.228210 -0.973612 0.000000
vn 0.999849 0.000000 -0.017364
vn 0.999974 -0.000012 -0.007176
vn 0.994684 -0.102718 -0.007239
vn 0.994553 -0.102735 -0.017576
vn 0.999974 -0.000012 -0.007176
vn 0.999996 -0.000019 -0.002681
vn 0.994700 -0.102780 -0.002701
vn 0.994684 -0.102718 -0.007239
vn 0.994684 -0.102718 -0.007239
vn 0.994700 -0.102780 -0.002701
vn 0.886289 -0.463127 -0.002424
vn 0.887047 -0.461633 -0.006504
vn 0.994553 -0.102735 -0.017576
vn 0.994684 -0.102718 -0.007239
vn 0.887047 -0.461633 -0.006504
vn 0.888173 -0.459236 -0.015830
vn 0.999996 -0.000019 -0.002681
vn 1.000000 -0.000018 -0.000612
vn 0.994694 -0.102881 -0.000616
vn 0.994700 -0.102780 -0.002701
vn 1.000000 -0.000018 -0.000612
vn 1.000000 -0.000009 0.000000
vn 0.994687 -0.102946 0.000000
vn 0.994694 -0.102881 -0.000616
vn 0.994694 -0.102881 -0.000616
vn 0.994687 -0.102946 0.000000
vn 0.885627 -0.464397 0.000000
vn 0.885810 -0.464049 -0.000552
vn 0.994700 -0.102780 -0.002701
vn 0.994694 -0.102881 -0.000616
vn 0.885810 -0.464049 -0.000552
vn 0.886289 -0.463127 -0.002424
vn 0.886289 -0.463127 -0.002424
vn 0.885810 -0.464049 -0.000552
vn 0.532631 -0.846348 -0.000325
vn 0.534070 -0.845439 -0.001429
vn 0.885810 -0.464049 -0.000552
vn 0.885627 -0.464397 0.000000
vn 0.532125 -0.846666 0.000000
vn 0.532631 -0.846348 -0.000325
vn 0.532631 -0.846348 -0.000325
vn 0.532125 -0.846666 0.000000
vn 0.228210 -0.973612 0.000000
vn 0.228568 -0.973528 -0.000136
vn 0.534070 -0.845439 -0.001429
vn 0.532631 -0.846348 -0.000325
vn 0.228568 -0.973528 -0.000136
vn 0.229559 -0.973295 -0.000600
vn 0.888173 -0.459236 -0.015830
vn 0.887047 -0.461633 -0.006504
vn 0.536558 -0.843855 -0.003841
vn 0.540782 -0.841111 -0.009353
vn 0.887047 -0.461633 -0.006504
vn 0.886289 -0.463127 -0.002424
vn 0.534070 -0.845439 -0.001429
vn 0.536558 -0.843855 -0.003841
vn 0.536558 -0.843855 -0.003841
vn 0.534070 -0.845439 -0.001429
vn 0.229559 -0.973295 -0.000600
vn 0.231277 -0.972887 -0.001613
vn 0.540782 -0.841111 -0.009353
vn 0.536558 -0.843855 -0.003841
vn 0.231277 -0.972887 -0.001613
vn 0.234261 -0.972166 -0.003932
vn 0.923878 -0.000011 -0.382687
vn 0.973186 -0.000014 -0.230018
vn 0.966055 -0.115358 -0.231148
vn 0.916372 -0.123605 -0.380767
vn 0.973186 -0.000014 -0.230018
vn 0.994866 -0.000020 -0.101198
vn 0.988908 -0.107617 -0.102369
vn 0.966055 -0.115358 -0.231148
vn 0.966055 -0.115358 -0.231148
vn 0.988908 -0.107617 -0.102369
vn 0.875827 -0.473904 -0.091337
vn 0.841802 -0.500410 -0.202384
vn 0.916372 -0.123605 -0.380767
vn 0.966055 -0.115358 -0.231148
vn 0.841802 -0.500410 -0.202384
vn 0.781799 -0.531998 -0.325220
vn 0.994866 -0.000020 -0.101198
vn 0.999108 -0.000007 -0.042232
vn 0.993656 -0.104007 -0.042771
vn 0.988908 -0.107617 -0.102369
vn 0.999108 -0.000007 -0.042232
vn 0.999849 0.000000 -0.017364
vn 0.994553 -0.102735 -0.017576
vn 0.993656 -0.104007 -0.042771
vn 0.993656 -0.104007 -0.042771
vn 0.994553 -0.102735 -0.017576
vn 0.888173 -0.459236 -0.015830
vn 0.885842 -0.462392 -0.038444
vn 0.988908 -0.107617 -0.102369
vn 0.993656 -0.104007 -0.042771
vn 0.885842 -0.462392 -0.038444
vn 0.875827 -0.473904 -0.091337
vn 0.875827 -0.473904 -0.091337
vn 0.885842 -0.462392 -0.038444
vn 0.538090 -0.842583 -0.022632
vn 0.524921 -0.849492 -0.053115
vn 0.885842 -0.462392 -0.038444
vn 0.888173 -0.459236 -0.015830
vn 0.540782 -0.841111 -0.009353
vn 0.538090 -0.842583 -0.022632
vn 0.538090 -0.842583 -0.022632
vn 0.540782 -0.841111 -0.009353
vn 0.234261 -0.972166 -0.003932
vn 0.233109 -0.972404 -0.009517
vn 0.524921 -0.849492 -0.053115
vn 0.538090 -0.842583 -0.022632
vn 0.233109 -0.972404 -0.009517
vn 0.226292 -0.973805 -0.022281
vn 0.781799 -0.531998 -0.325220
vn 0.841802 -0.500410 -0.202384
vn 0.487094 -0.865788 -0.114672
vn 0.430457 -0.884865 -0.178105
vn 0.841802 -0.500410 -0.202384
vn 0.875827 -0.473904 -0.091337
vn 0.524921 -0.849492 -0.053115
vn 0.487094 -0.865788 -0.114672
vn 0.487094 -0.865788 -0.114672
vn 0.524921 -0.849492 -0.053115
vn 0.226292 -0.973805 -0.022281
vn 0.206828 -0.977208 -0.047813
vn 0.430457 -0.884865 -0.178105
vn 0.487094 -0.865788 -0.114672
vn 0.206828 -0.977208 -0.047813
vn 0.178523 -0.981185 -0.073528
vn 0.707105 0.000004 -0.707109
vn 0.773320 0.000001 -0.634016
vn 0.766756 -0.129285 -0.628785
vn 0.701343 -0.129130 -0.701030
vn 0.773320 0.000001 -0.634016
vn 0.831473 -0.000014 -0.555565
vn 0.824346 -0.128392 -0.551335
vn 0.766756 -0.129285 -0.628785
vn 0.766756 -0.129285 -0.628785
vn 0.824346 -0.128392 -0.551335
vn 0.695962 -0.546655 -0.465622
vn 0.646154 -0.549237 -0.529929
vn 0.701343 -0.129130 -0.701030
vn 0.766756 -0.129285 -0.628785
vn 0.646154 -0.549237 -0.529929
vn 0.591330 -0.548704 -0.590976
vn 0.831473 -0.000014 -0.555565
vn 0.881692 -0.000025 -0.471825
vn 0.874247 -0.126509 -0.468708
vn 0.824346 -0.128392 -0.551335
vn 0.881692 -0.000025 -0.471825
vn 0.923878 -0.000011 -0.382687
vn 0.916372 -0.123605 -0.380767
vn 0.874247 -0.126509 -0.468708
vn 0.874247 -0.126509 -0.468708
vn 0.916372 -0.123605 -0.380767
vn 0.781799 -0.531998 -0.325220
vn 0.741131 -0.540967 -0.397592
vn 0.824346 -0.128392 -0.551335
vn 0.874247 -0.126509 -0.468708
vn 0.741131 -0.540967 -0.397592
vn 0.695962 -0.546655 -0.465622
vn 0.695962 -0.546655 -0.465622
vn 0.741131 -0.540967 -0.397592
vn 0.403179 -0.889359 -0.215611
vn 0.375696 -0.892121 -0.250944
vn 0.741131 -0.540967 -0.397592
vn 0.781799 -0.531998 -0.325220
vn 0.430457 -0.884865 -0.178105
vn 0.403179 -0.889359 -0.215611
vn 0.403179 -0.889359 -0.215611
vn 0.430457 -0.884865 -0.178105
vn 0.178523 -0.981185 -0.073528
vn 0.166458 -0.982044 -0.088782
vn 0.375696 -0.892121 -0.250944
vn 0.403179 -0.889359 -0.215611
vn 0.166458 -0.982044 -0.088782
vn 0.154663 -0.982566 -0.103166
vn 0.591330 -0.548704 -0.590976
vn 0.646154 -0.549237 -0.529929
vn 0.347525 -0.893340 -0.284902
vn 0.318113 -0.893071 -0.318165
vn 0.646154 -0.549237 -0.529929
vn 0.695962 -0.546655 -0.465622
vn 0.375696 -0.892121 -0.250944
vn 0.347525 -0.893340 -0.284902
vn 0.347525 -0.893340 -0.284902
vn 0.375696 -0.892121 -0.250944
vn 0.154663 -0.982566 -0.103166
vn 0.142856 -0.982795 -0.117073
vn 0.318113 -0.893071 -0.318165
vn 0.347525 -0.893340 -0.284902
vn 0.142856 -0.982795 -0.117073
vn 0.130742 -0.982744 -0.130846
vn 0.382683 0.000000 -0.923880
vn 0.471824 -0.000006 -0.881693
vn 0.469313 -0.122481 -0.874496
vn 0.381397 -0.118250 -0.916817
vn 0.471824 -0.000006 -0.881693
vn 0.555569 -0.000003 -0.831471
vn 0.551880 -0.125707 -0.824395
vn 0.469313 -0.122481 -0.874496
vn 0.469313 -0.122481 -0.874496
vn 0.551880 -0.125707 -0.824395
vn 0.468983 -0.538447 -0.700093
vn 0.401752 -0.528550 -0.747817
vn 0.381397 -0.118250 -0.916817
vn 0.469313 -0.122481 -0.874496
vn 0.401752 -0.528550 -0.747817
vn 0.329660 -0.515191 -0.791140
vn 0.555569 -0.000003 -0.831471
vn 0.634021 0.000006 -0.773316
vn 0.629235 -0.127929 -0.766615
vn 0.551880 -0.125707 -0.824395
vn 0.634021 0.000006 -0.773316
vn 0.707105 0.000004 -0.707109
vn 0.701343 -0.129130 -0.701030
vn 0.629235 -0.127929 -0.766615
vn 0.629235 -0.127929 -0.766615
vn 0.701343 -0.129130 -0.701030
vn 0.591330 -0.548704 -0.590976
vn 0.532007 -0.545141 -0.647912
vn 0.551880 -0.125707 -0.824395
vn 0.629235 -0.127929 -0.766615
vn 0.532007 -0.545141 -0.647912
vn 0.468983 -0.538447 -0.700093
vn 0.468983 -0.538447 -0.700093
vn 0.532007 -0.545141 -0.647912
vn 0.287311 -0.891375 -0.350576
vn 0.255232 -0.888116 -0.382239
vn 0.532007 -0.545141 -0.647912
vn 0.591330 -0.548704 -0.590976
vn 0.318113 -0.893071 -0.318165
vn 0.287311 -0.891375 -0.350576
vn 0.287311 -0.891375 -0.350576
vn 0.318113 -0.893071 -0.318165
vn 0.130742 -0.982744 -0.130846
vn 0.118199 -0.982426 -0.144459
vn 0.255232 -0.888116 -0.382239
vn 0.287311 -0.891375 -0.350576
vn 0.118199 -0.982426 -0.144459
vn 0.105242 -0.981808 -0.158042
vn 0.329660 -0.515191 -0.791140
vn 0.401752 -0.528550 -0.747817
vn 0.221183 -0.883120 -0.413735
vn 0.184317 -0.876043 -0.445619
vn 0.401752 -0.528550 -0.747817
vn 0.468983 -0.538447 -0.700093
vn 0.255232 -0.888116 -0.382239
vn 0.221183 -0.883120 -0.413735
vn 0.221183 -0.883120 -0.413735
vn 0.255232 -0.888116 -0.382239
vn 0.105242 -0.981808 -0.158042
vn 0.091527 -0.980848 -0.171929
vn 0.184317 -0.876043 -0.445619
vn 0.221183 -0.883120 -0.413735
vn 0.091527 -0.980848 -0.171929
vn 0.076637 -0.979463 -0.186489
vn 0.015411 0.000001 -0.999881
vn 0.037992 -0.000010 -0.999278
vn 0.038645 -0.093857 -0.994835
vn 0.015659 -0.092503 -0.995589
vn 0.037992 -0.000010 -0.999278
vn 0.093435 -0.000012 -0.995625
vn 0.095003 -0.097867 -0.990655
vn 0.038645 -0.093857 -0.994835
vn 0.038645 -0.093857 -0.994835
vn 0.095003 -0.097867 -0.990655
vn 0.086680 -0.437918 -0.894826
vn 0.035531 -0.424362 -0.904795
vn 0.015659 -0.092503 -0.995589
vn 0.038645 -0.093857 -0.994835
vn 0.035531 -0.424362 -0.904795
vn 0.014426 -0.420860 -0.907011
vn 0.093435 -0.000012 -0.995625
vn 0.222386 -0.000004 -0.974959
vn 0.224576 -0.107256 -0.968536
vn 0.095003 -0.097867 -0.990655
vn 0.222386 -0.000004 -0.974959
vn 0.382683 0.000000 -0.923880
vn 0.381397 -0.118250 -0.916817
vn 0.224576 -0.107256 -0.968536
vn 0.224576 -0.107256 -0.968536
vn 0.381397 -0.118250 -0.916817
vn 0.329660 -0.515191 -0.791140
vn 0.200476 -0.471925 -0.858543
vn 0.095003 -0.097867 -0.990655
vn 0.224576 -0.107256 -0.968536
vn 0.200476 -0.471925 -0.858543
vn 0.086680 -0.437918 -0.894826
vn 0.086680 -0.437918 -0.894826
vn 0.200476 -0.471925 -0.858543
vn 0.117551 -0.847340 -0.517877
vn 0.052708 -0.823551 -0.564789
vn 0.200476 -0.471925 -0.858543
vn 0.329660 -0.515191 -0.791140
vn 0.184317 -0.876043 -0.445619
vn 0.117551 -0.847340 -0.517877
vn 0.117551 -0.847340 -0.517877
vn 0.184317 -0.876043 -0.445619
vn 0.076637 -0.979463 -0.186489
vn 0.049679 -0.973213 -0.224472
vn 0.052708 -0.823551 -0.564789
vn 0.117551 -0.847340 -0.517877
vn 0.049679 -0.973213 -0.224472
vn 0.022539 -0.967918 -0.250255
vn 0.014426 -0.420860 -0.907011
vn 0.035531 -0.424362 -0.904795
vn 0.021958 -0.814132 -0.580265
vn 0.008958 -0.812281 -0.583197
vn 0.035531 -0.424362 -0.904795
vn 0.086680 -0.437918 -0.894826
vn 0.052708 -0.823551 -0.564789
vn 0.021958 -0.814132 -0.580265
vn 0.021958 -0.814132 -0.580265
vn 0.052708 -0.823551 -0.564789
vn 0.022539 -0.967918 -0.250255
vn 0.009435 -0.965865 -0.258875
vn 0.008958 -0.812281 -0.583197
vn 0.021958 -0.814132 -0.580265
vn 0.009435 -0.965865 -0.258875
vn 0.003849 -0.965549 -0.260194
vn 0.000000 -0.967719 -0.252033
vn 0.000000 -0.819892 -0.572519
vn 0.000308 -0.819445 -0.573158
vn 0.000132 -0.967593 -0.252515
vn 0.000000 -0.819892 -0.572519
vn 0.000000 -0.426791 -0.904350
vn 0.000497 -0.426420 -0.904525
vn 0.000308 -0.819445 -0.573158
vn 0.000308 -0.819445 -0.573158
vn 0.000497 -0.426420 -0.904525
vn 0.002186 -0.425387 -0.905009
vn 0.001356 -0.818199 -0.574934
vn 0.000132 -0.967593 -0.252515
vn 0.000308 -0.819445 -0.573158
vn 0.001356 -0.818199 -0.574934
vn 0.000580 -0.967240 -0.253863
vn 0.000000 -0.426791 -0.904350
vn 0.000000 -0.092702 -0.995694
vn 0.000542 -0.092672 -0.995697
vn 0.000497 -0.426420 -0.904525
vn 0.000000 -0.092702 -0.995694
vn 0.000000 -0.000008 -1.000000
vn 0.000537 0.000000 -1.000000
vn 0.000542 -0.092672 -0.995697
vn 0.000542 -0.092672 -0.995697
vn 0.000537 0.000000 -1.000000
vn 0.002358 0.000011 -0.999997
vn 0.002382 -0.092578 -0.995703
vn 0.000497 -0.426420 -0.904525
vn 0.000542 -0.092672 -0.995697
vn 0.002382 -0.092578 -0.995703
vn 0.002186 -0.425387 -0.905009
vn 0.002186 -0.425387 -0.905009
vn 0.002382 -0.092578 -0.995703
vn 0.006405 -0.092488 -0.995693
vn 0.005884 -0.423662 -0.905801
vn 0.002382 -0.092578 -0.995703
vn 0.002358 0.000011 -0.999997
vn 0.006330 0.000012 -0.999980
vn 0.006405 -0.092488 -0.995693
vn 0.006405 -0.092488 -0.995693
vn 0.006330 0.000012 -0.999980
vn 0.015411 0.000001 -0.999881
vn 0.015659 -0.092503 -0.995589
vn 0.005884 -0.423662 -0.905801
vn 0.006405 -0.092488 -0.995693
vn 0.015659 -0.092503 -0.995589
vn 0.014426 -0.420860 -0.907011
vn 0.000580 -0.967240 -0.253863
vn 0.001356 -0.818199 -0.574934
vn 0.003653 -0.816047 -0.577974
vn 0.001567 -0.966631 -0.256168
vn 0.001356 -0.818199 -0.574934
vn 0.002186 -0.425387 -0.905009
vn 0.005884 -0.423662 -0.905801
vn 0.003653 -0.816047 -0.577974
vn 0.003653 -0.816047 -0.577974
vn 0.005884 -0.423662 -0.905801
vn 0.014426 -0.420860 -0.907011
vn 0.008958 -0.812281 -0.583197
vn 0.001567 -0.966631 -0.256168
vn 0.003653 -0.816047 -0.577974
vn 0.008958 -0.812281 -0.583197
vn 0.003849 -0.965549 -0.260194
vn -0.003849 -0.965549 -0.260194
vn -0.008958 -0.812272 -0.583210
vn -0.003653 -0.816039 -0.577986
vn -0.001567 -0.966632 -0.256166
vn -0.008958 -0.812272 -0.583210
vn -0.014425 -0.420866 -0.907008
vn -0.005884 -0.423663 -0.905801
vn -0.003653 -0.816039 -0.577986
vn -0.003653 -0.816039 -0.577986
vn -0.005884 -0.423663 -0.905801
vn -0.002186 -0.425385 -0.905010
vn -0.001356 -0.818198 -0.574935
vn -0.001567 -0.966632 -0.256166
vn -0.003653 -0.816039 -0.577986
vn -0.001356 -0.818198 -0.574935
vn -0.000580 -0.967240 -0.253862
vn -0.014425 -0.420866 -0.907008
vn -0.015659 -0.092514 -0.995588
vn -0.006405 -0.092512 -0.995691
vn -0.005884 -0.423663 -0.905801
vn -0.015659 -0.092514 -0.995588
vn -0.015411 0.000003 -0.999881
vn -0.006330 0.000004 -0.999980
vn -0.006405 -0.092512 -0.995691
vn -0.006405 -0.092512 -0.995691
vn -0.006330 0.000004 -0.999980
vn -0.002358 0.000008 -0.999997
vn -0.002382 -0.092587 -0.995702
vn -0.005884 -0.423663 -0.905801
vn -0.006405 -0.092512 -0.995691
vn -0.002382 -0.092587 -0.995702
vn -0.002186 -0.425385 -0.905010
vn -0.002186 -0.425385 -0.905010
vn -0.002382 -0.092587 -0.995702
vn -0.000542 -0.092658 -0.995698
vn -0.000497 -0.426419 -0.904526
vn -0.002382 -0.092587 -0.995702
vn -0.002358 0.000008 -0.999997
vn -0.000537 0.000000 -1.000000
vn -0.000542 -0.092658 -0.995698
vn -0.000542 -0.092658 -0.995698
vn -0.000537 0.000000 -1.000000
vn 0.000000 -0.000008 -1.000000
vn 0.000000 -0.092702 -0.995694
vn -0.000497 -0.426419 -0.904526
vn -0.000542 -0.092658 -0.995698
vn 0.000000 -0.092702 -0.995694
vn 0.000000 -0.426791 -0.904350
vn -0.000580 -0.967240 -0.253862
vn -0.001356 -0.818198 -0.574935
vn -0.000308 -0.819450 -0.573151
vn -0.000132 -0.967593 -0.252515
vn -0.001356 -0.818198 -0.574935
vn -0.002186 -0.425385 -0.905010
vn -0.000497 -0.426419 -0.904526
vn -0.000308 -0.819450 -0.573151
vn -0.000308 -0.819450 -0.573151
vn -0.000497 -0.426419 -0.904526
vn 0.000000 -0.426791 -0.904350
vn 0.000000 -0.819892 -0.572519
vn -0.000132 -0.967593 -0.252515
vn -0.000308 -0.819450 -0.573151
vn 0.000000 -0.819892 -0.572519
vn 0.000000 -0.967719 -0.252033
vn -0.382685 -0.000006 -0.923879
vn -0.222387 0.000000 -0.974958
vn -0.224575 -0.107266 -0.968535
vn -0.381399 -0.118262 -0.916815
vn -0.222387 0.000000 -0.974958
vn -0.093434 0.000005 -0.995626
vn -0.095004 -0.097876 -0.990654
vn -0.224575 -0.107266 -0.968535
vn -0.224575 -0.107266 -0.968535
vn -0.095004 -0.097876 -0.990654
vn -0.086679 -0.437932 -0.894820
vn -0.200475 -0.471928 -0.858542
vn -0.381399 -0.118262 -0.916815
vn -0.224575 -0.107266 -0.968535
vn -0.200475 -0.471928 -0.858542
vn -0.329659 -0.515188 -0.791143
vn -0.093434 0.000005 -0.995626
vn -0.037991 0.000008 -0.999278
vn -0.038645 -0.093859 -0.994835
vn -0.095004 -0.097876 -0.990654
vn -0.037991 0.000008 -0.999278
vn -0.015411 0.000003 -0.999881
vn -0.015659 -0.092514 -0.995588
vn -0.038645 -0.093859 -0.994835
vn -0.038645 -0.093859 -0.994835
vn -0.015659 -0.092514 -0.995588
vn -0.014425 -0.420866 -0.907008
vn -0.035530 -0.424377 -0.904788
vn -0.095004 -0.097876 -0.990654
vn -0.038645 -0.093859 -0.994835
vn -0.035530 -0.424377 -0.904788
vn -0.086679 -0.437932 -0.894820
vn -0.086679 -0.437932 -0.894820
vn -0.035530 -0.424377 -0.904788
vn -0.021959 -0.814127 -0.580271
vn -0.052708 -0.823552 -0.564787
vn -0.035530 -0.424377 -0.904788
vn -0.014425 -0.420866 -0.907008
vn -0.008958 -0.812272 -0.583210
vn -0.021959 -0.814127 -0.580271
vn -0.021959 -0.814127 -0.580271
vn -0.008958 -0.812272 -0.583210
vn -0.003849 -0.965549 -0.260194
vn -0.009435 -0.965864 -0.258877
vn -0.052708 -0.823552 -0.564787
vn -0.021959 -0.814127 -0.580271
vn -0.009435 -0.965864 -0.258877
vn -0.022539 -0.967917 -0.250257
vn -0.329659 -0.515188 -0.791143
vn -0.200475 -0.471928 -0.858542
vn -0.117550 -0.847341 -0.517876
vn -0.184319 -0.876041 -0.445621
vn -0.200475 -0.471928 -0.858542
vn -0.086679 -0.437932 -0.894820
vn -0.052708 -0.823552 -0.564787
vn -0.117550 -0.847341 -0.517876
vn -0.117550 -0.847341 -0.517876
vn -0.052708 -0.823552 -0.564787
vn -0.022539 -0.967917 -0.250257
vn -0.049679 -0.973213 -0.224474
vn -0.184319 -0.876041 -0.445621
vn -0.117550 -0.847341 -0.517876
vn -0.049679 -0.973213 -0.224474
vn -0.076637 -0.979463 -0.186489
vn -0.707107 0.000006 -0.707107
vn -0.634020 0.000004 -0.773317
vn -0.629235 -0.127920 -0.766616
vn -0.701345 -0.129120 -0.701031
vn -0.634020 0.000004 -0.773317
vn -0.555567 -0.000003 -0.831472
vn -0.551880 -0.125701 -0.824395
vn -0.629235 -0.127920 -0.766616
vn -0.629235 -0.127920 -0.766616
vn -0.551880 -0.125701 -0.824395
vn -0.468984 -0.538447 -0.700092
vn -0.532009 -0.545134 -0.647916
vn -0.701345 -0.129120 -0.701031
vn -0.629235 -0.127920 -0.766616
vn -0.532009 -0.545134 -0.647916
vn -0.591335 -0.548691 -0.590983
vn -0.555567 -0.000003 -0.831472
vn -0.471824 -0.000008 -0.881693
vn -0.469313 -0.122486 -0.874496
vn -0.551880 -0.125701 -0.824395
vn -0.471824 -0.000008 -0.881693
vn -0.382685 -0.000006 -0.923879
vn -0.381399 -0.118262 -0.916815
vn -0.469313 -0.122486 -0.874496
vn -0.469313 -0.122486 -0.874496
vn -0.381399 -0.118262 -0.916815
vn -0.329659 -0.515188 -0.791143
vn -0.401751 -0.528548 -0.747819
vn -0.551880 -0.125701 -0.824395
vn -0.469313 -0.122486 -0.874496
vn -0.401751 -0.528548 -0.747819
vn -0.468984 -0.538447 -0.700092
vn -0.468984 -0.538447 -0.700092
vn -0.401751 -0.528548 -0.747819
vn -0.221184 -0.883120 -0.413736
vn -0.255229 -0.888119 -0.382234
vn -0.401751 -0.528548 -0.747819
vn -0.329659 -0.515188 -0.791143
vn -0.184319 -0.876041 -0.445621
vn -0.221184 -0.883120 -0.413736
vn -0.221184 -0.883120 -0.413736
vn -0.184319 -0.876041 -0.445621
vn -0.076637 -0.979463 -0.186489
vn -0.091527 -0.980848 -0.171930
vn -0.255229 -0.888119 -0.382234
vn -0.221184 -0.883120 -0.413736
vn -0.091527 -0.980848 -0.171930
vn -0.105243 -0.981808 -0.158043
vn -0.591335 -0.548691 -0.590983
vn -0.532009 -0.545134 -0.647916
vn -0.287306 -0.891378 -0.350572
vn -0.318110 -0.893073 -0.318162
vn -0.532009 -0.545134 -0.647916
vn -0.468984 -0.538447 -0.700092
vn -0.255229 -0.888119 -0.382234
vn -0.287306 -0.891378 -0.350572
vn -0.287306 -0.891378 -0.350572
vn -0.255229 -0.888119 -0.382234
vn -0.105243 -0.981808 -0.158043
vn -0.118200 -0.982426 -0.144460
vn -0.318110 -0.893073 -0.318162
vn -0.287306 -0.891378 -0.350572
vn -0.118200 -0.982426 -0.144460
vn -0.130742 -0.982744 -0.130846
vn -0.923878 0.000006 -0.382687
vn -0.881694 -0.000006 -0.471822
vn -0.874248 -0.126513 -0.468706
vn -0.916371 -0.123611 -0.380768
vn -0.881694 -0.000006 -0.471822
vn -0.831472 -0.000003 -0.555566
vn -0.824346 -0.128392 -0.551335
vn -0.874248 -0.126513 -0.468706
vn -0.874248 -0.126513 -0.468706
vn -0.824346 -0.128392 -0.551335
vn -0.695957 -0.546664 -0.465621
vn -0.741119 -0.540989 -0.397584
vn -0.916371 -0.123611 -0.380768
vn -0.874248 -0.126513 -0.468706
vn -0.741119 -0.540989 -0.397584
vn -0.781792 -0.532011 -0.325216
vn -0.831472 -0.000003 -0.555566
vn -0.773320 0.000005 -0.634016
vn -0.766756 -0.129287 -0.628784
vn -0.824346 -0.128392 -0.551335
vn -0.773320 0.000005 -0.634016
vn -0.707107 0.000006 -0.707107
vn -0.701345 -0.129120 -0.701031
vn -0.766756 -0.129287 -0.628784
vn -0.766756 -0.129287 -0.628784
vn -0.701345 -0.129120 -0.701031
vn -0.591335 -0.548691 -0.590983
vn -0.646157 -0.549230 -0.529931
vn -0.824346 -0.128392 -0.551335
vn -0.766756 -0.129287 -0.628784
vn -0.646157 -0.549230 -0.529931
vn -0.695957 -0.546664 -0.465621
vn -0.695957 -0.546664 -0.465621
vn -0.646157 -0.549230 -0.529931
vn -0.347529 -0.893338 -0.284904
vn -0.375699 -0.892119 -0.250945
vn -0.646157 -0.549230 -0.529931
vn -0.591335 -0.548691 -0.590983
vn -0.318110 -0.893073 -0.318162
vn -0.347529 -0.893338 -0.284904
vn -0.347529 -0.893338 -0.284904
vn -0.318110 -0.893073 -0.318162
vn -0.130742 -0.982744 -0.130846
vn -0.142856 -0.982795 -0.117074
vn -0.375699 -0.892119 -0.250945
vn -0.347529 -0.893338 -0.284904
vn -0.142856 -0.982795 -0.117074
vn -0.154666 -0.982566 -0.103167
vn -0.781792 -0.532011 -0.325216
vn -0.741119 -0.540989 -0.397584
vn -0.403181 -0.889358 -0.215611
vn -0.430455 -0.884866 -0.178105
vn -0.741119 -0.540989 -0.397584
vn -0.695957 -0.546664 -0.465621
vn -0.375699 -0.892119 -0.250945
vn -0.403181 -0.889358 -0.215611
vn -0.403181 -0.889358 -0.215611
vn -0.375699 -0.892119 -0.250945
vn -0.154666 -0.982566 -0.103167
vn -0.166459 -0.982043 -0.088782
vn -0.430455 -0.884866 -0.178105
vn -0.403181 -0.889358 -0.215611
vn -0.166459 -0.982043 -0.088782
vn -0.178522 -0.981185 -0.073528
vn -0.999849 -0.000008 -0.017364
vn -0.999108 -0.000018 -0.042232
vn -0.993656 -0.104017 -0.042770
vn -0.994551 -0.102760 -0.017576
vn -0.999108 -0.000018 -0.042232
vn -0.994866 -0.000009 -0.101198
vn -0.988909 -0.107611 -0.102368
vn -0.993656 -0.104017 -0.042770
vn -0.993656 -0.104017 -0.042770
vn -0.988909 -0.107611 -0.102368
vn -0.875822 -0.473913 -0.091337
vn -0.885839 -0.462397 -0.038444
vn -0.994551 -0.102760 -0.017576
vn -0.993656 -0.104017 -0.042770
vn -0.885839 -0.462397 -0.038444
vn -0.888177 -0.459229 -0.015830
vn -0.994866 -0.000009 -0.101198
vn -0.973186 0.000008 -0.230021
vn -0.966056 -0.115346 -0.231150
vn -0.988909 -0.107611 -0.102368
vn -0.973186 0.000008 -0.230021
vn -0.923878 0.000006 -0.382687
vn -0.916371 -0.123611 -0.380768
vn -0.966056 -0.115346 -0.231150
vn -0.966056 -0.115346 -0.231150
vn -0.916371 -0.123611 -0.380768
vn -0.781792 -0.532011 -0.325216
vn -0.841799 -0.500414 -0.202385
vn -0.988909 -0.107611 -0.102368
vn -0.966056 -0.115346 -0.231150
vn -0.841799 -0.500414 -0.202385
vn -0.875822 -0.473913 -0.091337
vn -0.875822 -0.473913 -0.091337
vn -0.841799 -0.500414 -0.202385
vn -0.487086 -0.865793 -0.114671
vn -0.524915 -0.849496 -0.053115
vn -0.841799 -0.500414 -0.202385
vn -0.781792 -0.532011 -0.325216
vn -0.430455 -0.884866 -0.178105
vn -0.487086 -0.865793 -0.114671
vn -0.487086 -0.865793 -0.114671
vn -0.430455 -0.884866 -0.178105
vn -0.178522 -0.981185 -0.073528
vn -0.206826 -0.977209 -0.047813
vn -0.524915 -0.849496 -0.053115
vn -0.487086 -0.865793 -0.114671
vn -0.206826 -0.977209 -0.047813
vn -0.226291 -0.973805 -0.022281
vn -0.888177 -0.459229 -0.015830
vn -0.885839 -0.462397 -0.038444
vn -0.538097 -0.842579 -0.022633
vn -0.540787 -0.841107 -0.009353
vn -0.885839 -0.462397 -0.038444
vn -0.875822 -0.473913 -0.091337
vn -0.524915 -0.849496 -0.053115
vn -0.538097 -0.842579 -0.022633
vn -0.538097 -0.842579 -0.022633
vn -0.524915 -0.849496 -0.053115
vn -0.226291 -0.973805 -0.022281
vn -0.233108 -0.972404 -0.009517
vn -0.540787 -0.841107 -0.009353
vn -0.538097 -0.842579 -0.022633
vn -0.233108 -0.972404 -0.009517
vn -0.234260 -0.972166 -0.003931
vn -1.000000 0.000000 0.000000
vn -1.000000 0.000000 -0.000612
vn -0.994696 -0.102859 -0.000616
vn -0.994689 -0.102925 0.000000
vn -1.000000 0.000000 -0.000612
vn -0.999996 0.000000 -0.002681
vn -0.994701 -0.102773 -0.002701
vn -0.994696 -0.102859 -0.000616
vn -0.994696 -0.102859 -0.000616
vn -0.994701 -0.102773 -0.002701
vn -0.886284 -0.463136 -0.002424
vn -0.885816 -0.464037 -0.000552
vn -0.994689 -0.102925 0.000000
vn -0.994696 -0.102859 -0.000616
vn -0.885816 -0.464037 -0.000552
vn -0.885632 -0.464388 0.000000
vn -0.999996 0.000000 -0.002681
vn -0.999974 0.000000 -0.007177
vn -0.994683 -0.102728 -0.007239
vn -0.994701 -0.102773 -0.002701
vn -0.999974 0.000000 -0.007177
vn -0.999849 -0.000008 -0.017364
vn -0.994551 -0.102760 -0.017576
vn -0.994683 -0.102728 -0.007239
vn -0.994683 -0.102728 -0.007239
vn -0.994551 -0.102760 -0.017576
vn -0.888177 -0.459229 -0.015830
vn -0.887044 -0.461639 -0.006504
vn -0.994701 -0.102773 -0.002701
vn -0.994683 -0.102728 -0.007239
vn -0.887044 -0.461639 -0.006504
vn -0.886284 -0.463136 -0.002424
vn -0.886284 -0.463136 -0.002424
vn -0.887044 -0.461639 -0.006504
vn -0.536554 -0.843858 -0.003841
vn -0.534072 -0.845438 -0.001430
vn -0.887044 -0.461639 -0.006504
vn -0.888177 -0.459229 -0.015830
vn -0.540787 -0.841107 -0.009353
vn -0.536554 -0.843858 -0.003841
vn -0.536554 -0.843858 -0.003841
vn -0.540787 -0.841107 -0.009353
vn -0.234260 -0.972166 -0.003931
vn -0.231280 -0.972886 -0.001613
vn -0.534072 -0.845438 -0.001430
vn -0.536554 -0.843858 -0.003841
vn -0.231280 -0.972886 -0.001613
vn -0.229563 -0.973294 -0.000600
vn -0.885632 -0.464388 0.000000
vn -0.885816 -0.464037 -0.000552
vn -0.532630 -0.846348 -0.000325
vn -0.532115 -0.846672 0.000000
vn -0.885816 -0.464037 -0.000552
vn -0.886284 -0.463136 -0.002424
vn -0.534072 -0.845438 -0.001430
vn -0.532630 -0.846348 -0.000325
vn -0.532630 -0.846348 -0.000325
vn -0.534072 -0.845438 -0.001430
vn -0.229563 -0.973294 -0.000600
vn -0.228571 -0.973527 -0.000136
vn -0.532115 -0.846672 0.000000
vn -0.532630 -0.846348 -0.000325
vn -0.228571 -0.973527 -0.000136
vn -0.228212 -0.973612 0.000000
vn -0.999849 0.000008 0.017364
vn -0.999974 0.000012 0.007177
vn -0.994683 -0.102731 0.007239
vn -0.994553 -0.102742 0.017575
vn -0.999974 0.000012 0.007177
vn -0.999996 0.000010 0.002681
vn -0.994699 -0.102795 0.002701
vn -0.994683 -0.102731 0.007239
vn -0.994683 -0.102731 0.007239
vn -0.994699 -0.102795 0.002701
vn -0.886282 -0.463139 0.002424
vn -0.887040 -0.461646 0.006504
vn -0.994553 -0.102742 0.017575
vn -0.994683 -0.102731 0.007239
vn -0.887040 -0.461646 0.006504
vn -0.888170 -0.459242 0.015829
vn -0.999996 0.000010 0.002681
vn -1.000000 0.000000 0.000612
vn -0.994694 -0.102879 0.000616
vn -0.994699 -0.102795 0.002701
vn -1.000000 0.000000 0.000612
vn -1.000000 0.000000 0.000000
vn -0.994689 -0.102925 0.000000
vn -0.994694 -0.102879 0.000616
vn -0.994694 -0.102879 0.000616
vn -0.994689 -0.102925 0.000000
vn -0.885632 -0.464388 0.000000
vn -0.885809 -0.464050 0.000552
vn -0.994699 -0.102795 0.002701
vn -0.994694 -0.102879 0.000616
vn -0.885809 -0.464050 0.000552
vn -0.886282 -0.463139 0.002424
vn -0.886282 -0.463139 0.002424
vn -0.885809 -0.464050 0.000552
vn -0.532631 -0.846347 0.000325
vn -0.534078 -0.845434 0.001430
vn -0.885809 -0.464050 0.000552
vn -0.885632 -0.464388 0.000000
vn -0.532115 -0.846672 0.000000
vn -0.532631 -0.846347 0.000325
vn -0.532631 -0.846347 0.000325
vn -0.532115 -0.846672 0.000000
vn -0.228212 -0.973612 0.000000
vn -0.228569 -0.973528 0.000136
vn -0.534078 -0.845434 0.001430
vn -0.532631 -0.846347 0.000325
vn -0.228569 -0.973528 0.000136
vn -0.229560 -0.973294 0.000600
vn -0.888170 -0.459242 0.015829
vn -0.887040 -0.461646 0.006504
vn -0.536558 -0.843855 0.003841
vn -0.540777 -0.841114 0.009353
vn -0.887040 -0.461646 0.006504
vn -0.886282 -0.463139 0.002424
vn -0.534078 -0.845434 0.001430
vn -0.536558 -0.843855 0.003841
vn -0.536558 -0.843855 0.003841
vn -0.534078 -0.845434 0.001430
vn -0.229560 -0.973294 0.000600
vn -0.231281 -0.972886 0.001613
vn -0.540777 -0.841114 0.009353
vn -0.536558 -0.843855 0.003841
vn -0.231281 -0.972886 0.001613
vn -0.234262 -0.972166 0.003931
s off
g basic_mouse_pad
usemtl basic_mouse_pad_MatSG
f 100/1/1 1923/2/2 643/3/3 1930/4/4
f 1923/5/5 323/6/6 1283/7/7 643/8/8
f 643/8/9 1283/7/10 483/9/11 1286/10/12
f 1930/4/13 643/3/14 1286/11/15 326/12/16
f 323/6/17 1924/13/18 644/14/19 1283/7/20
f 1924/13/21 120/15/22 1925/16/23 644/14/24
f 644/14/25 1925/16/26 324/17/27 1284/18/28
f 1283/7/29 644/14/30 1284/18/31 483/9/32
f 483/9/33 1284/18/34 645/19/35 1285/20/36
f 1284/18/37 324/17/38 1926/21/39 645/19/40
f 645/19/41 1926/21/42 121/22/43 1927/23/44
f 1285/20/45 645/19/46 1927/23/47 325/24/48
f 326/12/49 1286/11/50 646/25/51 1929/26/52
f 1286/10/53 483/9/54 1285/20/55 646/27/56
f 646/27/57 1285/20/58 325/24/59 1928/28/60
f 1929/26/61 646/25/62 1928/29/63 17/30/64
f 131/31/65 1931/32/66 647/33/67 1938/34/68
f 1931/32/69 327/35/70 1287/36/71 647/33/72
f 647/33/73 1287/36/74 484/37/75 1290/38/76
f 1938/34/77 647/33/78 1290/38/79 330/39/80
f 327/35/81 1932/40/82 648/41/83 1287/36/84
f 1932/40/85 132/42/86 1933/43/87 648/41/88
f 648/41/89 1933/43/90 328/44/91 1288/45/92
f 1287/36/93 648/41/94 1288/45/95 484/37/96
f 484/37/97 1288/45/98 649/46/99 1289/47/100
f 1288/45/101 328/44/102 1934/48/103 649/46/104
f 649/49/105 1934/50/106 95/51/107 1935/52/108
f 1289/53/109 649/49/110 1935/52/111 329/54/112
f 330/39/113 1290/38/114 650/55/115 1937/56/116
f 1290/38/117 484/37/118 1289/47/119 650/55/120
f 650/57/121 1289/53/122 329/54/123 1936/58/124
f 1937/59/125 650/57/126 1936/58/127 34/60/128
f 107/61/129 1939/62/130 651/63/131 1946/64/132
f 1939/65/133 331/66/134 1291/67/135 651/68/136
f 651/68/137 1291/67/138 485/69/139 1294/70/140
f 1946/64/141 651/63/142 1294/71/143 334/72/144
f 331/66/145 1940/73/146 652/74/147 1291/67/148
f 1940/73/149 126/75/150 1941/76/151 652/74/152
f 652/74/153 1941/76/154 332/77/155 1292/78/156
f 1291/67/157 652/74/158 1292/78/159 485/69/160
f 485/69/161 1292/78/162 653/79/163 1293/80/164
f 1292/78/165 332/77/166 1942/81/167 653/79/168
f 653/79/169 1942/81/170 127/82/171 1943/83/172
f 1293/80/173 653/79/174 1943/83/175 333/84/176
f 334/72/177 1294/71/178 654/85/179 1945/86/180
f 1294/70/181 485/69/182 1293/80/183 654/87/184
f 654/87/185 1293/80/186 333/84/187 1944/88/188
f 1945/86/189 654/85/190 1944/89/191 35/90/192
f 24/91/193 1947/92/194 655/93/195 1954/94/196
f 1947/95/197 335/96/198 1295/97/199 655/98/200
f 655/98/201 1295/97/202 486/99/203 1298/100/204
f 1954/94/205 655/93/206 1298/101/207 338/102/208
f 335/96/209 1948/103/210 656/104/211 1295/97/212
f 1948/103/213 137/105/214 1949/106/215 656/104/216
f 656/104/217 1949/106/218 336/107/219 1296/108/220
f 1295/97/221 656/104/222 1296/108/223 486/99/224
f 486/99/225 1296/108/226 657/109/227 1297/110/228
f 1296/108/229 336/107/230 1950/111/231 657/109/232
f 657/109/233 1950/111/234 138/112/235 1951/113/236
f 1297/110/237 657/109/238 1951/113/239 337/114/240
f 338/102/241 1298/101/242 658/115/243 1953/116/244
f 1298/100/245 486/99/246 1297/110/247 658/117/248
f 658/117/249 1297/110/250 337/114/251 1952/118/252
f 1953/116/253 658/115/254 1952/119/255 101/120/256
f 115/121/257 1955/122/258 659/123/259 1962/124/260
f 1955/122/261 339/125/262 1299/126/263 659/123/264
f 659/123/265 1299/126/266 487/127/267 1302/128/268
f 1962/124/269 659/123/270 1302/128/271 342/129/272
f 339/125/273 1956/130/274 660/131/275 1299/126/276
f 1956/130/277 116/132/278 1957/133/279 660/131/280
f 660/131/281 1957/133/282 340/134/283 1300/135/284
f 1299/126/285 660/131/286 1300/135/287 487/127/288
f 487/127/289 1300/135/290 661/136/291 1301/137/292
f 1300/135/293 340/134/294 1958/138/295 661/136/296
f 661/139/297 1958/140/298 7/141/299 1959/142/300
f 1301/143/301 661/139/302 1959/142/303 341/144/304
f 342/129/305 1302/128/306 662/145/307 1961/146/308
f 1302/128/309 487/127/310 1301/137/311 662/145/312
f 662/147/313 1301/143/314 341/144/315 1960/148/316
f 1961/149/317 662/147/318 1960/148/319 6/150/320
f 116/132/321 1963/151/322 663/152/323 1957/133/324
f 1963/151/325 343/153/326 1303/154/327 663/152/328
f 663/152/329 1303/154/330 488/155/331 1306/156/332
f 1957/133/333 663/152/334 1306/156/335 340/134/336
f 343/153/337 1964/157/338 664/158/339 1303/154/340
f 1964/157/341 117/159/342 1965/160/343 664/158/344
f 664/158/345 1965/160/346 344/161/347 1304/162/348
f 1303/154/349 664/158/350 1304/162/351 488/155/352
f 488/155/353 1304/162/354 665/163/355 1305/164/356
f 1304/162/357 344/161/358 1966/165/359 665/163/360
f 665/166/361 1966/167/362 8/168/363 1967/169/364
f 1305/170/365 665/166/366 1967/169/367 345/171/368
f 340/134/369 1306/156/370 666/172/371 1958/138/372
f 1306/156/373 488/155/374 1305/164/375 666/172/376
f 666/173/377 1305/170/378 345/171/379 1968/174/380
f 1958/140/381 666/173/382 1968/174/383 7/141/384
f 117/159/385 1969/175/386 667/176/387 1965/160/388
f 1969/175/389 346/177/390 1307/178/391 667/176/392
f 667/176/393 1307/178/394 489/179/395 1310/180/396
f 1965/160/397 667/176/398 1310/180/399 344/161/400
f 346/177/401 1970/181/402 668/182/403 1307/178/404
f 1970/181/405 118/183/406 1971/184/407 668/182/408
f 668/182/409 1971/184/410 347/185/411 1308/186/412
f 1307/178/413 668/182/414 1308/186/415 489/179/416
f 489/179/417 1308/186/418 669/187/419 1309/188/420
f 1308/186/421 347/185/422 1972/189/423 669/187/424
f 669/190/425 1972/191/426 9/192/427 1973/193/428
f 1309/194/429 669/190/430 1973/193/431 348/195/432
f 344/161/433 1310/180/434 670/196/435 1966/165/436
f 1310/180/437 489/179/438 1309/188/439 670/196/440
f 670/197/441 1309/194/442 348/195/443 1974/198/444
f 1966/167/445 670/197/446 1974/198/447 8/168/448
f 118/183/449 1975/199/450 671/200/451 1971/184/452
f 1975/199/453 349/201/454 1311/202/455 671/200/456
f 671/200/457 1311/202/458 490/203/459 1314/204/460
f 1971/184/461 671/200/462 1314/204/463 347/185/464
f 349/201/465 1976/205/466 672/206/467 1311/202/468
f 1976/205/469 119/207/470 1977/208/471 672/206/472
f 672/206/473 1977/208/474 350/209/475 1312/210/476
f 1311/202/477 672/206/478 1312/210/479 490/203/480
f 490/203/481 1312/210/482 673/211/483 1313/212/484
f 1312/210/485 350/209/486 1978/213/487 673/211/488
f 673/214/489 1978/215/490 10/216/491 1979/217/492
f 1313/218/493 673/214/494 1979/217/495 351/219/496
f 347/185/497 1314/204/498 674/220/499 1972/189/500
f 1314/204/501 490/203/502 1313/212/503 674/220/504
f 674/221/505 1313/218/506 351/219/507 1980/222/508
f 1972/191/509 674/221/510 1980/222/511 9/192/512
f 121/22/513 1981/223/514 675/224/515 1927/23/516
f 1981/223/517 352/225/518 1315/226/519 675/224/520
f 675/224/521 1315/226/522 491/227/523 1318/228/524
f 1927/23/525 675/224/526 1318/228/527 325/24/528
f 352/225/529 1982/229/530 676/230/531 1315/226/532
f 1982/229/533 122/231/534 1983/232/535 676/230/536
f 676/230/537 1983/232/538 353/233/539 1316/234/540
f 1315/226/541 676/230/542 1316/234/543 491/227/544
f 491/227/545 1316/234/546 677/235/547 1317/236/548
f 1316/234/549 353/233/550 1984/237/551 677/235/552
f 677/238/553 1984/239/554 18/240/555 1985/241/556
f 1317/242/557 677/238/558 1985/241/559 354/243/560
f 325/24/561 1318/228/562 678/244/563 1928/28/564
f 1318/228/565 491/227/566 1317/236/567 678/244/568
f 678/245/569 1317/242/570 354/243/571 1986/246/572
f 1928/29/573 678/245/574 1986/246/575 17/30/576
f 122/231/577 1987/247/578 679/248/579 1983/232/580
f 1987/247/581 355/249/582 1319/250/583 679/248/584
f 679/248/585 1319/250/586 492/251/587 1322/252/588
f 1983/232/589 679/248/590 1322/252/591 353/233/592
f 355/249/593 1988/253/594 680/254/595 1319/250/596
f 1988/253/597 123/255/598 1989/256/599 680/254/600
f 680/254/601 1989/256/602 356/257/603 1320/258/604
f 1319/250/605 680/254/606 1320/258/607 492/251/608
f 492/251/609 1320/258/610 681/259/611 1321/260/612
f 1320/258/613 356/257/614 1990/261/615 681/259/616
f 681/262/617 1990/263/618 19/264/619 1991/265/620
f 1321/266/621 681/262/622 1991/265/623 357/267/624
f 353/233/625 1322/252/626 682/268/627 1984/237/628
f 1322/252/629 492/251/630 1321/260/631 682/268/632
f 682/269/633 1321/266/634 357/267/635 1992/270/636
f 1984/239/637 682/269/638 1992/270/639 18/240/640
f 123/255/641 1993/271/642 683/272/643 1989/256/644
f 1993/271/645 358/273/646 1323/274/647 683/272/648
f 683/272/649 1323/274/650 493/275/651 1326/276/652
f 1989/256/653 683/272/654 1326/276/655 356/257/656
f 358/273/657 1994/277/658 684/278/659 1323/274/660
f 1994/277/661 124/279/662 1995/280/663 684/278/664
f 684/278/665 1995/280/666 359/281/667 1324/282/668
f 1323/274/669 684/278/670 1324/282/671 493/275/672
f 493/275/673 1324/282/674 685/283/675 1325/284/676
f 1324/282/677 359/281/678 1996/285/679 685/283/680
f 685/286/681 1996/287/682 20/288/683 1997/289/684
f 1325/290/685 685/286/686 1997/289/687 360/291/688
f 356/257/689 1326/276/690 686/292/691 1990/261/692
f 1326/276/693 493/275/694 1325/284/695 686/292/696
f 686/293/697 1325/290/698 360/291/699 1998/294/700
f 1990/263/701 686/293/702 1998/294/703 19/264/704
f 124/279/705 1999/295/706 687/296/707 1995/280/708
f 1999/295/709 361/297/710 1327/298/711 687/296/712
f 687/296/713 1327/298/714 494/299/715 1330/300/716
f 1995/280/717 687/296/718 1330/300/719 359/281/720
f 361/297/721 2000/301/722 688/302/723 1327/298/724
f 2000/301/725 125/303/726 2001/304/727 688/302/728
f 688/302/729 2001/304/730 362/305/731 1328/306/732
f 1327/298/733 688/302/734 1328/306/735 494/299/736
f 494/299/737 1328/306/738 689/307/739 1329/308/740
f 1328/306/741 362/305/742 2002/309/743 689/307/744
f 689/310/745 2002/311/746 16/312/747 2003/313/748
f 1329/314/749 689/310/750 2003/313/751 363/315/752
f 359/281/753 1330/300/754 690/316/755 1996/285/756
f 1330/300/757 494/299/758 1329/308/759 690/316/760
f 690/317/761 1329/314/762 363/315/763 2004/318/764
f 1996/287/765 690/317/766 2004/318/767 20/288/768
f 24/91/769 2005/319/770 691/320/771 1947/92/772
f 2005/319/773 364/321/774 1331/322/775 691/320/776
f 691/323/777 1331/324/778 495/325/779 1334/326/780
f 1947/95/781 691/323/782 1334/326/783 335/96/784
f 364/321/785 2006/327/786 692/328/787 1331/322/788
f 2006/327/789 23/329/790 2007/330/791 692/328/792
f 692/331/793 2007/332/794 365/333/795 1332/334/796
f 1331/324/797 692/331/798 1332/334/799 495/325/800
f 495/325/801 1332/334/802 693/335/803 1333/336/804
f 1332/334/805 365/333/806 2008/337/807 693/335/808
f 693/335/809 2008/337/810 136/338/811 2009/339/812
f 1333/336/813 693/335/814 2009/339/815 366/340/816
f 335/96/817 1334/326/818 694/341/819 1948/103/820
f 1334/326/821 495/325/822 1333/336/823 694/341/824
f 694/341/825 1333/336/826 366/340/827 2010/342/828
f 1948/103/829 694/341/830 2010/342/831 137/105/832
f 23/329/833 2011/343/834 695/344/835 2007/330/836
f 2011/343/837 367/345/838 1335/346/839 695/344/840
f 695/347/841 1335/348/842 496/349/843 1338/350/844
f 2007/332/845 695/347/846 1338/350/847 365/333/848
f 367/345/849 2012/351/850 696/352/851 1335/346/852
f 2012/351/853 22/353/854 2013/354/855 696/352/856
f 696/355/857 2013/356/858 368/357/859 1336/358/860
f 1335/348/861 696/355/862 1336/358/863 496/349/864
f 496/349/865 1336/358/866 697/359/867 1337/360/868
f 1336/358/869 368/357/870 2014/361/871 697/359/872
f 697/359/873 2014/361/874 135/362/875 2015/363/876
f 1337/360/877 697/359/878 2015/363/879 369/364/880
f 365/333/881 1338/350/882 698/365/883 2008/337/884
f 1338/350/885 496/349/886 1337/360/887 698/365/888
f 698/365/889 1337/360/890 369/364/891 2016/366/892
f 2008/337/893 698/365/894 2016/366/895 136/338/896
f 22/353/897 2017/367/898 699/368/899 2013/354/900
f 2017/367/901 370/369/902 1339/370/903 699/368/904
f 699/371/905 1339/372/906 497/373/907 1342/374/908
f 2013/356/909 699/371/910 1342/374/911 368/357/912
f 370/369/913 2018/375/914 700/376/915 1339/370/916
f 2018/375/917 21/377/918 2019/378/919 700/376/920
f 700/379/921 2019/380/922 371/381/923 1340/382/924
f 1339/372/925 700/379/926 1340/382/927 497/373/928
f 497/373/929 1340/382/930 701/383/931 1341/384/932
f 1340/382/933 371/381/934 2020/385/935 701/383/936
f 701/383/937 2020/385/938 134/386/939 2021/387/940
f 1341/384/941 701/383/942 2021/387/943 372/388/944
f 368/357/945 1342/374/946 702/389/947 2014/361/948
f 1342/374/949 497/373/950 1341/384/951 702/389/952
f 702/389/953 1341/384/954 372/388/955 2022/390/956
f 2014/361/957 702/389/958 2022/390/959 135/362/960
f 21/377/961 2023/391/962 703/392/963 2019/378/964
f 2023/391/965 373/393/966 1343/394/967 703/392/968
f 703/395/969 1343/396/970 498/397/971 1346/398/972
f 2019/380/973 703/395/974 1346/398/975 371/381/976
f 373/393/977 2024/399/978 704/400/979 1343/394/980
f 2024/399/981 25/401/982 2025/402/983 704/400/984
f 704/403/985 2025/404/986 374/405/987 1344/406/988
f 1343/396/989 704/403/990 1344/406/991 498/397/992
f 498/397/993 1344/406/994 705/407/995 1345/408/996
f 1344/406/997 374/405/998 2026/409/999 705/407/1000
f 705/407/1001 2026/409/1002 133/410/1003 2027/411/1004
f 1345/408/1005 705/407/1006 2027/411/1007 375/412/1008
f 371/381/1009 1346/398/1010 706/413/1011 2020/385/1012
f 1346/398/1013 498/397/1014 1345/408/1015 706/413/1016
f 706/413/1017 1345/408/1018 375/412/1019 2028/414/1020
f 2020/385/1021 706/413/1022 2028/414/1023 134/386/1024
f 34/60/1025 2029/415/1026 707/416/1027 1937/59/1028
f 2029/415/1029 376/417/1030 1347/418/1031 707/416/1032
f 707/419/1033 1347/420/1034 499/421/1035 1350/422/1036
f 1937/56/1037 707/419/1038 1350/422/1039 330/39/1040
f 376/417/1041 2030/423/1042 708/424/1043 1347/418/1044
f 2030/423/1045 33/425/1046 2031/426/1047 708/424/1048
f 708/427/1049 2031/428/1050 377/429/1051 1348/430/1052
f 1347/420/1053 708/427/1054 1348/430/1055 499/421/1056
f 499/421/1057 1348/430/1058 709/431/1059 1349/432/1060
f 1348/430/1061 377/429/1062 2032/433/1063 709/431/1064
f 709/431/1065 2032/433/1066 130/434/1067 2033/435/1068
f 1349/432/1069 709/431/1070 2033/435/1071 378/436/1072
f 330/39/1073 1350/422/1074 710/437/1075 1938/34/1076
f 1350/422/1077 499/421/1078 1349/432/1079 710/437/1080
f 710/437/1081 1349/432/1082 378/436/1083 2034/438/1084
f 1938/34/1085 710/437/1086 2034/438/1087 131/31/1088
f 33/425/1089 2035/439/1090 711/440/1091 2031/426/1092
f 2035/439/1093 379/441/1094 1351/442/1095 711/440/1096
f 711/443/1097 1351/444/1098 500/445/1099 1354/446/1100
f 2031/428/1101 711/443/1102 1354/446/1103 377/429/1104
f 379/441/1105 2036/447/1106 712/448/1107 1351/442/1108
f 2036/447/1109 32/449/1110 2037/450/1111 712/448/1112
f 712/451/1113 2037/452/1114 380/453/1115 1352/454/1116
f 1351/444/1117 712/451/1118 1352/454/1119 500/445/1120
f 500/445/1121 1352/454/1122 713/455/1123 1353/456/1124
f 1352/454/1125 380/453/1126 2038/457/1127 713/455/1128
f 713/455/1129 2038/457/1130 129/458/1131 2039/459/1132
f 1353/456/1133 713/455/1134 2039/459/1135 381/460/1136
f 377/429/1137 1354/446/1138 714/461/1139 2032/433/1140
f 1354/446/1141 500/445/1142 1353/456/1143 714/461/1144
f 714/461/1145 1353/456/1146 381/460/1147 2040/462/1148
f 2032/433/1149 714/461/1150 2040/462/1151 130/434/1152
f 32/449/1153 2041/463/1154 715/464/1155 2037/450/1156
f 2041/463/1157 382/465/1158 1355/466/1159 715/464/1160
f 715/467/1161 1355/468/1162 501/469/1163 1358/470/1164
f 2037/452/1165 715/467/1166 1358/470/1167 380/453/1168
f 382/465/1169 2042/471/1170 716/472/1171 1355/466/1172
f 2042/471/1173 31/473/1174 2043/474/1175 716/472/1176
f 716/475/1177 2043/476/1178 383/477/1179 1356/478/1180
f 1355/468/1181 716/475/1182 1356/478/1183 501/469/1184
f 501/469/1185 1356/478/1186 717/479/1187 1357/480/1188
f 1356/478/1189 383/477/1190 2044/481/1191 717/479/1192
f 717/479/1193 2044/481/1194 128/482/1195 2045/483/1196
f 1357/480/1197 717/479/1198 2045/483/1199 384/484/1200
f 380/453/1201 1358/470/1202 718/485/1203 2038/457/1204
f 1358/470/1205 501/469/1206 1357/480/1207 718/485/1208
f 718/485/1209 1357/480/1210 384/484/1211 2046/486/1212
f 2038/457/1213 718/485/1214 2046/486/1215 129/458/1216
f 31/473/1217 2047/487/1218 719/488/1219 2043/474/1220
f 2047/487/1221 385/489/1222 1359/490/1223 719/488/1224
f 719/491/1225 1359/492/1226 502/493/1227 1362/494/1228
f 2043/476/1229 719/491/1230 1362/494/1231 383/477/1232
f 385/489/1233 2048/495/1234 720/496/1235 1359/490/1236
f 2048/495/1237 35/90/1238 1944/89/1239 720/496/1240
f 720/497/1241 1944/88/1242 333/84/1243 1360/498/1244
f 1359/492/1245 720/497/1246 1360/498/1247 502/493/1248
f 502/493/1249 1360/498/1250 721/499/1251 1361/500/1252
f 1360/498/1253 333/84/1254 1943/83/1255 721/499/1256
f 721/499/1257 1943/83/1258 127/82/1259 2049/501/1260
f 1361/500/1261 721/499/1262 2049/501/1263 386/502/1264
f 383/477/1265 1362/494/1266 722/503/1267 2044/481/1268
f 1362/494/1269 502/493/1270 1361/500/1271 722/503/1272
f 722/503/1273 1361/500/1274 386/502/1275 2050/504/1276
f 2044/481/1277 722/503/1278 2050/504/1279 128/482/1280
f 42/505/1281 2051/506/1282 723/507/1283 2058/508/1284
f 2051/506/1285 387/509/1286 1363/510/1287 723/507/1288
f 723/507/1289 1363/510/1290 503/511/1291 1366/512/1292
f 2058/508/1293 723/507/1294 1366/512/1295 390/513/1296
f 387/509/1297 2052/514/1298 724/515/1299 1363/510/1300
f 2052/514/1301 41/516/1302 2053/517/1303 724/515/1304
f 724/515/1305 2053/517/1306 388/518/1307 1364/519/1308
f 1363/510/1309 724/515/1310 1364/519/1311 503/511/1312
f 503/511/1313 1364/519/1314 725/520/1315 1365/521/1316
f 1364/519/1317 388/518/1318 2054/522/1319 725/520/1320
f 725/520/1321 2054/522/1322 83/523/1323 2055/524/1324
f 1365/521/1325 725/520/1326 2055/524/1327 389/525/1328
f 390/513/1329 1366/512/1330 726/526/1331 2057/527/1332
f 1366/512/1333 503/511/1334 1365/521/1335 726/526/1336
f 726/526/1337 1365/521/1338 389/525/1339 2056/528/1340
f 2057/527/1341 726/526/1342 2056/528/1343 60/529/1344
f 85/530/1345 2059/531/1346 727/532/1347 2066/533/1348
f 2059/531/1349 391/534/1350 1367/535/1351 727/532/1352
f 727/532/1353 1367/535/1354 504/536/1355 1370/537/1356
f 2066/533/1357 727/532/1358 1370/537/1359 394/538/1360
f 391/534/1361 2060/539/1362 728/540/1363 1367/535/1364
f 2060/539/1365 112/541/1366 2061/542/1367 728/540/1368
f 728/540/1369 2061/542/1370 392/543/1371 1368/544/1372
f 1367/535/1373 728/540/1374 1368/544/1375 504/536/1376
f 504/536/1377 1368/544/1378 729/545/1379 1369/546/1380
f 1368/544/1381 392/543/1382 2062/547/1383 729/545/1384
f 729/545/1385 2062/547/1386 113/548/1387 2063/549/1388
f 1369/546/1389 729/545/1390 2063/549/1391 393/550/1392
f 394/538/1393 1370/537/1394 730/551/1395 2065/552/1396
f 1370/537/1397 504/536/1398 1369/546/1399 730/551/1400
f 730/551/1401 1369/546/1402 393/550/1403 2064/553/1404
f 2065/552/1405 730/551/1406 2064/553/1407 72/554/1408
f 31/473/1409 2042/471/1410 731/555/1411 2070/556/1412
f 2042/471/1413 382/465/1414 1371/557/1415 731/555/1416
f 731/555/1417 1371/557/1418 505/558/1419 1374/559/1420
f 2070/556/1421 731/555/1422 1374/559/1423 396/560/1424
f 382/465/1425 2041/463/1426 732/561/1427 1371/557/1428
f 2041/463/1429 32/449/1430 2067/562/1431 732/561/1432
f 732/561/1433 2067/562/1434 395/563/1435 1372/564/1436
f 1371/557/1437 732/561/1438 1372/564/1439 505/558/1440
f 505/558/1441 1372/564/1442 733/565/1443 1373/566/1444
f 1372/564/1445 395/563/1446 2068/567/1447 733/565/1448
f 733/565/1449 2068/567/1450 41/516/1451 2052/514/1452
f 1373/566/1453 733/565/1454 2052/514/1455 387/509/1456
f 396/560/1457 1374/559/1458 734/568/1459 2069/569/1460
f 1374/559/1461 505/558/1462 1373/566/1463 734/568/1464
f 734/568/1465 1373/566/1466 387/509/1467 2051/506/1468
f 2069/569/1469 734/568/1470 2051/506/1471 42/505/1472
f 32/449/1473 2036/447/1474 735/570/1475 2067/562/1476
f 2036/447/1477 379/441/1478 1375/571/1479 735/570/1480
f 735/570/1481 1375/571/1482 506/572/1483 1378/573/1484
f 2067/562/1485 735/570/1486 1378/573/1487 395/563/1488
f 379/441/1489 2035/439/1490 736/574/1491 1375/571/1492
f 2035/439/1493 33/425/1494 2071/575/1495 736/574/1496
f 736/574/1497 2071/575/1498 397/576/1499 1376/577/1500
f 1375/571/1501 736/574/1502 1376/577/1503 506/572/1504
f 506/572/1505 1376/577/1506 737/578/1507 1377/579/1508
f 1376/577/1509 397/576/1510 2072/580/1511 737/578/1512
f 737/578/1513 2072/580/1514 43/581/1515 2073/582/1516
f 1377/579/1517 737/578/1518 2073/582/1519 398/583/1520
f 395/563/1521 1378/573/1522 738/584/1523 2068/567/1524
f 1378/573/1525 506/572/1526 1377/579/1527 738/584/1528
f 738/584/1529 1377/579/1530 398/583/1531 2074/585/1532
f 2068/567/1533 738/584/1534 2074/585/1535 41/516/1536
f 33/425/1537 2030/423/1538 739/586/1539 2071/575/1540
f 2030/423/1541 376/417/1542 1379/587/1543 739/586/1544
f 739/586/1545 1379/587/1546 507/588/1547 1382/589/1548
f 2071/575/1549 739/586/1550 1382/589/1551 397/576/1552
f 376/417/1553 2029/415/1554 740/590/1555 1379/587/1556
f 2029/415/1557 34/60/1558 2075/591/1559 740/590/1560
f 740/590/1561 2075/591/1562 399/592/1563 1380/593/1564
f 1379/587/1565 740/590/1566 1380/593/1567 507/588/1568
f 507/588/1569 1380/593/1570 741/594/1571 1381/595/1572
f 1380/593/1573 399/592/1574 2076/596/1575 741/594/1576
f 741/594/1577 2076/596/1578 44/597/1579 2077/598/1580
f 1381/595/1581 741/594/1582 2077/598/1583 400/599/1584
f 397/576/1585 1382/589/1586 742/600/1587 2072/580/1588
f 1382/589/1589 507/588/1590 1381/595/1591 742/600/1592
f 742/600/1593 1381/595/1594 400/599/1595 2078/601/1596
f 2072/580/1597 742/600/1598 2078/601/1599 43/581/1600
f 34/60/1601 1936/58/1602 743/602/1603 2075/591/1604
f 1936/58/1605 329/54/1606 1383/603/1607 743/602/1608
f 743/602/1609 1383/603/1610 508/604/1611 1386/605/1612
f 2075/591/1613 743/602/1614 1386/605/1615 399/592/1616
f 329/54/1617 1935/52/1618 744/606/1619 1383/603/1620
f 1935/52/1621 95/51/1622 2079/607/1623 744/606/1624
f 744/606/1625 2079/607/1626 401/608/1627 1384/609/1628
f 1383/603/1629 744/606/1630 1384/609/1631 508/604/1632
f 508/604/1633 1384/609/1634 745/610/1635 1385/611/1636
f 1384/609/1637 401/608/1638 2080/612/1639 745/610/1640
f 745/610/1641 2080/612/1642 96/613/1643 2081/614/1644
f 1385/611/1645 745/610/1646 2081/614/1647 402/615/1648
f 399/592/1649 1386/605/1650 746/616/1651 2076/596/1652
f 1386/605/1653 508/604/1654 1385/611/1655 746/616/1656
f 746/616/1657 1385/611/1658 402/615/1659 2082/617/1660
f 2076/596/1661 746/616/1662 2082/617/1663 44/597/1664
f 25/401/1665 2024/399/1666 747/618/1667 2088/619/1668
f 2024/399/1669 373/393/1670 1387/620/1671 747/618/1672
f 747/618/1673 1387/620/1674 509/621/1675 1390/622/1676
f 2088/619/1677 747/618/1678 1390/622/1679 405/623/1680
f 373/393/1681 2023/391/1682 748/624/1683 1387/620/1684
f 2023/391/1685 21/377/1686 2083/625/1687 748/624/1688
f 748/624/1689 2083/625/1690 403/626/1691 1388/627/1692
f 1387/620/1693 748/624/1694 1388/627/1695 509/621/1696
f 509/621/1697 1388/627/1698 749/628/1699 1389/629/1700
f 1388/627/1701 403/626/1702 2084/630/1703 749/628/1704
f 749/628/1705 2084/630/1706 46/631/1707 2085/632/1708
f 1389/629/1709 749/628/1710 2085/632/1711 404/633/1712
f 405/623/1713 1390/622/1714 750/634/1715 2087/635/1716
f 1390/622/1717 509/621/1718 1389/629/1719 750/634/1720
f 750/634/1721 1389/629/1722 404/633/1723 2086/636/1724
f 2087/635/1725 750/634/1726 2086/636/1727 45/637/1728
f 21/377/1729 2018/375/1730 751/638/1731 2083/625/1732
f 2018/375/1733 370/369/1734 1391/639/1735 751/638/1736
f 751/638/1737 1391/639/1738 510/640/1739 1394/641/1740
f 2083/625/1741 751/638/1742 1394/641/1743 403/626/1744
f 370/369/1745 2017/367/1746 752/642/1747 1391/639/1748
f 2017/367/1749 22/353/1750 2089/643/1751 752/642/1752
f 752/642/1753 2089/643/1754 406/644/1755 1392/645/1756
f 1391/639/1757 752/642/1758 1392/645/1759 510/640/1760
f 510/640/1761 1392/645/1762 753/646/1763 1393/647/1764
f 1392/645/1765 406/644/1766 2090/648/1767 753/646/1768
f 753/646/1769 2090/648/1770 47/649/1771 2091/650/1772
f 1393/647/1773 753/646/1774 2091/650/1775 407/651/1776
f 403/626/1777 1394/641/1778 754/652/1779 2084/630/1780
f 1394/641/1781 510/640/1782 1393/647/1783 754/652/1784
f 754/652/1785 1393/647/1786 407/651/1787 2092/653/1788
f 2084/630/1789 754/652/1790 2092/653/1791 46/631/1792
f 22/353/1793 2012/351/1794 755/654/1795 2089/643/1796
f 2012/351/1797 367/345/1798 1395/655/1799 755/654/1800
f 755/654/1801 1395/655/1802 511/656/1803 1398/657/1804
f 2089/643/1805 755/654/1806 1398/657/1807 406/644/1808
f 367/345/1809 2011/343/1810 756/658/1811 1395/655/1812
f 2011/343/1813 23/329/1814 2093/659/1815 756/658/1816
f 756/658/1817 2093/659/1818 408/660/1819 1396/661/1820
f 1395/655/1821 756/658/1822 1396/661/1823 511/656/1824
f 511/656/1825 1396/661/1826 757/662/1827 1397/663/1828
f 1396/661/1829 408/660/1830 2094/664/1831 757/662/1832
f 757/662/1833 2094/664/1834 48/665/1835 2095/666/1836
f 1397/663/1837 757/662/1838 2095/666/1839 409/667/1840
f 406/644/1841 1398/657/1842 758/668/1843 2090/648/1844
f 1398/657/1845 511/656/1846 1397/663/1847 758/668/1848
f 758/668/1849 1397/663/1850 409/667/1851 2096/669/1852
f 2090/648/1853 758/668/1854 2096/669/1855 47/649/1856
f 23/329/1857 2006/327/1858 759/670/1859 2093/659/1860
f 2006/327/1861 364/321/1862 1399/671/1863 759/670/1864
f 759/670/1865 1399/671/1866 512/672/1867 1402/673/1868
f 2093/659/1869 759/670/1870 1402/673/1871 408/660/1872
f 364/321/1873 2005/319/1874 760/674/1875 1399/671/1876
f 2005/319/1877 24/91/1878 2097/675/1879 760/674/1880
f 760/674/1881 2097/675/1882 410/676/1883 1400/677/1884
f 1399/671/1885 760/674/1886 1400/677/1887 512/672/1888
f 512/672/1889 1400/677/1890 761/678/1891 1401/679/1892
f 1400/677/1893 410/676/1894 2098/680/1895 761/678/1896
f 761/678/1897 2098/680/1898 49/681/1899 2099/682/1900
f 1401/679/1901 761/678/1902 2099/682/1903 411/683/1904
f 408/660/1905 1402/673/1906 762/684/1907 2094/664/1908
f 1402/673/1909 512/672/1910 1401/679/1911 762/684/1912
f 762/684/1913 1401/679/1914 411/683/1915 2100/685/1916
f 2094/664/1917 762/684/1918 2100/685/1919 48/665/1920
f 24/91/1921 1954/94/1922 763/686/1923 2097/675/1924
f 1954/94/1925 338/102/1926 1403/687/1927 763/686/1928
f 763/686/1929 1403/687/1930 513/688/1931 1406/689/1932
f 2097/675/1933 763/686/1934 1406/689/1935 410/676/1936
f 338/102/1937 1953/116/1938 764/690/1939 1403/687/1940
f 1953/116/1941 101/120/1942 2101/691/1943 764/690/1944
f 764/690/1945 2101/691/1946 412/692/1947 1404/693/1948
f 1403/687/1949 764/690/1950 1404/693/1951 513/688/1952
f 513/688/1953 1404/693/1954 765/694/1955 1405/695/1956
f 1404/693/1957 412/692/1958 2102/696/1959 765/694/1960
f 765/694/1961 2102/696/1962 102/697/1963 2103/698/1964
f 1405/695/1965 765/694/1966 2103/698/1967 413/699/1968
f 410/676/1969 1406/689/1970 766/700/1971 2098/680/1972
f 1406/689/1973 513/688/1974 1405/695/1975 766/700/1976
f 766/700/1977 1405/695/1978 413/699/1979 2104/701/1980
f 2098/680/1981 766/700/1982 2104/701/1983 49/681/1984
f 6/150/1985 1960/148/1986 767/702/1987 2110/703/1988
f 1960/148/1989 341/144/1990 1407/704/1991 767/702/1992
f 767/702/1993 1407/704/1994 514/705/1995 1410/706/1996
f 2110/703/1997 767/702/1998 1410/706/1999 416/707/2000
f 341/144/2001 1959/142/2002 768/708/2003 1407/704/2004
f 1959/142/2005 7/141/2006 2105/709/2007 768/708/2008
f 768/708/2009 2105/709/2010 414/710/2011 1408/711/2012
f 1407/704/2013 768/708/2014 1408/711/2015 514/705/2016
f 514/705/2017 1408/711/2018 769/712/2019 1409/713/2020
f 1408/711/2021 414/710/2022 2106/714/2023 769/712/2024
f 769/712/2025 2106/714/2026 51/715/2027 2107/716/2028
f 1409/713/2029 769/712/2030 2107/716/2031 415/717/2032
f 416/707/2033 1410/706/2034 770/718/2035 2109/719/2036
f 1410/706/2037 514/705/2038 1409/713/2039 770/718/2040
f 770/718/2041 1409/713/2042 415/717/2043 2108/720/2044
f 2109/719/2045 770/718/2046 2108/720/2047 50/721/2048
f 7/141/2049 1968/174/2050 771/722/2051 2105/709/2052
f 1968/174/2053 345/171/2054 1411/723/2055 771/722/2056
f 771/722/2057 1411/723/2058 515/724/2059 1414/725/2060
f 2105/709/2061 771/722/2062 1414/725/2063 414/710/2064
f 345/171/2065 1967/169/2066 772/726/2067 1411/723/2068
f 1967/169/2069 8/168/2070 2111/727/2071 772/726/2072
f 772/726/2073 2111/727/2074 417/728/2075 1412/729/2076
f 1411/723/2077 772/726/2078 1412/729/2079 515/724/2080
f 515/724/2081 1412/729/2082 773/730/2083 1413/731/2084
f 1412/729/2085 417/728/2086 2112/732/2087 773/730/2088
f 773/730/2089 2112/732/2090 52/733/2091 2113/734/2092
f 1413/731/2093 773/730/2094 2113/734/2095 418/735/2096
f 414/710/2097 1414/725/2098 774/736/2099 2106/714/2100
f 1414/725/2101 515/724/2102 1413/731/2103 774/736/2104
f 774/736/2105 1413/731/2106 418/735/2107 2114/737/2108
f 2106/714/2109 774/736/2110 2114/737/2111 51/715/2112
f 8/168/2113 1974/198/2114 775/738/2115 2111/727/2116
f 1974/198/2117 348/195/2118 1415/739/2119 775/738/2120
f 775/738/2121 1415/739/2122 516/740/2123 1418/741/2124
f 2111/727/2125 775/738/2126 1418/741/2127 417/728/2128
f 348/195/2129 1973/193/2130 776/742/2131 1415/739/2132
f 1973/193/2133 9/192/2134 2115/743/2135 776/742/2136
f 776/742/2137 2115/743/2138 419/744/2139 1416/745/2140
f 1415/739/2141 776/742/2142 1416/745/2143 516/740/2144
f 516/740/2145 1416/745/2146 777/746/2147 1417/747/2148
f 1416/745/2149 419/744/2150 2116/748/2151 777/746/2152
f 777/746/2153 2116/748/2154 53/749/2155 2117/750/2156
f 1417/747/2157 777/746/2158 2117/750/2159 420/751/2160
f 417/728/2161 1418/741/2162 778/752/2163 2112/732/2164
f 1418/741/2165 516/740/2166 1417/747/2167 778/752/2168
f 778/752/2169 1417/747/2170 420/751/2171 2118/753/2172
f 2112/732/2173 778/752/2174 2118/753/2175 52/733/2176
f 9/192/2177 1980/222/2178 779/754/2179 2115/743/2180
f 1980/222/2181 351/219/2182 1419/755/2183 779/754/2184
f 779/754/2185 1419/755/2186 517/756/2187 1422/757/2188
f 2115/743/2189 779/754/2190 1422/757/2191 419/744/2192
f 351/219/2193 1979/217/2194 780/758/2195 1419/755/2196
f 1979/217/2197 10/216/2198 2119/759/2199 780/758/2200
f 780/758/2201 2119/759/2202 421/760/2203 1420/761/2204
f 1419/755/2205 780/758/2206 1420/761/2207 517/756/2208
f 517/756/2209 1420/761/2210 781/762/2211 1421/763/2212
f 1420/761/2213 421/760/2214 2120/764/2215 781/762/2216
f 781/762/2217 2120/764/2218 54/765/2219 2121/766/2220
f 1421/763/2221 781/762/2222 2121/766/2223 422/767/2224
f 419/744/2225 1422/757/2226 782/768/2227 2116/748/2228
f 1422/757/2229 517/756/2230 1421/763/2231 782/768/2232
f 782/768/2233 1421/763/2234 422/767/2235 2122/769/2236
f 2116/748/2237 782/768/2238 2122/769/2239 53/749/2240
f 99/770/2241 2123/771/2242 783/772/2243 2128/773/2244
f 2123/771/2245 423/774/2246 1423/775/2247 783/772/2248
f 783/772/2249 1423/775/2250 518/776/2251 1426/777/2252
f 2128/773/2253 783/772/2254 1426/777/2255 425/778/2256
f 423/774/2257 2124/779/2258 784/780/2259 1423/775/2260
f 2124/779/2261 100/1/2262 1930/4/2263 784/780/2264
f 784/780/2265 1930/4/2266 326/12/2267 1424/781/2268
f 1423/775/2269 784/780/2270 1424/781/2271 518/776/2272
f 518/776/2273 1424/781/2274 785/782/2275 1425/783/2276
f 1424/781/2277 326/12/2278 1929/26/2279 785/782/2280
f 785/782/2281 1929/26/2282 17/30/2283 2125/784/2284
f 1425/783/2285 785/782/2286 2125/784/2287 424/785/2288
f 425/778/2289 1426/777/2290 786/786/2291 2127/787/2292
f 1426/777/2293 518/776/2294 1425/783/2295 786/786/2296
f 786/786/2297 1425/783/2298 424/785/2299 2126/788/2300
f 2127/787/2301 786/786/2302 2126/788/2303 55/789/2304
f 17/30/2305 1986/246/2306 787/790/2307 2125/784/2308
f 1986/246/2309 354/243/2310 1427/791/2311 787/790/2312
f 787/790/2313 1427/791/2314 519/792/2315 1430/793/2316
f 2125/784/2317 787/790/2318 1430/793/2319 424/785/2320
f 354/243/2321 1985/241/2322 788/794/2323 1427/791/2324
f 1985/241/2325 18/240/2326 2129/795/2327 788/794/2328
f 788/794/2329 2129/795/2330 426/796/2331 1428/797/2332
f 1427/791/2333 788/794/2334 1428/797/2335 519/792/2336
f 519/792/2337 1428/797/2338 789/798/2339 1429/799/2340
f 1428/797/2341 426/796/2342 2130/800/2343 789/798/2344
f 789/798/2345 2130/800/2346 56/801/2347 2131/802/2348
f 1429/799/2349 789/798/2350 2131/802/2351 427/803/2352
f 424/785/2353 1430/793/2354 790/804/2355 2126/788/2356
f 1430/793/2357 519/792/2358 1429/799/2359 790/804/2360
f 790/804/2361 1429/799/2362 427/803/2363 2132/805/2364
f 2126/788/2365 790/804/2366 2132/805/2367 55/789/2368
f 18/240/2369 1992/270/2370 791/806/2371 2129/795/2372
f 1992/270/2373 357/267/2374 1431/807/2375 791/806/2376
f 791/806/2377 1431/807/2378 520/808/2379 1434/809/2380
f 2129/795/2381 791/806/2382 1434/809/2383 426/796/2384
f 357/267/2385 1991/265/2386 792/810/2387 1431/807/2388
f 1991/265/2389 19/264/2390 2133/811/2391 792/810/2392
f 792/810/2393 2133/811/2394 428/812/2395 1432/813/2396
f 1431/807/2397 792/810/2398 1432/813/2399 520/808/2400
f 520/808/2401 1432/813/2402 793/814/2403 1433/815/2404
f 1432/813/2405 428/812/2406 2134/816/2407 793/814/2408
f 793/814/2409 2134/816/2410 57/817/2411 2135/818/2412
f 1433/815/2413 793/814/2414 2135/818/2415 429/819/2416
f 426/796/2417 1434/809/2418 794/820/2419 2130/800/2420
f 1434/809/2421 520/808/2422 1433/815/2423 794/820/2424
f 794/820/2425 1433/815/2426 429/819/2427 2136/821/2428
f 2130/800/2429 794/820/2430 2136/821/2431 56/801/2432
f 19/264/2433 1998/294/2434 795/822/2435 2133/811/2436
f 1998/294/2437 360/291/2438 1435/823/2439 795/822/2440
f 795/822/2441 1435/823/2442 521/824/2443 1438/825/2444
f 2133/811/2445 795/822/2446 1438/825/2447 428/812/2448
f 360/291/2449 1997/289/2450 796/826/2451 1435/823/2452
f 1997/289/2453 20/288/2454 2137/827/2455 796/826/2456
f 796/826/2457 2137/827/2458 430/828/2459 1436/829/2460
f 1435/823/2461 796/826/2462 1436/829/2463 521/824/2464
f 521/824/2465 1436/829/2466 797/830/2467 1437/831/2468
f 1436/829/2469 430/828/2470 2138/832/2471 797/830/2472
f 797/830/2473 2138/832/2474 58/833/2475 2139/834/2476
f 1437/831/2477 797/830/2478 2139/834/2479 431/835/2480
f 428/812/2481 1438/825/2482 798/836/2483 2134/816/2484
f 1438/825/2485 521/824/2486 1437/831/2487 798/836/2488
f 798/836/2489 1437/831/2490 431/835/2491 2140/837/2492
f 2134/816/2493 798/836/2494 2140/837/2495 57/817/2496
f 20/288/2497 2004/318/2498 799/838/2499 2137/827/2500
f 2004/318/2501 363/315/2502 1439/839/2503 799/838/2504
f 799/838/2505 1439/839/2506 522/840/2507 1442/841/2508
f 2137/827/2509 799/838/2510 1442/841/2511 430/828/2512
f 363/315/2513 2003/313/2514 800/842/2515 1439/839/2516
f 2003/313/2517 16/312/2518 2141/843/2519 800/842/2520
f 800/842/2521 2141/843/2522 432/844/2523 1440/845/2524
f 1439/839/2525 800/842/2526 1440/845/2527 522/840/2528
f 522/840/2529 1440/845/2530 801/846/2531 1441/847/2532
f 1440/845/2533 432/844/2534 2142/848/2535 801/846/2536
f 801/846/2537 2142/848/2538 59/849/2539 2143/850/2540
f 1441/847/2541 801/846/2542 2143/850/2543 433/851/2544
f 430/828/2545 1442/841/2546 802/852/2547 2138/832/2548
f 1442/841/2549 522/840/2550 1441/847/2551 802/852/2552
f 802/852/2553 1441/847/2554 433/851/2555 2144/853/2556
f 2138/832/2557 802/852/2558 2144/853/2559 58/833/2560
f 106/854/2561 2145/855/2562 803/856/2563 2150/857/2564
f 2145/855/2565 434/858/2566 1443/859/2567 803/856/2568
f 803/856/2569 1443/859/2570 523/860/2571 1446/861/2572
f 2150/857/2573 803/856/2574 1446/861/2575 436/862/2576
f 434/858/2577 2146/863/2578 804/864/2579 1443/859/2580
f 2146/863/2581 107/61/2582 1946/64/2583 804/864/2584
f 804/864/2585 1946/64/2586 334/72/2587 1444/865/2588
f 1443/859/2589 804/864/2590 1444/865/2591 523/860/2592
f 523/860/2593 1444/865/2594 805/866/2595 1445/867/2596
f 1444/865/2597 334/72/2598 1945/86/2599 805/866/2600
f 805/866/2601 1945/86/2602 35/90/2603 2147/868/2604
f 1445/867/2605 805/866/2606 2147/868/2607 435/869/2608
f 436/862/2609 1446/861/2610 806/870/2611 2149/871/2612
f 1446/861/2613 523/860/2614 1445/867/2615 806/870/2616
f 806/870/2617 1445/867/2618 435/869/2619 2148/872/2620
f 2149/871/2621 806/870/2622 2148/872/2623 60/529/2624
f 35/90/2625 2048/495/2626 807/873/2627 2147/868/2628
f 2048/495/2629 385/489/2630 1447/874/2631 807/873/2632
f 807/873/2633 1447/874/2634 524/875/2635 1450/876/2636
f 2147/868/2637 807/873/2638 1450/876/2639 435/869/2640
f 385/489/2641 2047/487/2642 808/877/2643 1447/874/2644
f 2047/487/2645 31/473/2646 2070/556/2647 808/877/2648
f 808/877/2649 2070/556/2650 396/560/2651 1448/878/2652
f 1447/874/2653 808/877/2654 1448/878/2655 524/875/2656
f 524/875/2657 1448/878/2658 809/879/2659 1449/880/2660
f 1448/878/2661 396/560/2662 2069/569/2663 809/879/2664
f 809/879/2665 2069/569/2666 42/505/2667 2058/508/2668
f 1449/880/2669 809/879/2670 2058/508/2671 390/513/2672
f 435/869/2673 1450/876/2674 810/881/2675 2148/872/2676
f 1450/876/2677 524/875/2678 1449/880/2679 810/881/2680
f 810/881/2681 1449/880/2682 390/513/2683 2057/527/2684
f 2148/872/2685 810/881/2686 2057/527/2687 60/529/2688
f 36/882/2689 2151/883/2690 811/884/2691 2158/885/2692
f 2151/883/2693 437/886/2694 1451/887/2695 811/884/2696
f 811/884/2697 1451/887/2698 525/888/2699 1454/889/2700
f 2158/885/2701 811/884/2702 1454/889/2703 440/890/2704
f 437/886/2705 2152/891/2706 812/892/2707 1451/887/2708
f 2152/891/2709 108/893/2710 2153/894/2711 812/892/2712
f 812/892/2713 2153/894/2714 438/895/2715 1452/896/2716
f 1451/887/2717 812/892/2718 1452/896/2719 525/888/2720
f 525/888/2721 1452/896/2722 813/897/2723 1453/898/2724
f 1452/896/2725 438/895/2726 2154/899/2727 813/897/2728
f 813/897/2729 2154/899/2730 109/900/2731 2155/901/2732
f 1453/898/2733 813/897/2734 2155/901/2735 439/902/2736
f 440/890/2737 1454/889/2738 814/903/2739 2157/904/2740
f 1454/889/2741 525/888/2742 1453/898/2743 814/903/2744
f 814/903/2745 1453/898/2746 439/902/2747 2156/905/2748
f 2157/904/2749 814/903/2750 2156/905/2751 61/906/2752
f 11/907/2753 2159/908/2754 815/909/2755 2166/910/2756
f 2159/908/2757 441/911/2758 1455/912/2759 815/909/2760
f 815/909/2761 1455/912/2762 526/913/2763 1458/914/2764
f 2166/910/2765 815/909/2766 1458/914/2767 444/915/2768
f 441/911/2769 2160/916/2770 816/917/2771 1455/912/2772
f 2160/916/2773 12/918/2774 2161/919/2775 816/917/2776
f 816/917/2777 2161/919/2778 442/920/2779 1456/921/2780
f 1455/912/2781 816/917/2782 1456/921/2783 526/913/2784
f 526/913/2785 1456/921/2786 817/922/2787 1457/923/2788
f 1456/921/2789 442/920/2790 2162/924/2791 817/922/2792
f 817/922/2793 2162/924/2794 63/925/2795 2163/926/2796
f 1457/923/2797 817/922/2798 2163/926/2799 443/927/2800
f 444/915/2801 1458/914/2802 818/928/2803 2165/929/2804
f 1458/914/2805 526/913/2806 1457/923/2807 818/928/2808
f 818/928/2809 1457/923/2810 443/927/2811 2164/930/2812
f 2165/929/2813 818/928/2814 2164/930/2815 62/931/2816
f 12/918/2817 2167/932/2818 819/933/2819 2161/919/2820
f 2167/932/2821 445/934/2822 1459/935/2823 819/933/2824
f 819/933/2825 1459/935/2826 527/936/2827 1462/937/2828
f 2161/919/2829 819/933/2830 1462/937/2831 442/920/2832
f 445/934/2833 2168/938/2834 820/939/2835 1459/935/2836
f 2168/938/2837 13/940/2838 2169/941/2839 820/939/2840
f 820/939/2841 2169/941/2842 446/942/2843 1460/943/2844
f 1459/935/2845 820/939/2846 1460/943/2847 527/936/2848
f 527/936/2849 1460/943/2850 821/944/2851 1461/945/2852
f 1460/943/2853 446/942/2854 2170/946/2855 821/944/2856
f 821/944/2857 2170/946/2858 64/947/2859 2171/948/2860
f 1461/945/2861 821/944/2862 2171/948/2863 447/949/2864
f 442/920/2865 1462/937/2866 822/950/2867 2162/924/2868
f 1462/937/2869 527/936/2870 1461/945/2871 822/950/2872
f 822/950/2873 1461/945/2874 447/949/2875 2172/951/2876
f 2162/924/2877 822/950/2878 2172/951/2879 63/925/2880
f 13/940/2881 2173/952/2882 823/953/2883 2169/941/2884
f 2173/952/2885 448/954/2886 1463/955/2887 823/953/2888
f 823/953/2889 1463/955/2890 528/956/2891 1466/957/2892
f 2169/941/2893 823/953/2894 1466/957/2895 446/942/2896
f 448/954/2897 2174/958/2898 824/959/2899 1463/955/2900
f 2174/958/2901 14/960/2902 2175/961/2903 824/959/2904
f 824/959/2905 2175/961/2906 449/962/2907 1464/963/2908
f 1463/955/2909 824/959/2910 1464/963/2911 528/956/2912
f 528/956/2913 1464/963/2914 825/964/2915 1465/965/2916
f 1464/963/2917 449/962/2918 2176/966/2919 825/964/2920
f 825/964/2921 2176/966/2922 65/967/2923 2177/968/2924
f 1465/965/2925 825/964/2926 2177/968/2927 450/969/2928
f 446/942/2929 1466/957/2930 826/970/2931 2170/946/2932
f 1466/957/2933 528/956/2934 1465/965/2935 826/970/2936
f 826/970/2937 1465/965/2938 450/969/2939 2178/971/2940
f 2170/946/2941 826/970/2942 2178/971/2943 64/947/2944
f 14/960/2945 2179/972/2946 827/973/2947 2175/961/2948
f 2179/972/2949 451/974/2950 1467/975/2951 827/973/2952
f 827/973/2953 1467/975/2954 529/976/2955 1470/977/2956
f 2175/961/2957 827/973/2958 1470/977/2959 449/962/2960
f 451/974/2961 2180/978/2962 828/979/2963 1467/975/2964
f 2180/978/2965 15/980/2966 2181/981/2967 828/979/2968
f 828/979/2969 2181/981/2970 452/982/2971 1468/983/2972
f 1467/975/2973 828/979/2974 1468/983/2975 529/976/2976
f 529/976/2977 1468/983/2978 829/984/2979 1469/985/2980
f 1468/983/2981 452/982/2982 2182/986/2983 829/984/2984
f 829/984/2985 2182/986/2986 66/987/2987 2183/988/2988
f 1469/985/2989 829/984/2990 2183/988/2991 453/989/2992
f 449/962/2993 1470/977/2994 830/990/2995 2176/966/2996
f 1470/977/2997 529/976/2998 1469/985/2999 830/990/3000
f 830/990/3001 1469/985/3002 453/989/3003 2184/991/3004
f 2176/966/3005 830/990/3006 2184/991/3007 65/967/3008
f 15/980/3009 2185/992/3010 831/993/3011 2181/981/3012
f 2185/992/3013 454/994/3014 1471/995/3015 831/993/3016
f 831/993/3017 1471/995/3018 530/996/3019 1474/997/3020
f 2181/981/3021 831/993/3022 1474/997/3023 452/982/3024
f 454/994/3025 2186/998/3026 832/999/3027 1471/995/3028
f 2186/998/3029 89/1000/3030 2187/1001/3031 832/999/3032
f 832/999/3033 2187/1001/3034 455/1002/3035 1472/1003/3036
f 1471/995/3037 832/999/3038 1472/1003/3039 530/996/3040
f 530/996/3041 1472/1003/3042 833/1004/3043 1473/1005/3044
f 1472/1003/3045 455/1002/3046 2188/1006/3047 833/1004/3048
f 833/1004/3049 2188/1006/3050 90/1007/3051 2189/1008/3052
f 1473/1005/3053 833/1004/3054 2189/1008/3055 456/1009/3056
f 452/982/3057 1474/997/3058 834/1010/3059 2182/986/3060
f 1474/997/3061 530/996/3062 1473/1005/3063 834/1010/3064
f 834/1010/3065 1473/1005/3066 456/1009/3067 2190/1011/3068
f 2182/986/3069 834/1010/3070 2190/1011/3071 66/987/3072
f 2/1012/3073 2191/1013/3074 835/1014/3075 2198/1015/3076
f 2191/1013/3077 457/1016/3078 1475/1017/3079 835/1014/3080
f 835/1014/3081 1475/1017/3082 531/1018/3083 1478/1019/3084
f 2198/1015/3085 835/1014/3086 1478/1019/3087 460/1020/3088
f 457/1016/3089 2192/1021/3090 836/1022/3091 1475/1017/3092
f 2192/1021/3093 3/1023/3094 2193/1024/3095 836/1022/3096
f 836/1022/3097 2193/1024/3098 458/1025/3099 1476/1026/3100
f 1475/1017/3101 836/1022/3102 1476/1026/3103 531/1018/3104
f 531/1018/3105 1476/1026/3106 837/1027/3107 1477/1028/3108
f 1476/1026/3109 458/1025/3110 2194/1029/3111 837/1027/3112
f 837/1027/3113 2194/1029/3114 68/1030/3115 2195/1031/3116
f 1477/1028/3117 837/1027/3118 2195/1031/3119 459/1032/3120
f 460/1020/3121 1478/1019/3122 838/1033/3123 2197/1034/3124
f 1478/1019/3125 531/1018/3126 1477/1028/3127 838/1033/3128
f 838/1033/3129 1477/1028/3130 459/1032/3131 2196/1035/3132
f 2197/1034/3133 838/1033/3134 2196/1035/3135 67/1036/3136
f 3/1023/3137 2199/1037/3138 839/1038/3139 2193/1024/3140
f 2199/1037/3141 461/1039/3142 1479/1040/3143 839/1038/3144
f 839/1038/3145 1479/1040/3146 532/1041/3147 1482/1042/3148
f 2193/1024/3149 839/1038/3150 1482/1042/3151 458/1025/3152
f 461/1039/3153 2200/1043/3154 840/1044/3155 1479/1040/3156
f 2200/1043/3157 4/1045/3158 2201/1046/3159 840/1044/3160
f 840/1044/3161 2201/1046/3162 462/1047/3163 1480/1048/3164
f 1479/1040/3165 840/1044/3166 1480/1048/3167 532/1041/3168
f 532/1041/3169 1480/1048/3170 841/1049/3171 1481/1050/3172
f 1480/1048/3173 462/1047/3174 2202/1051/3175 841/1049/3176
f 841/1049/3177 2202/1051/3178 69/1052/3179 2203/1053/3180
f 1481/1050/3181 841/1049/3182 2203/1053/3183 463/1054/3184
f 458/1025/3185 1482/1042/3186 842/1055/3187 2194/1029/3188
f 1482/1042/3189 532/1041/3190 1481/1050/3191 842/1055/3192
f 842/1055/3193 1481/1050/3194 463/1054/3195 2204/1056/3196
f 2194/1029/3197 842/1055/3198 2204/1056/3199 68/1030/3200
f 4/1045/3201 2205/1057/3202 843/1058/3203 2201/1046/3204
f 2205/1057/3205 464/1059/3206 1483/1060/3207 843/1058/3208
f 843/1058/3209 1483/1060/3210 533/1061/3211 1486/1062/3212
f 2201/1046/3213 843/1058/3214 1486/1062/3215 462/1047/3216
f 464/1059/3217 2206/1063/3218 844/1064/3219 1483/1060/3220
f 2206/1063/3221 5/1065/3222 2207/1066/3223 844/1064/3224
f 844/1064/3225 2207/1066/3226 465/1067/3227 1484/1068/3228
f 1483/1060/3229 844/1064/3230 1484/1068/3231 533/1061/3232
f 533/1061/3233 1484/1068/3234 845/1069/3235 1485/1070/3236
f 1484/1068/3237 465/1067/3238 2208/1071/3239 845/1069/3240
f 845/1069/3241 2208/1071/3242 70/1072/3243 2209/1073/3244
f 1485/1070/3245 845/1069/3246 2209/1073/3247 466/1074/3248
f 462/1047/3249 1486/1062/3250 846/1075/3251 2202/1051/3252
f 1486/1062/3253 533/1061/3254 1485/1070/3255 846/1075/3256
f 846/1075/3257 1485/1070/3258 466/1074/3259 2210/1076/3260
f 2202/1051/3261 846/1075/3262 2210/1076/3263 69/1052/3264
f 5/1065/3265 2211/1077/3266 847/1078/3267 2207/1066/3268
f 2211/1077/3269 467/1079/3270 1487/1080/3271 847/1078/3272
f 847/1078/3273 1487/1080/3274 534/1081/3275 1490/1082/3276
f 2207/1066/3277 847/1078/3278 1490/1082/3279 465/1067/3280
f 467/1079/3281 2212/1083/3282 848/1084/3283 1487/1080/3284
f 2212/1083/3285 1/1085/3286 2213/1086/3287 848/1084/3288
f 848/1084/3289 2213/1086/3290 468/1087/3291 1488/1088/3292
f 1487/1080/3293 848/1084/3294 1488/1088/3295 534/1081/3296
f 534/1081/3297 1488/1088/3298 849/1089/3299 1489/1090/3300
f 1488/1088/3301 468/1087/3302 2214/1091/3303 849/1089/3304
f 849/1089/3305 2214/1091/3306 71/1092/3307 2215/1093/3308
f 1489/1090/3309 849/1089/3310 2215/1093/3311 469/1094/3312
f 465/1067/3313 1490/1082/3314 850/1095/3315 2208/1071/3316
f 1490/1082/3317 534/1081/3318 1489/1090/3319 850/1095/3320
f 850/1095/3321 1489/1090/3322 469/1094/3323 2216/1096/3324
f 2208/1071/3325 850/1095/3326 2216/1096/3327 70/1072/3328
f 113/548/3329 2217/1097/3330 851/1098/3331 2063/549/3332
f 2217/1097/3333 470/1099/3334 1491/1100/3335 851/1098/3336
f 851/1098/3337 1491/1100/3338 535/1101/3339 1494/1102/3340
f 2063/549/3341 851/1098/3342 1494/1102/3343 393/550/3344
f 470/1099/3345 2218/1103/3346 852/1104/3347 1491/1100/3348
f 2218/1103/3349 114/1105/3350 2219/1106/3351 852/1104/3352
f 852/1104/3353 2219/1106/3354 471/1107/3355 1492/1108/3356
f 1491/1100/3357 852/1104/3358 1492/1108/3359 535/1101/3360
f 535/1101/3361 1492/1108/3362 853/1109/3363 1493/1110/3364
f 1492/1108/3365 471/1107/3366 2220/1111/3367 853/1109/3368
f 853/1109/3369 2220/1111/3370 26/1112/3371 2221/1113/3372
f 1493/1110/3373 853/1109/3374 2221/1113/3375 472/1114/3376
f 393/550/3377 1494/1102/3378 854/1115/3379 2064/553/3380
f 1494/1102/3381 535/1101/3382 1493/1110/3383 854/1115/3384
f 854/1115/3385 1493/1110/3386 472/1114/3387 2222/1116/3388
f 2064/553/3389 854/1115/3390 2222/1116/3391 72/554/3392
f 26/1112/3393 2223/1117/3394 855/1118/3395 2221/1113/3396
f 2223/1117/3397 473/1119/3398 1495/1120/3399 855/1118/3400
f 855/1118/3401 1495/1120/3402 536/1121/3403 1498/1122/3404
f 2221/1113/3405 855/1118/3406 1498/1122/3407 472/1114/3408
f 473/1119/3409 2224/1123/3410 856/1124/3411 1495/1120/3412
f 2224/1123/3413 27/1125/3414 2225/1126/3415 856/1124/3416
f 856/1124/3417 2225/1126/3418 474/1127/3419 1496/1128/3420
f 1495/1120/3421 856/1124/3422 1496/1128/3423 536/1121/3424
f 536/1121/3425 1496/1128/3426 857/1129/3427 1497/1130/3428
f 1496/1128/3429 474/1127/3430 2226/1131/3431 857/1129/3432
f 857/1129/3433 2226/1131/3434 73/1132/3435 2227/1133/3436
f 1497/1130/3437 857/1129/3438 2227/1133/3439 475/1134/3440
f 472/1114/3441 1498/1122/3442 858/1135/3443 2222/1116/3444
f 1498/1122/3445 536/1121/3446 1497/1130/3447 858/1135/3448
f 858/1135/3449 1497/1130/3450 475/1134/3451 2228/1136/3452
f 2222/1116/3453 858/1135/3454 2228/1136/3455 72/554/3456
f 27/1125/3457 2229/1137/3458 859/1138/3459 2225/1126/3460
f 2229/1137/3461 476/1139/3462 1499/1140/3463 859/1138/3464
f 859/1138/3465 1499/1140/3466 537/1141/3467 1502/1142/3468
f 2225/1126/3469 859/1138/3470 1502/1142/3471 474/1127/3472
f 476/1139/3473 2230/1143/3474 860/1144/3475 1499/1140/3476
f 2230/1143/3477 28/1145/3478 2231/1146/3479 860/1144/3480
f 860/1144/3481 2231/1146/3482 477/1147/3483 1500/1148/3484
f 1499/1140/3485 860/1144/3486 1500/1148/3487 537/1141/3488
f 537/1141/3489 1500/1148/3490 861/1149/3491 1501/1150/3492
f 1500/1148/3493 477/1147/3494 2232/1151/3495 861/1149/3496
f 861/1149/3497 2232/1151/3498 74/1152/3499 2233/1153/3500
f 1501/1150/3501 861/1149/3502 2233/1153/3503 478/1154/3504
f 474/1127/3505 1502/1142/3506 862/1155/3507 2226/1131/3508
f 1502/1142/3509 537/1141/3510 1501/1150/3511 862/1155/3512
f 862/1155/3513 1501/1150/3514 478/1154/3515 2234/1156/3516
f 2226/1131/3517 862/1155/3518 2234/1156/3519 73/1132/3520
f 28/1145/3521 2235/1157/3522 863/1158/3523 2231/1146/3524
f 2235/1157/3525 479/1159/3526 1503/1160/3527 863/1158/3528
f 863/1158/3529 1503/1160/3530 538/1161/3531 1506/1162/3532
f 2231/1146/3533 863/1158/3534 1506/1162/3535 477/1147/3536
f 479/1159/3537 2236/1163/3538 864/1164/3539 1503/1160/3540
f 2236/1163/3541 29/1165/3542 2237/1166/3543 864/1164/3544
f 864/1164/3545 2237/1166/3546 480/1167/3547 1504/1168/3548
f 1503/1160/3549 864/1164/3550 1504/1168/3551 538/1161/3552
f 538/1161/3553 1504/1168/3554 865/1169/3555 1505/1170/3556
f 1504/1168/3557 480/1167/3558 2238/1171/3559 865/1169/3560
f 865/1169/3561 2238/1171/3562 75/1172/3563 2239/1173/3564
f 1505/1170/3565 865/1169/3566 2239/1173/3567 481/1174/3568
f 477/1147/3569 1506/1162/3570 866/1175/3571 2232/1151/3572
f 1506/1162/3573 538/1161/3574 1505/1170/3575 866/1175/3576
f 866/1175/3577 1505/1170/3578 481/1174/3579 2240/1176/3580
f 2232/1151/3581 866/1175/3582 2240/1176/3583 74/1152/3584
f 29/1165/3585 2241/1177/3586 867/1178/3587 2237/1166/3588
f 2241/1177/3589 482/1179/3590 1507/1180/3591 867/1178/3592
f 867/1178/3593 1507/1180/3594 539/1181/3595 1510/1182/3596
f 2237/1166/3597 867/1178/3598 1510/1182/3599 480/1167/3600
f 482/1179/3601 2242/1183/3602 868/1184/3603 1507/1180/3604
f 2242/1183/3605 30/1185/3606 2243/1186/3607 868/1184/3608
f 868/1184/3609 2243/1186/3610 163/1187/3611 1508/1188/3612
f 1507/1180/3613 868/1184/3614 1508/1188/3615 539/1181/3616
f 539/1181/3617 1508/1188/3618 869/1189/3619 1509/1190/3620
f 1508/1188/3621 163/1187/3622 2244/1191/3623 869/1189/3624
f 869/1189/3625 2244/1191/3626 76/1192/3627 2245/1193/3628
f 1509/1190/3629 869/1189/3630 2245/1193/3631 164/1194/3632
f 480/1167/3633 1510/1182/3634 870/1195/3635 2238/1171/3636
f 1510/1182/3637 539/1181/3638 1509/1190/3639 870/1195/3640
f 870/1195/3641 1509/1190/3642 164/1194/3643 2246/1196/3644
f 2238/1171/3645 870/1195/3646 2246/1196/3647 75/1172/3648
f 93/1197/3649 2247/1198/3650 871/1199/3651 2254/1200/3652
f 2247/1198/3653 165/1201/3654 1511/1202/3655 871/1199/3656
f 871/1199/3657 1511/1202/3658 540/1203/3659 1514/1204/3660
f 2254/1200/3661 871/1199/3662 1514/1204/3663 168/1205/3664
f 165/1201/3665 2248/1206/3666 872/1207/3667 1511/1202/3668
f 2248/1206/3669 94/1208/3670 2249/1209/3671 872/1207/3672
f 872/1207/3673 2249/1209/3674 166/1210/3675 1512/1211/3676
f 1511/1202/3677 872/1207/3678 1512/1211/3679 540/1203/3680
f 540/1203/3681 1512/1211/3682 873/1212/3683 1513/1213/3684
f 1512/1211/3685 166/1210/3686 2250/1214/3687 873/1212/3688
f 873/1212/3689 2250/1214/3690 37/1215/3691 2251/1216/3692
f 1513/1213/3693 873/1212/3694 2251/1216/3695 167/1217/3696
f 168/1205/3697 1514/1204/3698 874/1218/3699 2253/1219/3700
f 1514/1204/3701 540/1203/3702 1513/1213/3703 874/1218/3704
f 874/1218/3705 1513/1213/3706 167/1217/3707 2252/1220/3708
f 2253/1219/3709 874/1218/3710 2252/1220/3711 77/1221/3712
f 37/1215/3713 2255/1222/3714 875/1223/3715 2251/1216/3716
f 2255/1222/3717 169/1224/3718 1515/1225/3719 875/1223/3720
f 875/1223/3721 1515/1225/3722 541/1226/3723 1518/1227/3724
f 2251/1216/3725 875/1223/3726 1518/1227/3727 167/1217/3728
f 169/1224/3729 2256/1228/3730 876/1229/3731 1515/1225/3732
f 2256/1228/3733 38/1230/3734 2257/1231/3735 876/1229/3736
f 876/1229/3737 2257/1231/3738 170/1232/3739 1516/1233/3740
f 1515/1225/3741 876/1229/3742 1516/1233/3743 541/1226/3744
f 541/1226/3745 1516/1233/3746 877/1234/3747 1517/1235/3748
f 1516/1233/3749 170/1232/3750 2258/1236/3751 877/1234/3752
f 877/1234/3753 2258/1236/3754 78/1237/3755 2259/1238/3756
f 1517/1235/3757 877/1234/3758 2259/1238/3759 171/1239/3760
f 167/1217/3761 1518/1227/3762 878/1240/3763 2252/1220/3764
f 1518/1227/3765 541/1226/3766 1517/1235/3767 878/1240/3768
f 878/1240/3769 1517/1235/3770 171/1239/3771 2260/1241/3772
f 2252/1220/3773 878/1240/3774 2260/1241/3775 77/1221/3776
f 38/1230/3777 2261/1242/3778 879/1243/3779 2257/1231/3780
f 2261/1242/3781 172/1244/3782 1519/1245/3783 879/1243/3784
f 879/1243/3785 1519/1245/3786 542/1246/3787 1522/1247/3788
f 2257/1231/3789 879/1243/3790 1522/1247/3791 170/1232/3792
f 172/1244/3793 2262/1248/3794 880/1249/3795 1519/1245/3796
f 2262/1248/3797 39/1250/3798 2263/1251/3799 880/1249/3800
f 880/1249/3801 2263/1251/3802 173/1252/3803 1520/1253/3804
f 1519/1245/3805 880/1249/3806 1520/1253/3807 542/1246/3808
f 542/1246/3809 1520/1253/3810 881/1254/3811 1521/1255/3812
f 1520/1253/3813 173/1252/3814 2264/1256/3815 881/1254/3816
f 881/1254/3817 2264/1256/3818 79/1257/3819 2265/1258/3820
f 1521/1255/3821 881/1254/3822 2265/1258/3823 174/1259/3824
f 170/1232/3825 1522/1247/3826 882/1260/3827 2258/1236/3828
f 1522/1247/3829 542/1246/3830 1521/1255/3831 882/1260/3832
f 882/1260/3833 1521/1255/3834 174/1259/3835 2266/1261/3836
f 2258/1236/3837 882/1260/3838 2266/1261/3839 78/1237/3840
f 39/1250/3841 2267/1262/3842 883/1263/3843 2263/1251/3844
f 2267/1262/3845 175/1264/3846 1523/1265/3847 883/1263/3848
f 883/1263/3849 1523/1265/3850 543/1266/3851 1526/1267/3852
f 2263/1251/3853 883/1263/3854 1526/1267/3855 173/1252/3856
f 175/1264/3857 2268/1268/3858 884/1269/3859 1523/1265/3860
f 2268/1268/3861 40/1270/3862 2269/1271/3863 884/1269/3864
f 884/1269/3865 2269/1271/3866 176/1272/3867 1524/1273/3868
f 1523/1265/3869 884/1269/3870 1524/1273/3871 543/1266/3872
f 543/1266/3873 1524/1273/3874 885/1274/3875 1525/1275/3876
f 1524/1273/3877 176/1272/3878 2270/1276/3879 885/1274/3880
f 885/1274/3881 2270/1276/3882 80/1277/3883 2271/1278/3884
f 1525/1275/3885 885/1274/3886 2271/1278/3887 177/1279/3888
f 173/1252/3889 1526/1267/3890 886/1280/3891 2264/1256/3892
f 1526/1267/3893 543/1266/3894 1525/1275/3895 886/1280/3896
f 886/1280/3897 1525/1275/3898 177/1279/3899 2272/1281/3900
f 2264/1256/3901 886/1280/3902 2272/1281/3903 79/1257/3904
f 40/1270/3905 2273/1282/3906 887/1283/3907 2269/1271/3908
f 2273/1282/3909 178/1284/3910 1527/1285/3911 887/1283/3912
f 887/1283/3913 1527/1285/3914 544/1286/3915 1530/1287/3916
f 2269/1271/3917 887/1283/3918 1530/1287/3919 176/1272/3920
f 178/1284/3921 2274/1288/3922 888/1289/3923 1527/1285/3924
f 2274/1288/3925 36/882/3926 2158/885/3927 888/1289/3928
f 888/1289/3929 2158/885/3930 440/890/3931 1528/1290/3932
f 1527/1285/3933 888/1289/3934 1528/1290/3935 544/1286/3936
f 544/1286/3937 1528/1290/3938 889/1291/3939 1529/1292/3940
f 1528/1290/3941 440/890/3942 2157/904/3943 889/1291/3944
f 889/1291/3945 2157/904/3946 61/906/3947 2275/1293/3948
f 1529/1292/3949 889/1291/3950 2275/1293/3951 179/1294/3952
f 176/1272/3953 1530/1287/3954 890/1295/3955 2270/1276/3956
f 1530/1287/3957 544/1286/3958 1529/1292/3959 890/1295/3960
f 890/1295/3961 1529/1292/3962 179/1294/3963 2276/1296/3964
f 2270/1276/3965 890/1295/3966 2276/1296/3967 80/1277/3968
f 60/529/3969 2056/528/3970 891/1297/3971 2149/871/3972
f 2056/528/3973 389/525/3974 1531/1298/3975 891/1297/3976
f 891/1297/3977 1531/1298/3978 545/1299/3979 1534/1300/3980
f 2149/871/3981 891/1297/3982 1534/1300/3983 436/862/3984
f 389/525/3985 2055/524/3986 892/1301/3987 1531/1298/3988
f 2055/524/3989 83/523/3990 2277/1302/3991 892/1301/3992
f 892/1301/3993 2277/1302/3994 180/1303/3995 1532/1304/3996
f 1531/1298/3997 892/1301/3998 1532/1304/3999 545/1299/4000
f 545/1299/4001 1532/1304/4002 893/1305/4003 1533/1306/4004
f 1532/1304/4005 180/1303/4006 2278/1307/4007 893/1305/4008
f 893/1305/4009 2278/1307/4010 105/1308/4011 2279/1309/4012
f 1533/1306/4013 893/1305/4014 2279/1309/4015 181/1310/4016
f 436/862/4017 1534/1300/4018 894/1311/4019 2150/857/4020
f 1534/1300/4021 545/1299/4022 1533/1306/4023 894/1311/4024
f 894/1311/4025 1533/1306/4026 181/1310/4027 2280/1312/4028
f 2150/857/4029 894/1311/4030 2280/1312/4031 106/854/4032
f 74/1152/4033 2281/1313/4034 895/1314/4035 2233/1153/4036
f 2281/1313/4037 182/1315/4038 1535/1316/4039 895/1314/4040
f 895/1314/4041 1535/1316/4042 546/1317/4043 1538/1318/4044
f 2233/1153/4045 895/1314/4046 1538/1318/4047 478/1154/4048
f 182/1315/4049 2282/1319/4050 896/1320/4051 1535/1316/4052
f 2282/1319/4053 85/530/4054 2066/533/4055 896/1320/4056
f 896/1320/4057 2066/533/4058 394/538/4059 1536/1321/4060
f 1535/1316/4061 896/1320/4062 1536/1321/4063 546/1317/4064
f 546/1317/4065 1536/1321/4066 897/1322/4067 1537/1323/4068
f 1536/1321/4069 394/538/4070 2065/552/4071 897/1322/4072
f 897/1322/4073 2065/552/4074 72/554/4075 2228/1136/4076
f 1537/1323/4077 897/1322/4078 2228/1136/4079 475/1134/4080
f 478/1154/4081 1538/1318/4082 898/1324/4083 2234/1156/4084
f 1538/1318/4085 546/1317/4086 1537/1323/4087 898/1324/4088
f 898/1324/4089 1537/1323/4090 475/1134/4091 2227/1133/4092
f 2234/1156/4093 898/1324/4094 2227/1133/4095 73/1132/4096
f 69/1052/4097 2283/1325/4098 899/1326/4099 2203/1053/4100
f 2283/1325/4101 183/1327/4102 1539/1328/4103 899/1326/4104
f 899/1326/4105 1539/1328/4106 547/1329/4107 1542/1330/4108
f 2203/1053/4109 899/1326/4110 1542/1330/4111 463/1054/4112
f 183/1327/4113 2284/1331/4114 900/1332/4115 1539/1328/4116
f 2284/1331/4117 86/1333/4118 2285/1334/4119 900/1332/4120
f 900/1332/4121 2285/1334/4122 184/1335/4123 1540/1336/4124
f 1539/1328/4125 900/1332/4126 1540/1336/4127 547/1329/4128
f 547/1329/4129 1540/1336/4130 901/1337/4131 1541/1338/4132
f 1540/1336/4133 184/1335/4134 2286/1339/4135 901/1337/4136
f 901/1337/4137 2286/1339/4138 67/1036/4139 2196/1035/4140
f 1541/1338/4141 901/1337/4142 2196/1035/4143 459/1032/4144
f 463/1054/4145 1542/1330/4146 902/1340/4147 2204/1056/4148
f 1542/1330/4149 547/1329/4150 1541/1338/4151 902/1340/4152
f 902/1340/4153 1541/1338/4154 459/1032/4155 2195/1031/4156
f 2204/1056/4157 902/1340/4158 2195/1031/4159 68/1030/4160
f 57/817/4161 2287/1341/4162 903/1342/4163 2135/818/4164
f 2287/1341/4165 185/1343/4166 1543/1344/4167 903/1342/4168
f 903/1342/4169 1543/1344/4170 548/1345/4171 1546/1346/4172
f 2135/818/4173 903/1342/4174 1546/1346/4175 429/819/4176
f 185/1343/4177 2288/1347/4178 904/1348/4179 1543/1344/4180
f 2288/1347/4181 84/1349/4182 2289/1350/4183 904/1348/4184
f 904/1348/4185 2289/1350/4186 186/1351/4187 1544/1352/4188
f 1543/1344/4189 904/1348/4190 1544/1352/4191 548/1345/4192
f 548/1345/4193 1544/1352/4194 905/1353/4195 1545/1354/4196
f 1544/1352/4197 186/1351/4198 2290/1355/4199 905/1353/4200
f 905/1353/4201 2290/1355/4202 55/789/4203 2132/805/4204
f 1545/1354/4205 905/1353/4206 2132/805/4207 427/803/4208
f 429/819/4209 1546/1346/4210 906/1356/4211 2136/821/4212
f 1546/1346/4213 548/1345/4214 1545/1354/4215 906/1356/4216
f 906/1356/4217 1545/1354/4218 427/803/4219 2131/802/4220
f 2136/821/4221 906/1356/4222 2131/802/4223 56/801/4224
f 81/1357/4225 2291/1358/4226 907/1359/4227 2294/1360/4228
f 2291/1358/4229 187/1361/4230 1547/1362/4231 907/1359/4232
f 907/1359/4233 1547/1362/4234 549/1363/4235 1550/1364/4236
f 2294/1360/4237 907/1359/4238 1550/1364/4239 188/1365/4240
f 187/1361/4241 2292/1366/4242 908/1367/4243 1547/1362/4244
f 2292/1366/4245 45/637/4246 2086/636/4247 908/1367/4248
f 908/1367/4249 2086/636/4250 404/633/4251 1548/1368/4252
f 1547/1362/4253 908/1367/4254 1548/1368/4255 549/1363/4256
f 549/1363/4257 1548/1368/4258 909/1369/4259 1549/1370/4260
f 1548/1368/4261 404/633/4262 2085/632/4263 909/1369/4264
f 909/1369/4265 2085/632/4266 46/631/4267 2092/653/4268
f 1549/1370/4269 909/1369/4270 2092/653/4271 407/651/4272
f 188/1365/4273 1550/1364/4274 910/1371/4275 2293/1372/4276
f 1550/1364/4277 549/1363/4278 1549/1370/4279 910/1371/4280
f 910/1371/4281 1549/1370/4282 407/651/4283 2091/650/4284
f 2293/1372/4285 910/1371/4286 2091/650/4287 47/649/4288
f 102/697/4289 2295/1373/4290 911/1374/4291 2103/698/4292
f 2295/1373/4293 189/1375/4294 1551/1376/4295 911/1374/4296
f 911/1374/4297 1551/1376/4298 550/1377/4299 1554/1378/4300
f 2103/698/4301 911/1374/4302 1554/1378/4303 413/699/4304
f 189/1375/4305 2296/1379/4306 912/1380/4307 1551/1376/4308
f 2296/1379/4309 103/1381/4310 2297/1382/4311 912/1380/4312
f 912/1380/4313 2297/1382/4314 190/1383/4315 1552/1384/4316
f 1551/1376/4317 912/1380/4318 1552/1384/4319 550/1377/4320
f 550/1377/4321 1552/1384/4322 913/1385/4323 1553/1386/4324
f 1552/1384/4325 190/1383/4326 2298/1387/4327 913/1385/4328
f 913/1385/4329 2298/1387/4330 81/1357/4331 2299/1388/4332
f 1553/1386/4333 913/1385/4334 2299/1388/4335 191/1389/4336
f 413/699/4337 1554/1378/4338 914/1390/4339 2104/701/4340
f 1554/1378/4341 550/1377/4342 1553/1386/4343 914/1390/4344
f 914/1390/4345 1553/1386/4346 191/1389/4347 2300/1391/4348
f 2104/701/4349 914/1390/4350 2300/1391/4351 49/681/4352
f 52/733/4353 2301/1392/4354 915/1393/4355 2113/734/4356
f 2301/1392/4357 192/1394/4358 1555/1395/4359 915/1393/4360
f 915/1393/4361 1555/1395/4362 551/1396/4363 1558/1397/4364
f 2113/734/4365 915/1393/4366 1558/1397/4367 418/735/4368
f 192/1394/4369 2302/1398/4370 916/1399/4371 1555/1395/4372
f 2302/1398/4373 82/1400/4374 2303/1401/4375 916/1399/4376
f 916/1399/4377 2303/1401/4378 193/1402/4379 1556/1403/4380
f 1555/1395/4381 916/1399/4382 1556/1403/4383 551/1396/4384
f 551/1396/4385 1556/1403/4386 917/1404/4387 1557/1405/4388
f 1556/1403/4389 193/1402/4390 2304/1406/4391 917/1404/4392
f 917/1404/4393 2304/1406/4394 50/721/4395 2108/720/4396
f 1557/1405/4397 917/1404/4398 2108/720/4399 415/717/4400
f 418/735/4401 1558/1397/4402 918/1407/4403 2114/737/4404
f 1558/1397/4405 551/1396/4406 1557/1405/4407 918/1407/4408
f 918/1407/4409 1557/1405/4410 415/717/4411 2107/716/4412
f 2114/737/4413 918/1407/4414 2107/716/4415 51/715/4416
f 83/523/4417 2305/1408/4418 919/1409/4419 2310/1410/4420
f 2305/1408/4421 194/1411/4422 1559/1412/4423 919/1409/4424
f 919/1409/4425 1559/1412/4426 552/1413/4427 1562/1414/4428
f 2310/1410/4429 919/1409/4430 1562/1414/4431 196/1415/4432
f 194/1411/4433 2306/1416/4434 920/1417/4435 1559/1412/4436
f 2306/1416/4437 44/597/4438 2082/617/4439 920/1417/4440
f 920/1417/4441 2082/617/4442 402/615/4443 1560/1418/4444
f 1559/1412/4445 920/1417/4446 1560/1418/4447 552/1413/4448
f 552/1413/4449 1560/1418/4450 921/1419/4451 1561/1420/4452
f 1560/1418/4453 402/615/4454 2081/614/4455 921/1419/4456
f 921/1419/4457 2081/614/4458 96/613/4459 2307/1421/4460
f 1561/1420/4461 921/1419/4462 2307/1421/4463 195/1422/4464
f 196/1415/4465 1562/1414/4466 922/1423/4467 2309/1424/4468
f 1562/1414/4469 552/1413/4470 1561/1420/4471 922/1423/4472
f 922/1423/4473 1561/1420/4474 195/1422/4475 2308/1425/4476
f 2309/1424/4477 922/1423/4478 2308/1425/4479 97/1426/4480
f 104/1427/4481 2311/1428/4482 923/1429/4483 2314/1430/4484
f 2311/1428/4485 197/1431/4486 1563/1432/4487 923/1429/4488
f 923/1429/4489 1563/1432/4490 553/1433/4491 1566/1434/4492
f 2314/1430/4493 923/1429/4494 1566/1434/4495 198/1435/4496
f 197/1431/4497 2312/1436/4498 924/1437/4499 1563/1432/4500
f 2312/1436/4501 105/1308/4502 2278/1307/4503 924/1437/4504
f 924/1437/4505 2278/1307/4506 180/1303/4507 1564/1438/4508
f 1563/1432/4509 924/1437/4510 1564/1438/4511 553/1433/4512
f 553/1433/4513 1564/1438/4514 925/1439/4515 1565/1440/4516
f 1564/1438/4517 180/1303/4518 2277/1302/4519 925/1439/4520
f 925/1439/4521 2277/1302/4522 83/523/4523 2310/1410/4524
f 1565/1440/4525 925/1439/4526 2310/1410/4527 196/1415/4528
f 198/1435/4529 1566/1434/4530 926/1441/4531 2313/1442/4532
f 1566/1434/4533 553/1433/4534 1565/1440/4535 926/1441/4536
f 926/1441/4537 1565/1440/4538 196/1415/4539 2309/1424/4540
f 2313/1442/4541 926/1441/4542 2309/1424/4543 97/1426/4544
f 55/789/4545 2290/1355/4546 927/1443/4547 2127/787/4548
f 2290/1355/4549 186/1351/4550 1567/1444/4551 927/1443/4552
f 927/1443/4553 1567/1444/4554 554/1445/4555 1570/1446/4556
f 2127/787/4557 927/1443/4558 1570/1446/4559 425/778/4560
f 186/1351/4561 2289/1350/4562 928/1447/4563 1567/1444/4564
f 2289/1350/4565 84/1349/4566 2315/1448/4567 928/1447/4568
f 928/1447/4569 2315/1448/4570 199/1449/4571 1568/1450/4572
f 1567/1444/4573 928/1447/4574 1568/1450/4575 554/1445/4576
f 554/1445/4577 1568/1450/4578 929/1451/4579 1569/1452/4580
f 1568/1450/4581 199/1449/4582 2316/1453/4583 929/1451/4584
f 929/1451/4585 2316/1453/4586 98/1454/4587 2317/1455/4588
f 1569/1452/4589 929/1451/4590 2317/1455/4591 200/1456/4592
f 425/778/4593 1570/1446/4594 930/1457/4595 2128/773/4596
f 1570/1446/4597 554/1445/4598 1569/1452/4599 930/1457/4600
f 930/1457/4601 1569/1452/4602 200/1456/4603 2318/1458/4604
f 2128/773/4605 930/1457/4606 2318/1458/4607 99/770/4608
f 79/1257/4609 2319/1459/4610 931/1460/4611 2265/1258/4612
f 2319/1459/4613 201/1461/4614 1571/1462/4615 931/1460/4616
f 931/1460/4617 1571/1462/4618 555/1463/4619 1574/1464/4620
f 2265/1258/4621 931/1460/4622 1574/1464/4623 174/1259/4624
f 201/1461/4625 2320/1465/4626 932/1466/4627 1571/1462/4628
f 2320/1465/4629 88/1467/4630 2321/1468/4631 932/1466/4632
f 932/1466/4633 2321/1468/4634 202/1469/4635 1572/1470/4636
f 1571/1462/4637 932/1466/4638 1572/1470/4639 555/1463/4640
f 555/1463/4641 1572/1470/4642 933/1471/4643 1573/1472/4644
f 1572/1470/4645 202/1469/4646 2322/1473/4647 933/1471/4648
f 933/1471/4649 2322/1473/4650 77/1221/4651 2260/1241/4652
f 1573/1472/4653 933/1471/4654 2260/1241/4655 171/1239/4656
f 174/1259/4657 1574/1464/4658 934/1474/4659 2266/1261/4660
f 1574/1464/4661 555/1463/4662 1573/1472/4663 934/1474/4664
f 934/1474/4665 1573/1472/4666 171/1239/4667 2259/1238/4668
f 2266/1261/4669 934/1474/4670 2259/1238/4671 78/1237/4672
f 61/906/4673 2156/905/4674 935/1475/4675 2328/1476/4676
f 2156/905/4677 439/902/4678 1575/1477/4679 935/1475/4680
f 935/1475/4681 1575/1477/4682 556/1478/4683 1578/1479/4684
f 2328/1476/4685 935/1475/4686 1578/1479/4687 205/1480/4688
f 439/902/4689 2155/901/4690 936/1481/4691 1575/1477/4692
f 2155/901/4693 109/900/4694 2323/1482/4695 936/1481/4696
f 936/1481/4697 2323/1482/4698 203/1483/4699 1576/1484/4700
f 1575/1477/4701 936/1481/4702 1576/1484/4703 556/1478/4704
f 556/1478/4705 1576/1484/4706 937/1485/4707 1577/1486/4708
f 1576/1484/4709 203/1483/4710 2324/1487/4711 937/1485/4712
f 937/1485/4713 2324/1487/4714 110/1488/4715 2325/1489/4716
f 1577/1486/4717 937/1485/4718 2325/1489/4719 204/1490/4720
f 205/1480/4721 1578/1479/4722 938/1491/4723 2327/1492/4724
f 1578/1479/4725 556/1478/4726 1577/1486/4727 938/1491/4728
f 938/1491/4729 1577/1486/4730 204/1490/4731 2326/1493/4732
f 2327/1492/4733 938/1491/4734 2326/1493/4735 88/1467/4736
f 64/947/4737 2329/1494/4738 939/1495/4739 2171/948/4740
f 2329/1494/4741 206/1496/4742 1579/1497/4743 939/1495/4744
f 939/1495/4745 1579/1497/4746 557/1498/4747 1582/1499/4748
f 2171/948/4749 939/1495/4750 1582/1499/4751 447/949/4752
f 206/1496/4753 2330/1500/4754 940/1501/4755 1579/1497/4756
f 2330/1500/4757 87/1502/4758 2331/1503/4759 940/1501/4760
f 940/1501/4761 2331/1503/4762 207/1504/4763 1580/1505/4764
f 1579/1497/4765 940/1501/4766 1580/1505/4767 557/1498/4768
f 557/1498/4769 1580/1505/4770 941/1506/4771 1581/1507/4772
f 1580/1505/4773 207/1504/4774 2332/1508/4775 941/1506/4776
f 941/1506/4777 2332/1508/4778 62/931/4779 2164/930/4780
f 1581/1507/4781 941/1506/4782 2164/930/4783 443/927/4784
f 447/949/4785 1582/1499/4786 942/1509/4787 2172/951/4788
f 1582/1499/4789 557/1498/4790 1581/1507/4791 942/1509/4792
f 942/1509/4793 1581/1507/4794 443/927/4795 2163/926/4796
f 2172/951/4797 942/1509/4798 2163/926/4799 63/925/4800
f 90/1007/4801 2333/1510/4802 943/1511/4803 2189/1008/4804
f 2333/1510/4805 208/1512/4806 1583/1513/4807 943/1511/4808
f 943/1511/4809 1583/1513/4810 558/1514/4811 1586/1515/4812
f 2189/1008/4813 943/1511/4814 1586/1515/4815 456/1009/4816
f 208/1512/4817 2334/1516/4818 944/1517/4819 1583/1513/4820
f 2334/1516/4821 91/1518/4822 2335/1519/4823 944/1517/4824
f 944/1517/4825 2335/1519/4826 209/1520/4827 1584/1521/4828
f 1583/1513/4829 944/1517/4830 1584/1521/4831 558/1514/4832
f 558/1514/4833 1584/1521/4834 945/1522/4835 1585/1523/4836
f 1584/1521/4837 209/1520/4838 2336/1524/4839 945/1522/4840
f 945/1522/4841 2336/1524/4842 87/1502/4843 2337/1525/4844
f 1585/1523/4845 945/1522/4846 2337/1525/4847 210/1526/4848
f 456/1009/4849 1586/1515/4850 946/1527/4851 2190/1011/4852
f 1586/1515/4853 558/1514/4854 1585/1523/4855 946/1527/4856
f 946/1527/4857 1585/1523/4858 210/1526/4859 2338/1528/4860
f 2190/1011/4861 946/1527/4862 2338/1528/4863 66/987/4864
f 88/1467/4865 2326/1493/4866 947/1529/4867 2344/1530/4868
f 2326/1493/4869 204/1490/4870 1587/1531/4871 947/1529/4872
f 947/1529/4873 1587/1531/4874 559/1532/4875 1590/1533/4876
f 2344/1530/4877 947/1529/4878 1590/1533/4879 213/1534/4880
f 204/1490/4881 2325/1489/4882 948/1535/4883 1587/1531/4884
f 2325/1489/4885 110/1488/4886 2339/1536/4887 948/1535/4888
f 948/1535/4889 2339/1536/4890 211/1537/4891 1588/1538/4892
f 1587/1531/4893 948/1535/4894 1588/1538/4895 559/1532/4896
f 559/1532/4897 1588/1538/4898 949/1539/4899 1589/1540/4900
f 1588/1538/4901 211/1537/4902 2340/1541/4903 949/1539/4904
f 949/1539/4905 2340/1541/4906 111/1542/4907 2341/1543/4908
f 1589/1540/4909 949/1539/4910 2341/1543/4911 212/1544/4912
f 213/1534/4913 1590/1533/4914 950/1545/4915 2343/1546/4916
f 1590/1533/4917 559/1532/4918 1589/1540/4919 950/1545/4920
f 950/1545/4921 1589/1540/4922 212/1544/4923 2342/1547/4924
f 2343/1546/4925 950/1545/4926 2342/1547/4927 92/1548/4928
f 77/1221/4929 2322/1473/4930 951/1549/4931 2253/1219/4932
f 2322/1473/4933 202/1469/4934 1591/1550/4935 951/1549/4936
f 951/1549/4937 1591/1550/4938 560/1551/4939 1594/1552/4940
f 2253/1219/4941 951/1549/4942 1594/1552/4943 168/1205/4944
f 202/1469/4945 2321/1468/4946 952/1553/4947 1591/1550/4948
f 2321/1468/4949 88/1467/4950 2344/1530/4951 952/1553/4952
f 952/1553/4953 2344/1530/4954 213/1534/4955 1592/1554/4956
f 1591/1550/4957 952/1553/4958 1592/1554/4959 560/1551/4960
f 560/1551/4961 1592/1554/4962 953/1555/4963 1593/1556/4964
f 1592/1554/4965 213/1534/4966 2343/1546/4967 953/1555/4968
f 953/1555/4969 2343/1546/4970 92/1548/4971 2345/1557/4972
f 1593/1556/4973 953/1555/4974 2345/1557/4975 214/1558/4976
f 168/1205/4977 1594/1552/4978 954/1559/4979 2254/1200/4980
f 1594/1552/4981 560/1551/4982 1593/1556/4983 954/1559/4984
f 954/1559/4985 1593/1556/4986 214/1558/4987 2346/1560/4988
f 2254/1200/4989 954/1559/4990 2346/1560/4991 93/1197/4992
f 81/1357/4993 2294/1360/4994 955/1561/4995 2299/1388/4996
f 2294/1360/4997 188/1365/4998 1595/1562/4999 955/1561/5000
f 955/1561/5001 1595/1562/5002 561/1563/5003 1598/1564/5004
f 2299/1388/5005 955/1561/5006 1598/1564/5007 191/1389/5008
f 188/1365/5009 2293/1372/5010 956/1565/5011 1595/1562/5012
f 2293/1372/5013 47/649/5014 2096/669/5015 956/1565/5016
f 956/1565/5017 2096/669/5018 409/667/5019 1596/1566/5020
f 1595/1562/5021 956/1565/5022 1596/1566/5023 561/1563/5024
f 561/1563/5025 1596/1566/5026 957/1567/5027 1597/1568/5028
f 1596/1566/5029 409/667/5030 2095/666/5031 957/1567/5032
f 957/1567/5033 2095/666/5034 48/665/5035 2100/685/5036
f 1597/1568/5037 957/1567/5038 2100/685/5039 411/683/5040
f 191/1389/5041 1598/1564/5042 958/1569/5043 2300/1391/5044
f 1598/1564/5045 561/1563/5046 1597/1568/5047 958/1569/5048
f 958/1569/5049 1597/1568/5050 411/683/5051 2099/682/5052
f 2300/1391/5053 958/1569/5054 2099/682/5055 49/681/5056
f 83/523/5057 2054/522/5058 959/1570/5059 2305/1408/5060
f 2054/522/5061 388/518/5062 1599/1571/5063 959/1570/5064
f 959/1570/5065 1599/1571/5066 562/1572/5067 1602/1573/5068
f 2305/1408/5069 959/1570/5070 1602/1573/5071 194/1411/5072
f 388/518/5073 2053/517/5074 960/1574/5075 1599/1571/5076
f 2053/517/5077 41/516/5078 2074/585/5079 960/1574/5080
f 960/1574/5081 2074/585/5082 398/583/5083 1600/1575/5084
f 1599/1571/5085 960/1574/5086 1600/1575/5087 562/1572/5088
f 562/1572/5089 1600/1575/5090 961/1576/5091 1601/1577/5092
f 1600/1575/5093 398/583/5094 2073/582/5095 961/1576/5096
f 961/1576/5097 2073/582/5098 43/581/5099 2078/601/5100
f 1601/1577/5101 961/1576/5102 2078/601/5103 400/599/5104
f 194/1411/5105 1602/1573/5106 962/1578/5107 2306/1416/5108
f 1602/1573/5109 562/1572/5110 1601/1577/5111 962/1578/5112
f 962/1578/5113 1601/1577/5114 400/599/5115 2077/598/5116
f 2306/1416/5117 962/1578/5118 2077/598/5119 44/597/5120
f 59/849/5121 2347/1579/5122 963/1580/5123 2143/850/5124
f 2347/1579/5125 215/1581/5126 1603/1582/5127 963/1580/5128
f 963/1580/5129 1603/1582/5130 563/1583/5131 1606/1584/5132
f 2143/850/5133 963/1580/5134 1606/1584/5135 433/851/5136
f 215/1581/5137 2348/1585/5138 964/1586/5139 1603/1582/5140
f 2348/1585/5141 84/1349/5142 2288/1347/5143 964/1586/5144
f 964/1586/5145 2288/1347/5146 185/1343/5147 1604/1587/5148
f 1603/1582/5149 964/1586/5150 1604/1587/5151 563/1583/5152
f 563/1583/5153 1604/1587/5154 965/1588/5155 1605/1589/5156
f 1604/1587/5157 185/1343/5158 2287/1341/5159 965/1588/5160
f 965/1588/5161 2287/1341/5162 57/817/5163 2140/837/5164
f 1605/1589/5165 965/1588/5166 2140/837/5167 431/835/5168
f 433/851/5169 1606/1584/5170 966/1590/5171 2144/853/5172
f 1606/1584/5173 563/1583/5174 1605/1589/5175 966/1590/5176
f 966/1590/5177 1605/1589/5178 431/835/5179 2139/834/5180
f 2144/853/5181 966/1590/5182 2139/834/5183 58/833/5184
f 54/765/5185 2349/1591/5186 967/1592/5187 2121/766/5188
f 2349/1591/5189 216/1593/5190 1607/1594/5191 967/1592/5192
f 967/1592/5193 1607/1594/5194 564/1595/5195 1610/1596/5196
f 2121/766/5197 967/1592/5198 1610/1596/5199 422/767/5200
f 216/1593/5201 2350/1597/5202 968/1598/5203 1607/1594/5204
f 2350/1597/5205 82/1400/5206 2302/1398/5207 968/1598/5208
f 968/1598/5209 2302/1398/5210 192/1394/5211 1608/1599/5212
f 1607/1594/5213 968/1598/5214 1608/1599/5215 564/1595/5216
f 564/1595/5217 1608/1599/5218 969/1600/5219 1609/1601/5220
f 1608/1599/5221 192/1394/5222 2301/1392/5223 969/1600/5224
f 969/1600/5225 2301/1392/5226 52/733/5227 2118/753/5228
f 1609/1601/5229 969/1600/5230 2118/753/5231 420/751/5232
f 422/767/5233 1610/1596/5234 970/1602/5235 2122/769/5236
f 1610/1596/5237 564/1595/5238 1609/1601/5239 970/1602/5240
f 970/1602/5241 1609/1601/5242 420/751/5243 2117/750/5244
f 2122/769/5245 970/1602/5246 2117/750/5247 53/749/5248
f 71/1092/5249 2351/1603/5250 971/1604/5251 2215/1093/5252
f 2351/1603/5253 217/1605/5254 1611/1606/5255 971/1604/5256
f 971/1604/5257 1611/1606/5258 565/1607/5259 1614/1608/5260
f 2215/1093/5261 971/1604/5262 1614/1608/5263 469/1094/5264
f 217/1605/5265 2352/1609/5266 972/1610/5267 1611/1606/5268
f 2352/1609/5269 86/1333/5270 2284/1331/5271 972/1610/5272
f 972/1610/5273 2284/1331/5274 183/1327/5275 1612/1611/5276
f 1611/1606/5277 972/1610/5278 1612/1611/5279 565/1607/5280
f 565/1607/5281 1612/1611/5282 973/1612/5283 1613/1613/5284
f 1612/1611/5285 183/1327/5286 2283/1325/5287 973/1612/5288
f 973/1612/5289 2283/1325/5290 69/1052/5291 2210/1076/5292
f 1613/1613/5293 973/1612/5294 2210/1076/5295 466/1074/5296
f 469/1094/5297 1614/1608/5298 974/1614/5299 2216/1096/5300
f 1614/1608/5301 565/1607/5302 1613/1613/5303 974/1614/5304
f 974/1614/5305 1613/1613/5306 466/1074/5307 2209/1073/5308
f 2216/1096/5309 974/1614/5310 2209/1073/5311 70/1072/5312
f 66/987/5313 2338/1528/5314 975/1615/5315 2183/988/5316
f 2338/1528/5317 210/1526/5318 1615/1616/5319 975/1615/5320
f 975/1615/5321 1615/1616/5322 566/1617/5323 1618/1618/5324
f 2183/988/5325 975/1615/5326 1618/1618/5327 453/989/5328
f 210/1526/5329 2337/1525/5330 976/1619/5331 1615/1616/5332
f 2337/1525/5333 87/1502/5334 2330/1500/5335 976/1619/5336
f 976/1619/5337 2330/1500/5338 206/1496/5339 1616/1620/5340
f 1615/1616/5341 976/1619/5342 1616/1620/5343 566/1617/5344
f 566/1617/5345 1616/1620/5346 977/1621/5347 1617/1622/5348
f 1616/1620/5349 206/1496/5350 2329/1494/5351 977/1621/5352
f 977/1621/5353 2329/1494/5354 64/947/5355 2178/971/5356
f 1617/1622/5357 977/1621/5358 2178/971/5359 450/969/5360
f 453/989/5361 1618/1618/5362 978/1623/5363 2184/991/5364
f 1618/1618/5365 566/1617/5366 1617/1622/5367 978/1623/5368
f 978/1623/5369 1617/1622/5370 450/969/5371 2177/968/5372
f 2184/991/5373 978/1623/5374 2177/968/5375 65/967/5376
f 61/906/5377 2328/1476/5378 979/1624/5379 2275/1293/5380
f 2328/1476/5381 205/1480/5382 1619/1625/5383 979/1624/5384
f 979/1624/5385 1619/1625/5386 567/1626/5387 1622/1627/5388
f 2275/1293/5389 979/1624/5390 1622/1627/5391 179/1294/5392
f 205/1480/5393 2327/1492/5394 980/1628/5395 1619/1625/5396
f 2327/1492/5397 88/1467/5398 2320/1465/5399 980/1628/5400
f 980/1628/5401 2320/1465/5402 201/1461/5403 1620/1629/5404
f 1619/1625/5405 980/1628/5406 1620/1629/5407 567/1626/5408
f 567/1626/5409 1620/1629/5410 981/1630/5411 1621/1631/5412
f 1620/1629/5413 201/1461/5414 2319/1459/5415 981/1630/5416
f 981/1630/5417 2319/1459/5418 79/1257/5419 2272/1281/5420
f 1621/1631/5421 981/1630/5422 2272/1281/5423 177/1279/5424
f 179/1294/5425 1622/1627/5426 982/1632/5427 2276/1296/5428
f 1622/1627/5429 567/1626/5430 1621/1631/5431 982/1632/5432
f 982/1632/5433 1621/1631/5434 177/1279/5435 2271/1278/5436
f 2276/1296/5437 982/1632/5438 2271/1278/5439 80/1277/5440
f 76/1192/5441 2353/1633/5442 983/1634/5443 2245/1193/5444
f 2353/1633/5445 218/1635/5446 1623/1636/5447 983/1634/5448
f 983/1634/5449 1623/1636/5450 568/1637/5451 1626/1638/5452
f 2245/1193/5453 983/1634/5454 1626/1638/5455 164/1194/5456
f 218/1635/5457 2354/1639/5458 984/1640/5459 1623/1636/5460
f 2354/1639/5461 85/530/5462 2282/1319/5463 984/1640/5464
f 984/1640/5465 2282/1319/5466 182/1315/5467 1624/1641/5468
f 1623/1636/5469 984/1640/5470 1624/1641/5471 568/1637/5472
f 568/1637/5473 1624/1641/5474 985/1642/5475 1625/1643/5476
f 1624/1641/5477 182/1315/5478 2281/1313/5479 985/1642/5480
f 985/1642/5481 2281/1313/5482 74/1152/5483 2240/1176/5484
f 1625/1643/5485 985/1642/5486 2240/1176/5487 481/1174/5488
f 164/1194/5489 1626/1638/5490 986/1644/5491 2246/1196/5492
f 1626/1638/5493 568/1637/5494 1625/1643/5495 986/1644/5496
f 986/1644/5497 1625/1643/5498 481/1174/5499 2239/1173/5500
f 2246/1196/5501 986/1644/5502 2239/1173/5503 75/1172/5504
f 90/1007/5505 2188/1006/5506 987/1645/5507 2358/1646/5508
f 2188/1006/5509 455/1002/5510 1627/1647/5511 987/1645/5512
f 987/1645/5513 1627/1647/5514 569/1648/5515 1630/1649/5516
f 2358/1646/5517 987/1645/5518 1630/1649/5519 220/1650/5520
f 455/1002/5521 2187/1001/5522 988/1651/5523 1627/1647/5524
f 2187/1001/5525 89/1000/5526 2355/1652/5527 988/1651/5528
f 988/1651/5529 2355/1652/5530 219/1653/5531 1628/1654/5532
f 1627/1647/5533 988/1651/5534 1628/1654/5535 569/1648/5536
f 569/1648/5537 1628/1654/5538 989/1655/5539 1629/1656/5540
f 1628/1654/5541 219/1653/5542 2356/1657/5543 989/1655/5544
f 989/1655/5545 2356/1657/5546 2/1012/5547 2198/1015/5548
f 1629/1656/5549 989/1655/5550 2198/1015/5551 460/1020/5552
f 220/1650/5553 1630/1649/5554 990/1658/5555 2357/1659/5556
f 1630/1649/5557 569/1648/5558 1629/1656/5559 990/1658/5560
f 990/1658/5561 1629/1656/5562 460/1020/5563 2197/1034/5564
f 2357/1659/5565 990/1658/5566 2197/1034/5567 67/1036/5568
f 67/1036/5569 2286/1339/5570 991/1660/5571 2357/1659/5572
f 2286/1339/5573 184/1335/5574 1631/1661/5575 991/1660/5576
f 991/1660/5577 1631/1661/5578 570/1662/5579 1634/1663/5580
f 2357/1659/5581 991/1660/5582 1634/1663/5583 220/1650/5584
f 184/1335/5585 2285/1334/5586 992/1664/5587 1631/1661/5588
f 2285/1334/5589 86/1333/5590 2359/1665/5591 992/1664/5592
f 992/1664/5593 2359/1665/5594 221/1666/5595 1632/1667/5596
f 1631/1661/5597 992/1664/5598 1632/1667/5599 570/1662/5600
f 570/1662/5601 1632/1667/5602 993/1668/5603 1633/1669/5604
f 1632/1667/5605 221/1666/5606 2360/1670/5607 993/1668/5608
f 993/1668/5609 2360/1670/5610 91/1518/5611 2334/1516/5612
f 1633/1669/5613 993/1668/5614 2334/1516/5615 208/1512/5616
f 220/1650/5617 1634/1663/5618 994/1671/5619 2358/1646/5620
f 1634/1663/5621 570/1662/5622 1633/1669/5623 994/1671/5624
f 994/1671/5625 1633/1669/5626 208/1512/5627 2333/1510/5628
f 2358/1646/5629 994/1671/5630 2333/1510/5631 90/1007/5632
f 92/1548/5633 2342/1547/5634 995/1672/5635 2364/1673/5636
f 2342/1547/5637 212/1544/5638 1635/1674/5639 995/1672/5640
f 995/1672/5641 1635/1674/5642 571/1675/5643 1638/1676/5644
f 2364/1673/5645 995/1672/5646 1638/1676/5647 223/1677/5648
f 212/1544/5649 2341/1543/5650 996/1678/5651 1635/1674/5652
f 2341/1543/5653 111/1542/5654 2361/1679/5655 996/1678/5656
f 996/1678/5657 2361/1679/5658 222/1680/5659 1636/1681/5660
f 1635/1674/5661 996/1678/5662 1636/1681/5663 571/1675/5664
f 571/1675/5665 1636/1681/5666 997/1682/5667 1637/1683/5668
f 1636/1681/5669 222/1680/5670 2362/1684/5671 997/1682/5672
f 997/1682/5673 2362/1684/5674 112/541/5675 2060/539/5676
f 1637/1683/5677 997/1682/5678 2060/539/5679 391/534/5680
f 223/1677/5681 1638/1676/5682 998/1685/5683 2363/1686/5684
f 1638/1676/5685 571/1675/5686 1637/1683/5687 998/1685/5688
f 998/1685/5689 1637/1683/5690 391/534/5691 2059/531/5692
f 2363/1686/5693 998/1685/5694 2059/531/5695 85/530/5696
f 93/1197/5697 2346/1560/5698 999/1687/5699 2366/1688/5700
f 2346/1560/5701 214/1558/5702 1639/1689/5703 999/1687/5704
f 999/1687/5705 1639/1689/5706 572/1690/5707 1642/1691/5708
f 2366/1688/5709 999/1687/5710 1642/1691/5711 224/1692/5712
f 214/1558/5713 2345/1557/5714 1000/1693/5715 1639/1689/5716
f 2345/1557/5717 92/1548/5718 2364/1673/5719 1000/1693/5720
f 1000/1693/5721 2364/1673/5722 223/1677/5723 1640/1694/5724
f 1639/1689/5725 1000/1693/5726 1640/1694/5727 572/1690/5728
f 572/1690/5729 1640/1694/5730 1001/1695/5731 1641/1696/5732
f 1640/1694/5733 223/1677/5734 2363/1686/5735 1001/1695/5736
f 1001/1695/5737 2363/1686/5738 85/530/5739 2354/1639/5740
f 1641/1696/5741 1001/1695/5742 2354/1639/5743 218/1635/5744
f 224/1692/5745 1642/1691/5746 1002/1697/5747 2365/1698/5748
f 1642/1691/5749 572/1690/5750 1641/1696/5751 1002/1697/5752
f 1002/1697/5753 1641/1696/5754 218/1635/5755 2353/1633/5756
f 2365/1698/5757 1002/1697/5758 2353/1633/5759 76/1192/5760
f 30/1185/5761 2367/1699/5762 1003/1700/5763 2243/1186/5764
f 2367/1699/5765 225/1701/5766 1643/1702/5767 1003/1700/5768
f 1003/1700/5769 1643/1702/5770 573/1703/5771 1646/1704/5772
f 2243/1186/5773 1003/1700/5774 1646/1704/5775 163/1187/5776
f 225/1701/5777 2368/1705/5778 1004/1706/5779 1643/1702/5780
f 2368/1705/5781 94/1208/5782 2248/1206/5783 1004/1706/5784
f 1004/1706/5785 2248/1206/5786 165/1201/5787 1644/1707/5788
f 1643/1702/5789 1004/1706/5790 1644/1707/5791 573/1703/5792
f 573/1703/5793 1644/1707/5794 1005/1708/5795 1645/1709/5796
f 1644/1707/5797 165/1201/5798 2247/1198/5799 1005/1708/5800
f 1005/1708/5801 2247/1198/5802 93/1197/5803 2366/1688/5804
f 1645/1709/5805 1005/1708/5806 2366/1688/5807 224/1692/5808
f 163/1187/5809 1646/1704/5810 1006/1710/5811 2244/1191/5812
f 1646/1704/5813 573/1703/5814 1645/1709/5815 1006/1710/5816
f 1006/1710/5817 1645/1709/5818 224/1692/5819 2365/1698/5820
f 2244/1191/5821 1006/1710/5822 2365/1698/5823 76/1192/5824
f 132/1711/5825 2369/1712/5826 1007/1713/5827 1933/1714/5828
f 2369/1712/5829 226/1715/5830 1647/1716/5831 1007/1713/5832
f 1007/1713/5833 1647/1716/5834 574/1717/5835 1650/1718/5836
f 1933/1714/5837 1007/1713/5838 1650/1718/5839 328/1719/5840
f 226/1715/5841 2370/1720/5842 1008/1721/5843 1647/1716/5844
f 2370/1720/5845 133/410/5846 2026/409/5847 1008/1721/5848
f 1008/1721/5849 2026/409/5850 374/405/5851 1648/1722/5852
f 1647/1716/5853 1008/1721/5854 1648/1722/5855 574/1717/5856
f 574/1717/5857 1648/1722/5858 1009/1723/5859 1649/1724/5860
f 1648/1722/5861 374/405/5862 2025/404/5863 1009/1723/5864
f 1009/1725/5865 2025/402/5866 25/401/5867 2371/1726/5868
f 1649/1727/5869 1009/1725/5870 2371/1726/5871 227/1728/5872
f 328/1719/5873 1650/1718/5874 1010/1729/5875 1934/1730/5876
f 1650/1718/5877 574/1717/5878 1649/1724/5879 1010/1729/5880
f 1010/1731/5881 1649/1727/5882 227/1728/5883 2372/1732/5884
f 1934/50/5885 1010/1731/5886 2372/1732/5887 95/51/5888
f 96/613/5889 2080/612/5890 1011/1733/5891 2374/1734/5892
f 2080/612/5893 401/608/5894 1651/1735/5895 1011/1733/5896
f 1011/1733/5897 1651/1735/5898 575/1736/5899 1654/1737/5900
f 2374/1734/5901 1011/1733/5902 1654/1737/5903 228/1738/5904
f 401/608/5905 2079/607/5906 1012/1739/5907 1651/1735/5908
f 2079/607/5909 95/51/5910 2372/1732/5911 1012/1739/5912
f 1012/1739/5913 2372/1732/5914 227/1728/5915 1652/1740/5916
f 1651/1735/5917 1012/1739/5918 1652/1740/5919 575/1736/5920
f 575/1736/5921 1652/1740/5922 1013/1741/5923 1653/1742/5924
f 1652/1740/5925 227/1728/5926 2371/1726/5927 1013/1741/5928
f 1013/1741/5929 2371/1726/5930 25/401/5931 2088/619/5932
f 1653/1742/5933 1013/1741/5934 2088/619/5935 405/623/5936
f 228/1738/5937 1654/1737/5938 1014/1743/5939 2373/1744/5940
f 1654/1737/5941 575/1736/5942 1653/1742/5943 1014/1743/5944
f 1014/1743/5945 1653/1742/5946 405/623/5947 2087/635/5948
f 2373/1744/5949 1014/1743/5950 2087/635/5951 45/637/5952
f 97/1426/5953 2308/1425/5954 1015/1745/5955 2376/1746/5956
f 2308/1425/5957 195/1422/5958 1655/1747/5959 1015/1745/5960
f 1015/1745/5961 1655/1747/5962 576/1748/5963 1658/1749/5964
f 2376/1746/5965 1015/1745/5966 1658/1749/5967 229/1750/5968
f 195/1422/5969 2307/1421/5970 1016/1751/5971 1655/1747/5972
f 2307/1421/5973 96/613/5974 2374/1734/5975 1016/1751/5976
f 1016/1751/5977 2374/1734/5978 228/1738/5979 1656/1752/5980
f 1655/1747/5981 1016/1751/5982 1656/1752/5983 576/1748/5984
f 576/1748/5985 1656/1752/5986 1017/1753/5987 1657/1754/5988
f 1656/1752/5989 228/1738/5990 2373/1744/5991 1017/1753/5992
f 1017/1753/5993 2373/1744/5994 45/637/5995 2292/1366/5996
f 1657/1754/5997 1017/1753/5998 2292/1366/5999 187/1361/6000
f 229/1750/6001 1658/1749/6002 1018/1755/6003 2375/1756/6004
f 1658/1749/6005 576/1748/6006 1657/1754/6007 1018/1755/6008
f 1018/1755/6009 1657/1754/6010 187/1361/6011 2291/1358/6012
f 2375/1756/6013 1018/1755/6014 2291/1358/6015 81/1357/6016
f 103/1381/6017 2377/1757/6018 1019/1758/6019 2297/1382/6020
f 2377/1757/6021 230/1759/6022 1659/1760/6023 1019/1758/6024
f 1019/1758/6025 1659/1760/6026 577/1761/6027 1662/1762/6028
f 2297/1382/6029 1019/1758/6030 1662/1762/6031 190/1383/6032
f 230/1759/6033 2378/1763/6034 1020/1764/6035 1659/1760/6036
f 2378/1763/6037 104/1427/6038 2314/1430/6039 1020/1764/6040
f 1020/1764/6041 2314/1430/6042 198/1435/6043 1660/1765/6044
f 1659/1760/6045 1020/1764/6046 1660/1765/6047 577/1761/6048
f 577/1761/6049 1660/1765/6050 1021/1766/6051 1661/1767/6052
f 1660/1765/6053 198/1435/6054 2313/1442/6055 1021/1766/6056
f 1021/1766/6057 2313/1442/6058 97/1426/6059 2376/1746/6060
f 1661/1767/6061 1021/1766/6062 2376/1746/6063 229/1750/6064
f 190/1383/6065 1662/1762/6066 1022/1768/6067 2298/1387/6068
f 1662/1762/6069 577/1761/6070 1661/1767/6071 1022/1768/6072
f 1022/1768/6073 1661/1767/6074 229/1750/6075 2375/1756/6076
f 2298/1387/6077 1022/1768/6078 2375/1756/6079 81/1357/6080
f 99/770/6081 2318/1458/6082 1023/1769/6083 2382/1770/6084
f 2318/1458/6085 200/1456/6086 1663/1771/6087 1023/1769/6088
f 1023/1769/6089 1663/1771/6090 578/1772/6091 1666/1773/6092
f 2382/1770/6093 1023/1769/6094 1666/1773/6095 232/1774/6096
f 200/1456/6097 2317/1455/6098 1024/1775/6099 1663/1771/6100
f 2317/1455/6101 98/1454/6102 2379/1776/6103 1024/1775/6104
f 1024/1775/6105 2379/1776/6106 231/1777/6107 1664/1778/6108
f 1663/1771/6109 1024/1775/6110 1664/1778/6111 578/1772/6112
f 578/1772/6113 1664/1778/6114 1025/1779/6115 1665/1780/6116
f 1664/1778/6117 231/1777/6118 2380/1781/6119 1025/1779/6120
f 1025/1779/6121 2380/1781/6122 82/1400/6123 2350/1597/6124
f 1665/1780/6125 1025/1779/6126 2350/1597/6127 216/1593/6128
f 232/1774/6129 1666/1773/6130 1026/1782/6131 2381/1783/6132
f 1666/1773/6133 578/1772/6134 1665/1780/6135 1026/1782/6136
f 1026/1782/6137 1665/1780/6138 216/1593/6139 2349/1591/6140
f 2381/1783/6141 1026/1782/6142 2349/1591/6143 54/765/6144
f 10/216/6145 2383/1784/6146 1027/1785/6147 2119/759/6148
f 2383/1784/6149 233/1786/6150 1667/1787/6151 1027/1785/6152
f 1027/1785/6153 1667/1787/6154 579/1788/6155 1670/1789/6156
f 2119/759/6157 1027/1785/6158 1670/1789/6159 421/760/6160
f 233/1786/6161 2384/1790/6162 1028/1791/6163 1667/1787/6164
f 2384/1790/6165 100/1/6166 2124/779/6167 1028/1791/6168
f 1028/1791/6169 2124/779/6170 423/774/6171 1668/1792/6172
f 1667/1787/6173 1028/1791/6174 1668/1792/6175 579/1788/6176
f 579/1788/6177 1668/1792/6178 1029/1793/6179 1669/1794/6180
f 1668/1792/6181 423/774/6182 2123/771/6183 1029/1793/6184
f 1029/1793/6185 2123/771/6186 99/770/6187 2382/1770/6188
f 1669/1794/6189 1029/1793/6190 2382/1770/6191 232/1774/6192
f 421/760/6193 1670/1789/6194 1030/1795/6195 2120/764/6196
f 1670/1789/6197 579/1788/6198 1669/1794/6199 1030/1795/6200
f 1030/1795/6201 1669/1794/6202 232/1774/6203 2381/1783/6204
f 2120/764/6205 1030/1795/6206 2381/1783/6207 54/765/6208
f 10/216/6209 1978/215/6210 1031/1796/6211 2383/1784/6212
f 1978/213/6213 350/209/6214 1671/1797/6215 1031/1798/6216
f 1031/1798/6217 1671/1797/6218 580/1799/6219 1674/1800/6220
f 2383/1784/6221 1031/1796/6222 1674/1801/6223 233/1786/6224
f 350/209/6225 1977/208/6226 1032/1802/6227 1671/1797/6228
f 1977/208/6229 119/207/6230 2385/1803/6231 1032/1802/6232
f 1032/1802/6233 2385/1803/6234 234/1804/6235 1672/1805/6236
f 1671/1797/6237 1032/1802/6238 1672/1805/6239 580/1799/6240
f 580/1799/6241 1672/1805/6242 1033/1806/6243 1673/1807/6244
f 1672/1805/6245 234/1804/6246 2386/1808/6247 1033/1806/6248
f 1033/1806/6249 2386/1808/6250 120/15/6251 1924/13/6252
f 1673/1807/6253 1033/1806/6254 1924/13/6255 323/6/6256
f 233/1786/6257 1674/1801/6258 1034/1809/6259 2384/1790/6260
f 1674/1800/6261 580/1799/6262 1673/1807/6263 1034/1810/6264
f 1034/1810/6265 1673/1807/6266 323/6/6267 1923/5/6268
f 2384/1790/6269 1034/1809/6270 1923/2/6271 100/1/6272
f 102/697/6273 2102/696/6274 1035/1811/6275 2390/1812/6276
f 2102/696/6277 412/692/6278 1675/1813/6279 1035/1811/6280
f 1035/1811/6281 1675/1813/6282 581/1814/6283 1678/1815/6284
f 2390/1812/6285 1035/1811/6286 1678/1815/6287 236/1816/6288
f 412/692/6289 2101/691/6290 1036/1817/6291 1675/1813/6292
f 2101/691/6293 101/120/6294 2387/1818/6295 1036/1817/6296
f 1036/1817/6297 2387/1818/6298 235/1819/6299 1676/1820/6300
f 1675/1813/6301 1036/1817/6302 1676/1820/6303 581/1814/6304
f 581/1814/6305 1676/1820/6306 1037/1821/6307 1677/1822/6308
f 1676/1820/6309 235/1819/6310 2388/1823/6311 1037/1821/6312
f 1037/1821/6313 2388/1823/6314 6/150/6315 2110/703/6316
f 1677/1822/6317 1037/1821/6318 2110/703/6319 416/707/6320
f 236/1816/6321 1678/1815/6322 1038/1824/6323 2389/1825/6324
f 1678/1815/6325 581/1814/6326 1677/1822/6327 1038/1824/6328
f 1038/1824/6329 1677/1822/6330 416/707/6331 2109/719/6332
f 2389/1825/6333 1038/1824/6334 2109/719/6335 50/721/6336
f 82/1400/6337 2391/1826/6338 1039/1827/6339 2303/1401/6340
f 2391/1826/6341 237/1828/6342 1679/1829/6343 1039/1827/6344
f 1039/1827/6345 1679/1829/6346 582/1830/6347 1682/1831/6348
f 2303/1401/6349 1039/1827/6350 1682/1831/6351 193/1402/6352
f 237/1828/6353 2392/1832/6354 1040/1833/6355 1679/1829/6356
f 2392/1832/6357 103/1381/6358 2296/1379/6359 1040/1833/6360
f 1040/1833/6361 2296/1379/6362 189/1375/6363 1680/1834/6364
f 1679/1829/6365 1040/1833/6366 1680/1834/6367 582/1830/6368
f 582/1830/6369 1680/1834/6370 1041/1835/6371 1681/1836/6372
f 1680/1834/6373 189/1375/6374 2295/1373/6375 1041/1835/6376
f 1041/1835/6377 2295/1373/6378 102/697/6379 2390/1812/6380
f 1681/1836/6381 1041/1835/6382 2390/1812/6383 236/1816/6384
f 193/1402/6385 1682/1831/6386 1042/1837/6387 2304/1406/6388
f 1682/1831/6389 582/1830/6390 1681/1836/6391 1042/1837/6392
f 1042/1837/6393 1681/1836/6394 236/1816/6395 2389/1825/6396
f 2304/1406/6397 1042/1837/6398 2389/1825/6399 50/721/6400
f 98/1454/6401 2393/1838/6402 1043/1839/6403 2379/1776/6404
f 2393/1838/6405 238/1840/6406 1683/1841/6407 1043/1839/6408
f 1043/1839/6409 1683/1841/6410 583/1842/6411 1686/1843/6412
f 2379/1776/6413 1043/1839/6414 1686/1843/6415 231/1777/6416
f 238/1840/6417 2394/1844/6418 1044/1845/6419 1683/1841/6420
f 2394/1844/6421 104/1427/6422 2378/1763/6423 1044/1845/6424
f 1044/1845/6425 2378/1763/6426 230/1759/6427 1684/1846/6428
f 1683/1841/6429 1044/1845/6430 1684/1846/6431 583/1842/6432
f 583/1842/6433 1684/1846/6434 1045/1847/6435 1685/1848/6436
f 1684/1846/6437 230/1759/6438 2377/1757/6439 1045/1847/6440
f 1045/1847/6441 2377/1757/6442 103/1381/6443 2392/1832/6444
f 1685/1848/6445 1045/1847/6446 2392/1832/6447 237/1828/6448
f 231/1777/6449 1686/1843/6450 1046/1849/6451 2380/1781/6452
f 1686/1843/6453 583/1842/6454 1685/1848/6455 1046/1849/6456
f 1046/1849/6457 1685/1848/6458 237/1828/6459 2391/1826/6460
f 2380/1781/6461 1046/1849/6462 2391/1826/6463 82/1400/6464
f 84/1349/6465 2395/1850/6466 1047/1851/6467 2315/1448/6468
f 2395/1850/6469 239/1852/6470 1687/1853/6471 1047/1851/6472
f 1047/1851/6473 1687/1853/6474 584/1854/6475 1690/1855/6476
f 2315/1448/6477 1047/1851/6478 1690/1855/6479 199/1449/6480
f 239/1852/6481 2396/1856/6482 1048/1857/6483 1687/1853/6484
f 2396/1856/6485 105/1308/6486 2312/1436/6487 1048/1857/6488
f 1048/1857/6489 2312/1436/6490 197/1431/6491 1688/1858/6492
f 1687/1853/6493 1048/1857/6494 1688/1858/6495 584/1854/6496
f 584/1854/6497 1688/1858/6498 1049/1859/6499 1689/1860/6500
f 1688/1858/6501 197/1431/6502 2311/1428/6503 1049/1859/6504
f 1049/1859/6505 2311/1428/6506 104/1427/6507 2394/1844/6508
f 1689/1860/6509 1049/1859/6510 2394/1844/6511 238/1840/6512
f 199/1449/6513 1690/1855/6514 1050/1861/6515 2316/1453/6516
f 1690/1855/6517 584/1854/6518 1689/1860/6519 1050/1861/6520
f 1050/1861/6521 1689/1860/6522 238/1840/6523 2393/1838/6524
f 2316/1453/6525 1050/1861/6526 2393/1838/6527 98/1454/6528
f 106/854/6529 2280/1312/6530 1051/1862/6531 2398/1863/6532
f 2280/1312/6533 181/1310/6534 1691/1864/6535 1051/1862/6536
f 1051/1862/6537 1691/1864/6538 585/1865/6539 1694/1866/6540
f 2398/1863/6541 1051/1862/6542 1694/1866/6543 240/1867/6544
f 181/1310/6545 2279/1309/6546 1052/1868/6547 1691/1864/6548
f 2279/1309/6549 105/1308/6550 2396/1856/6551 1052/1868/6552
f 1052/1868/6553 2396/1856/6554 239/1852/6555 1692/1869/6556
f 1691/1864/6557 1052/1868/6558 1692/1869/6559 585/1865/6560
f 585/1865/6561 1692/1869/6562 1053/1870/6563 1693/1871/6564
f 1692/1869/6565 239/1852/6566 2395/1850/6567 1053/1870/6568
f 1053/1870/6569 2395/1850/6570 84/1349/6571 2348/1585/6572
f 1693/1871/6573 1053/1870/6574 2348/1585/6575 215/1581/6576
f 240/1867/6577 1694/1866/6578 1054/1872/6579 2397/1873/6580
f 1694/1866/6581 585/1865/6582 1693/1871/6583 1054/1872/6584
f 1054/1872/6585 1693/1871/6586 215/1581/6587 2347/1579/6588
f 2397/1873/6589 1054/1872/6590 2347/1579/6591 59/849/6592
f 16/312/6593 2399/1874/6594 1055/1875/6595 2141/843/6596
f 2399/1874/6597 241/1876/6598 1695/1877/6599 1055/1875/6600
f 1055/1875/6601 1695/1877/6602 586/1878/6603 1698/1879/6604
f 2141/843/6605 1055/1875/6606 1698/1879/6607 432/844/6608
f 241/1876/6609 2400/1880/6610 1056/1881/6611 1695/1877/6612
f 2400/1880/6613 107/61/6614 2146/863/6615 1056/1881/6616
f 1056/1881/6617 2146/863/6618 434/858/6619 1696/1882/6620
f 1695/1877/6621 1056/1881/6622 1696/1882/6623 586/1878/6624
f 586/1878/6625 1696/1882/6626 1057/1883/6627 1697/1884/6628
f 1696/1882/6629 434/858/6630 2145/855/6631 1057/1883/6632
f 1057/1883/6633 2145/855/6634 106/854/6635 2398/1863/6636
f 1697/1884/6637 1057/1883/6638 2398/1863/6639 240/1867/6640
f 432/844/6641 1698/1879/6642 1058/1885/6643 2142/848/6644
f 1698/1879/6645 586/1878/6646 1697/1884/6647 1058/1885/6648
f 1058/1885/6649 1697/1884/6650 240/1867/6651 2397/1873/6652
f 2142/848/6653 1058/1885/6654 2397/1873/6655 59/849/6656
f 16/312/6657 2002/311/6658 1059/1886/6659 2399/1874/6660
f 2002/309/6661 362/305/6662 1699/1887/6663 1059/1888/6664
f 1059/1888/6665 1699/1887/6666 587/1889/6667 1702/1890/6668
f 2399/1874/6669 1059/1886/6670 1702/1891/6671 241/1876/6672
f 362/305/6673 2001/304/6674 1060/1892/6675 1699/1887/6676
f 2001/304/6677 125/303/6678 2401/1893/6679 1060/1892/6680
f 1060/1892/6681 2401/1893/6682 242/1894/6683 1700/1895/6684
f 1699/1887/6685 1060/1892/6686 1700/1895/6687 587/1889/6688
f 587/1889/6689 1700/1895/6690 1061/1896/6691 1701/1897/6692
f 1700/1895/6693 242/1894/6694 2402/1898/6695 1061/1896/6696
f 1061/1896/6697 2402/1898/6698 126/75/6699 1940/73/6700
f 1701/1897/6701 1061/1896/6702 1940/73/6703 331/66/6704
f 241/1876/6705 1702/1891/6706 1062/1899/6707 2400/1880/6708
f 1702/1890/6709 587/1889/6710 1701/1897/6711 1062/1900/6712
f 1062/1900/6713 1701/1897/6714 331/66/6715 1939/65/6716
f 2400/1880/6717 1062/1899/6718 1939/62/6719 107/61/6720
f 109/900/6721 2154/899/6722 1063/1901/6723 2406/1902/6724
f 2154/899/6725 438/895/6726 1703/1903/6727 1063/1901/6728
f 1063/1901/6729 1703/1903/6730 588/1904/6731 1706/1905/6732
f 2406/1902/6733 1063/1901/6734 1706/1905/6735 244/1906/6736
f 438/895/6737 2153/894/6738 1064/1907/6739 1703/1903/6740
f 2153/894/6741 108/893/6742 2403/1908/6743 1064/1907/6744
f 1064/1907/6745 2403/1908/6746 243/1909/6747 1704/1910/6748
f 1703/1903/6749 1064/1907/6750 1704/1910/6751 588/1904/6752
f 588/1904/6753 1704/1910/6754 1065/1911/6755 1705/1912/6756
f 1704/1910/6757 243/1909/6758 2404/1913/6759 1065/1911/6760
f 1065/1911/6761 2404/1913/6762 11/907/6763 2166/910/6764
f 1705/1912/6765 1065/1911/6766 2166/910/6767 444/915/6768
f 244/1906/6769 1706/1905/6770 1066/1914/6771 2405/1915/6772
f 1706/1905/6773 588/1904/6774 1705/1912/6775 1066/1914/6776
f 1066/1914/6777 1705/1912/6778 444/915/6779 2165/929/6780
f 2405/1915/6781 1066/1914/6782 2165/929/6783 62/931/6784
f 110/1488/6785 2324/1487/6786 1067/1916/6787 2408/1917/6788
f 2324/1487/6789 203/1483/6790 1707/1918/6791 1067/1916/6792
f 1067/1916/6793 1707/1918/6794 589/1919/6795 1710/1920/6796
f 2408/1917/6797 1067/1916/6798 1710/1920/6799 245/1921/6800
f 203/1483/6801 2323/1482/6802 1068/1922/6803 1707/1918/6804
f 2323/1482/6805 109/900/6806 2406/1902/6807 1068/1922/6808
f 1068/1922/6809 2406/1902/6810 244/1906/6811 1708/1923/6812
f 1707/1918/6813 1068/1922/6814 1708/1923/6815 589/1919/6816
f 589/1919/6817 1708/1923/6818 1069/1924/6819 1709/1925/6820
f 1708/1923/6821 244/1906/6822 2405/1915/6823 1069/1924/6824
f 1069/1924/6825 2405/1915/6826 62/931/6827 2332/1508/6828
f 1709/1925/6829 1069/1924/6830 2332/1508/6831 207/1504/6832
f 245/1921/6833 1710/1920/6834 1070/1926/6835 2407/1927/6836
f 1710/1920/6837 589/1919/6838 1709/1925/6839 1070/1926/6840
f 1070/1926/6841 1709/1925/6842 207/1504/6843 2331/1503/6844
f 2407/1927/6845 1070/1926/6846 2331/1503/6847 87/1502/6848
f 111/1542/6849 2340/1541/6850 1071/1928/6851 2410/1929/6852
f 2340/1541/6853 211/1537/6854 1711/1930/6855 1071/1928/6856
f 1071/1928/6857 1711/1930/6858 590/1931/6859 1714/1932/6860
f 2410/1929/6861 1071/1928/6862 1714/1932/6863 246/1933/6864
f 211/1537/6865 2339/1536/6866 1072/1934/6867 1711/1930/6868
f 2339/1536/6869 110/1488/6870 2408/1917/6871 1072/1934/6872
f 1072/1934/6873 2408/1917/6874 245/1921/6875 1712/1935/6876
f 1711/1930/6877 1072/1934/6878 1712/1935/6879 590/1931/6880
f 590/1931/6881 1712/1935/6882 1073/1936/6883 1713/1937/6884
f 1712/1935/6885 245/1921/6886 2407/1927/6887 1073/1936/6888
f 1073/1936/6889 2407/1927/6890 87/1502/6891 2336/1524/6892
f 1713/1937/6893 1073/1936/6894 2336/1524/6895 209/1520/6896
f 246/1933/6897 1714/1932/6898 1074/1938/6899 2409/1939/6900
f 1714/1932/6901 590/1931/6902 1713/1937/6903 1074/1938/6904
f 1074/1938/6905 1713/1937/6906 209/1520/6907 2335/1519/6908
f 2409/1939/6909 1074/1938/6910 2335/1519/6911 91/1518/6912
f 112/541/6913 2362/1684/6914 1075/1940/6915 2412/1941/6916
f 2362/1684/6917 222/1680/6918 1715/1942/6919 1075/1940/6920
f 1075/1940/6921 1715/1942/6922 591/1943/6923 1718/1944/6924
f 2412/1941/6925 1075/1940/6926 1718/1944/6927 247/1945/6928
f 222/1680/6929 2361/1679/6930 1076/1946/6931 1715/1942/6932
f 2361/1679/6933 111/1542/6934 2410/1929/6935 1076/1946/6936
f 1076/1946/6937 2410/1929/6938 246/1933/6939 1716/1947/6940
f 1715/1942/6941 1076/1946/6942 1716/1947/6943 591/1943/6944
f 591/1943/6945 1716/1947/6946 1077/1948/6947 1717/1949/6948
f 1716/1947/6949 246/1933/6950 2409/1939/6951 1077/1948/6952
f 1077/1948/6953 2409/1939/6954 91/1518/6955 2360/1670/6956
f 1717/1949/6957 1077/1948/6958 2360/1670/6959 221/1666/6960
f 247/1945/6961 1718/1944/6962 1078/1950/6963 2411/1951/6964
f 1718/1944/6965 591/1943/6966 1717/1949/6967 1078/1950/6968
f 1078/1950/6969 1717/1949/6970 221/1666/6971 2359/1665/6972
f 2411/1951/6973 1078/1950/6974 2359/1665/6975 86/1333/6976
f 113/548/6977 2062/547/6978 1079/1952/6979 2414/1953/6980
f 2062/547/6981 392/543/6982 1719/1954/6983 1079/1952/6984
f 1079/1952/6985 1719/1954/6986 592/1955/6987 1722/1956/6988
f 2414/1953/6989 1079/1952/6990 1722/1956/6991 248/1957/6992
f 392/543/6993 2061/542/6994 1080/1958/6995 1719/1954/6996
f 2061/542/6997 112/541/6998 2412/1941/6999 1080/1958/7000
f 1080/1958/7001 2412/1941/7002 247/1945/7003 1720/1959/7004
f 1719/1954/7005 1080/1958/7006 1720/1959/7007 592/1955/7008
f 592/1955/7009 1720/1959/7010 1081/1960/7011 1721/1961/7012
f 1720/1959/7013 247/1945/7014 2411/1951/7015 1081/1960/7016
f 1081/1960/7017 2411/1951/7018 86/1333/7019 2352/1609/7020
f 1721/1961/7021 1081/1960/7022 2352/1609/7023 217/1605/7024
f 248/1957/7025 1722/1956/7026 1082/1962/7027 2413/1963/7028
f 1722/1956/7029 592/1955/7030 1721/1961/7031 1082/1962/7032
f 1082/1962/7033 1721/1961/7034 217/1605/7035 2351/1603/7036
f 2413/1963/7037 1082/1962/7038 2351/1603/7039 71/1092/7040
f 1/1085/7041 2415/1964/7042 1083/1965/7043 2213/1086/7044
f 2415/1964/7045 249/1966/7046 1723/1967/7047 1083/1965/7048
f 1083/1965/7049 1723/1967/7050 593/1968/7051 1726/1969/7052
f 2213/1086/7053 1083/1965/7054 1726/1969/7055 468/1087/7056
f 249/1966/7057 2416/1970/7058 1084/1971/7059 1723/1967/7060
f 2416/1970/7061 114/1105/7062 2218/1103/7063 1084/1971/7064
f 1084/1971/7065 2218/1103/7066 470/1099/7067 1724/1972/7068
f 1723/1967/7069 1084/1971/7070 1724/1972/7071 593/1968/7072
f 593/1968/7073 1724/1972/7074 1085/1973/7075 1725/1974/7076
f 1724/1972/7077 470/1099/7078 2217/1097/7079 1085/1973/7080
f 1085/1973/7081 2217/1097/7082 113/548/7083 2414/1953/7084
f 1725/1974/7085 1085/1973/7086 2414/1953/7087 248/1957/7088
f 468/1087/7089 1726/1969/7090 1086/1975/7091 2214/1091/7092
f 1726/1969/7093 593/1968/7094 1725/1974/7095 1086/1975/7096
f 1086/1975/7097 1725/1974/7098 248/1957/7099 2413/1963/7100
f 2214/1091/7101 1086/1975/7102 2413/1963/7103 71/1092/7104
f 101/120/7105 1952/119/7106 1087/1976/7107 2387/1818/7108
f 1952/118/7109 337/114/7110 1727/1977/7111 1087/1978/7112
f 1087/1978/7113 1727/1977/7114 594/1979/7115 1730/1980/7116
f 2387/1818/7117 1087/1976/7118 1730/1981/7119 235/1819/7120
f 337/114/7121 1951/113/7122 1088/1982/7123 1727/1977/7124
f 1951/113/7125 138/112/7126 2417/1983/7127 1088/1982/7128
f 1088/1982/7129 2417/1983/7130 250/1984/7131 1728/1985/7132
f 1727/1977/7133 1088/1982/7134 1728/1985/7135 594/1979/7136
f 594/1979/7137 1728/1985/7138 1089/1986/7139 1729/1987/7140
f 1728/1985/7141 250/1984/7142 2418/1988/7143 1089/1986/7144
f 1089/1986/7145 2418/1988/7146 115/121/7147 1962/124/7148
f 1729/1987/7149 1089/1986/7150 1962/124/7151 342/129/7152
f 235/1819/7153 1730/1981/7154 1090/1989/7155 2388/1823/7156
f 1730/1980/7157 594/1979/7158 1729/1987/7159 1090/1990/7160
f 1090/1990/7161 1729/1987/7162 342/129/7163 1961/146/7164
f 2388/1823/7165 1090/1989/7166 1961/149/7167 6/150/7168
f 139/1991/7169 2419/1992/7170 1091/1993/7171 2424/1994/7172
f 2419/1992/7173 251/1995/7174 1731/1996/7175 1091/1993/7176
f 1091/1993/7177 1731/1996/7178 595/1997/7179 1734/1998/7180
f 2424/1994/7181 1091/1993/7182 1734/1998/7183 253/1999/7184
f 251/1995/7185 2420/2000/7186 1092/2001/7187 1731/1996/7188
f 2420/2000/7189 140/2002/7190 2421/2003/7191 1092/2001/7192
f 1092/2001/7193 2421/2003/7194 252/2004/7195 1732/2005/7196
f 1731/1996/7197 1092/2001/7198 1732/2005/7199 595/1997/7200
f 595/1997/7201 1732/2005/7202 1093/2006/7203 1733/2007/7204
f 1732/2005/7205 252/2004/7206 2422/2008/7207 1093/2006/7208
f 1093/2006/7209 2422/2008/7210 116/132/7211 1956/130/7212
f 1733/2007/7213 1093/2006/7214 1956/130/7215 339/125/7216
f 253/1999/7217 1734/1998/7218 1094/2009/7219 2423/2010/7220
f 1734/1998/7221 595/1997/7222 1733/2007/7223 1094/2009/7224
f 1094/2009/7225 1733/2007/7226 339/125/7227 1955/122/7228
f 2423/2010/7229 1094/2009/7230 1955/122/7231 115/121/7232
f 140/2002/7233 2425/2011/7234 1095/2012/7235 2421/2003/7236
f 2425/2011/7237 254/2013/7238 1735/2014/7239 1095/2012/7240
f 1095/2012/7241 1735/2014/7242 596/2015/7243 1738/2016/7244
f 2421/2003/7245 1095/2012/7246 1738/2016/7247 252/2004/7248
f 254/2013/7249 2426/2017/7250 1096/2018/7251 1735/2014/7252
f 2426/2017/7253 141/2019/7254 2427/2020/7255 1096/2018/7256
f 1096/2018/7257 2427/2020/7258 255/2021/7259 1736/2022/7260
f 1735/2014/7261 1096/2018/7262 1736/2022/7263 596/2015/7264
f 596/2015/7265 1736/2022/7266 1097/2023/7267 1737/2024/7268
f 1736/2022/7269 255/2021/7270 2428/2025/7271 1097/2023/7272
f 1097/2023/7273 2428/2025/7274 117/159/7275 1964/157/7276
f 1737/2024/7277 1097/2023/7278 1964/157/7279 343/153/7280
f 252/2004/7281 1738/2016/7282 1098/2026/7283 2422/2008/7284
f 1738/2016/7285 596/2015/7286 1737/2024/7287 1098/2026/7288
f 1098/2026/7289 1737/2024/7290 343/153/7291 1963/151/7292
f 2422/2008/7293 1098/2026/7294 1963/151/7295 116/132/7296
f 141/2019/7297 2429/2027/7298 1099/2028/7299 2427/2020/7300
f 2429/2027/7301 256/2029/7302 1739/2030/7303 1099/2028/7304
f 1099/2028/7305 1739/2030/7306 597/2031/7307 1742/2032/7308
f 2427/2020/7309 1099/2028/7310 1742/2032/7311 255/2021/7312
f 256/2029/7313 2430/2033/7314 1100/2034/7315 1739/2030/7316
f 2430/2033/7317 142/2035/7318 2431/2036/7319 1100/2034/7320
f 1100/2034/7321 2431/2036/7322 257/2037/7323 1740/2038/7324
f 1739/2030/7325 1100/2034/7326 1740/2038/7327 597/2031/7328
f 597/2031/7329 1740/2038/7330 1101/2039/7331 1741/2040/7332
f 1740/2038/7333 257/2037/7334 2432/2041/7335 1101/2039/7336
f 1101/2039/7337 2432/2041/7338 118/183/7339 1970/181/7340
f 1741/2040/7341 1101/2039/7342 1970/181/7343 346/177/7344
f 255/2021/7345 1742/2032/7346 1102/2042/7347 2428/2025/7348
f 1742/2032/7349 597/2031/7350 1741/2040/7351 1102/2042/7352
f 1102/2042/7353 1741/2040/7354 346/177/7355 1969/175/7356
f 2428/2025/7357 1102/2042/7358 1969/175/7359 117/159/7360
f 142/2035/7361 2433/2043/7362 1103/2044/7363 2431/2036/7364
f 2433/2043/7365 258/2045/7366 1743/2046/7367 1103/2044/7368
f 1103/2044/7369 1743/2046/7370 598/2047/7371 1746/2048/7372
f 2431/2036/7373 1103/2044/7374 1746/2048/7375 257/2037/7376
f 258/2045/7377 2434/2049/7378 1104/2050/7379 1743/2046/7380
f 2434/2049/7381 143/2051/7382 2435/2052/7383 1104/2050/7384
f 1104/2050/7385 2435/2052/7386 259/2053/7387 1744/2054/7388
f 1743/2046/7389 1104/2050/7390 1744/2054/7391 598/2047/7392
f 598/2047/7393 1744/2054/7394 1105/2055/7395 1745/2056/7396
f 1744/2054/7397 259/2053/7398 2436/2057/7399 1105/2055/7400
f 1105/2055/7401 2436/2057/7402 119/207/7403 1976/205/7404
f 1745/2056/7405 1105/2055/7406 1976/205/7407 349/201/7408
f 257/2037/7409 1746/2048/7410 1106/2058/7411 2432/2041/7412
f 1746/2048/7413 598/2047/7414 1745/2056/7415 1106/2058/7416
f 1106/2058/7417 1745/2056/7418 349/201/7419 1975/199/7420
f 2432/2041/7421 1106/2058/7422 1975/199/7423 118/183/7424
f 120/15/7425 2386/1808/7426 1107/2059/7427 2440/2060/7428
f 2386/1808/7429 234/1804/7430 1747/2061/7431 1107/2059/7432
f 1107/2059/7433 1747/2061/7434 599/2062/7435 1750/2063/7436
f 2440/2060/7437 1107/2059/7438 1750/2063/7439 261/2064/7440
f 234/1804/7441 2385/1803/7442 1108/2065/7443 1747/2061/7444
f 2385/1803/7445 119/207/7446 2436/2057/7447 1108/2065/7448
f 1108/2065/7449 2436/2057/7450 259/2053/7451 1748/2066/7452
f 1747/2061/7453 1108/2065/7454 1748/2066/7455 599/2062/7456
f 599/2062/7457 1748/2066/7458 1109/2067/7459 1749/2068/7460
f 1748/2066/7461 259/2053/7462 2435/2052/7463 1109/2067/7464
f 1109/2067/7465 2435/2052/7466 143/2051/7467 2437/2069/7468
f 1749/2068/7469 1109/2067/7470 2437/2069/7471 260/2070/7472
f 261/2064/7473 1750/2063/7474 1110/2071/7475 2439/2072/7476
f 1750/2063/7477 599/2062/7478 1749/2068/7479 1110/2071/7480
f 1110/2071/7481 1749/2068/7482 260/2070/7483 2438/2073/7484
f 2439/2072/7485 1110/2071/7486 2438/2073/7487 144/2074/7488
f 121/22/7489 1926/21/7490 1111/2075/7491 2444/2076/7492
f 1926/21/7493 324/17/7494 1751/2077/7495 1111/2075/7496
f 1111/2075/7497 1751/2077/7498 600/2078/7499 1754/2079/7500
f 2444/2076/7501 1111/2075/7502 1754/2079/7503 263/2080/7504
f 324/17/7505 1925/16/7506 1112/2081/7507 1751/2077/7508
f 1925/16/7509 120/15/7510 2440/2060/7511 1112/2081/7512
f 1112/2081/7513 2440/2060/7514 261/2064/7515 1752/2082/7516
f 1751/2077/7517 1112/2081/7518 1752/2082/7519 600/2078/7520
f 600/2078/7521 1752/2082/7522 1113/2083/7523 1753/2084/7524
f 1752/2082/7525 261/2064/7526 2439/2072/7527 1113/2083/7528
f 1113/2083/7529 2439/2072/7530 144/2074/7531 2441/2085/7532
f 1753/2084/7533 1113/2083/7534 2441/2085/7535 262/2086/7536
f 263/2080/7537 1754/2079/7538 1114/2087/7539 2443/2088/7540
f 1754/2079/7541 600/2078/7542 1753/2084/7543 1114/2087/7544
f 1114/2087/7545 1753/2084/7546 262/2086/7547 2442/2089/7548
f 2443/2088/7549 1114/2087/7550 2442/2089/7551 145/2090/7552
f 145/2090/7553 2445/2091/7554 1115/2092/7555 2443/2088/7556
f 2445/2091/7557 264/2093/7558 1755/2094/7559 1115/2092/7560
f 1115/2092/7561 1755/2094/7562 601/2095/7563 1758/2096/7564
f 2443/2088/7565 1115/2092/7566 1758/2096/7567 263/2080/7568
f 264/2093/7569 2446/2097/7570 1116/2098/7571 1755/2094/7572
f 2446/2097/7573 146/2099/7574 2447/2100/7575 1116/2098/7576
f 1116/2098/7577 2447/2100/7578 265/2101/7579 1756/2102/7580
f 1755/2094/7581 1116/2098/7582 1756/2102/7583 601/2095/7584
f 601/2095/7585 1756/2102/7586 1117/2103/7587 1757/2104/7588
f 1756/2102/7589 265/2101/7590 2448/2105/7591 1117/2103/7592
f 1117/2103/7593 2448/2105/7594 122/231/7595 1982/229/7596
f 1757/2104/7597 1117/2103/7598 1982/229/7599 352/225/7600
f 263/2080/7601 1758/2096/7602 1118/2106/7603 2444/2076/7604
f 1758/2096/7605 601/2095/7606 1757/2104/7607 1118/2106/7608
f 1118/2106/7609 1757/2104/7610 352/225/7611 1981/223/7612
f 2444/2076/7613 1118/2106/7614 1981/223/7615 121/22/7616
f 146/2099/7617 2449/2107/7618 1119/2108/7619 2447/2100/7620
f 2449/2107/7621 266/2109/7622 1759/2110/7623 1119/2108/7624
f 1119/2108/7625 1759/2110/7626 602/2111/7627 1762/2112/7628
f 2447/2100/7629 1119/2108/7630 1762/2112/7631 265/2101/7632
f 266/2109/7633 2450/2113/7634 1120/2114/7635 1759/2110/7636
f 2450/2113/7637 147/2115/7638 2451/2116/7639 1120/2114/7640
f 1120/2114/7641 2451/2116/7642 267/2117/7643 1760/2118/7644
f 1759/2110/7645 1120/2114/7646 1760/2118/7647 602/2111/7648
f 602/2111/7649 1760/2118/7650 1121/2119/7651 1761/2120/7652
f 1760/2118/7653 267/2117/7654 2452/2121/7655 1121/2119/7656
f 1121/2119/7657 2452/2121/7658 123/255/7659 1988/253/7660
f 1761/2120/7661 1121/2119/7662 1988/253/7663 355/249/7664
f 265/2101/7665 1762/2112/7666 1122/2122/7667 2448/2105/7668
f 1762/2112/7669 602/2111/7670 1761/2120/7671 1122/2122/7672
f 1122/2122/7673 1761/2120/7674 355/249/7675 1987/247/7676
f 2448/2105/7677 1122/2122/7678 1987/247/7679 122/231/7680
f 147/2115/7681 2453/2123/7682 1123/2124/7683 2451/2116/7684
f 2453/2123/7685 268/2125/7686 1763/2126/7687 1123/2124/7688
f 1123/2124/7689 1763/2126/7690 603/2127/7691 1766/2128/7692
f 2451/2116/7693 1123/2124/7694 1766/2128/7695 267/2117/7696
f 268/2125/7697 2454/2129/7698 1124/2130/7699 1763/2126/7700
f 2454/2129/7701 148/2131/7702 2455/2132/7703 1124/2130/7704
f 1124/2130/7705 2455/2132/7706 269/2133/7707 1764/2134/7708
f 1763/2126/7709 1124/2130/7710 1764/2134/7711 603/2127/7712
f 603/2127/7713 1764/2134/7714 1125/2135/7715 1765/2136/7716
f 1764/2134/7717 269/2133/7718 2456/2137/7719 1125/2135/7720
f 1125/2135/7721 2456/2137/7722 124/279/7723 1994/277/7724
f 1765/2136/7725 1125/2135/7726 1994/277/7727 358/273/7728
f 267/2117/7729 1766/2128/7730 1126/2138/7731 2452/2121/7732
f 1766/2128/7733 603/2127/7734 1765/2136/7735 1126/2138/7736
f 1126/2138/7737 1765/2136/7738 358/273/7739 1993/271/7740
f 2452/2121/7741 1126/2138/7742 1993/271/7743 123/255/7744
f 148/2131/7745 2457/2139/7746 1127/2140/7747 2455/2132/7748
f 2457/2139/7749 270/2141/7750 1767/2142/7751 1127/2140/7752
f 1127/2140/7753 1767/2142/7754 604/2143/7755 1770/2144/7756
f 2455/2132/7757 1127/2140/7758 1770/2144/7759 269/2133/7760
f 270/2141/7761 2458/2145/7762 1128/2146/7763 1767/2142/7764
f 2458/2145/7765 149/2147/7766 2459/2148/7767 1128/2146/7768
f 1128/2146/7769 2459/2148/7770 271/2149/7771 1768/2150/7772
f 1767/2142/7773 1128/2146/7774 1768/2150/7775 604/2143/7776
f 604/2143/7777 1768/2150/7778 1129/2151/7779 1769/2152/7780
f 1768/2150/7781 271/2149/7782 2460/2153/7783 1129/2151/7784
f 1129/2151/7785 2460/2153/7786 125/303/7787 2000/301/7788
f 1769/2152/7789 1129/2151/7790 2000/301/7791 361/297/7792
f 269/2133/7793 1770/2144/7794 1130/2154/7795 2456/2137/7796
f 1770/2144/7797 604/2143/7798 1769/2152/7799 1130/2154/7800
f 1130/2154/7801 1769/2152/7802 361/297/7803 1999/295/7804
f 2456/2137/7805 1130/2154/7806 1999/295/7807 124/279/7808
f 126/75/7809 2402/1898/7810 1131/2155/7811 2464/2156/7812
f 2402/1898/7813 242/1894/7814 1771/2157/7815 1131/2155/7816
f 1131/2155/7817 1771/2157/7818 605/2158/7819 1774/2159/7820
f 2464/2156/7821 1131/2155/7822 1774/2159/7823 273/2160/7824
f 242/1894/7825 2401/1893/7826 1132/2161/7827 1771/2157/7828
f 2401/1893/7829 125/303/7830 2460/2153/7831 1132/2161/7832
f 1132/2161/7833 2460/2153/7834 271/2149/7835 1772/2162/7836
f 1771/2157/7837 1132/2161/7838 1772/2162/7839 605/2158/7840
f 605/2158/7841 1772/2162/7842 1133/2163/7843 1773/2164/7844
f 1772/2162/7845 271/2149/7846 2459/2148/7847 1133/2163/7848
f 1133/2163/7849 2459/2148/7850 149/2147/7851 2461/2165/7852
f 1773/2164/7853 1133/2163/7854 2461/2165/7855 272/2166/7856
f 273/2160/7857 1774/2159/7858 1134/2167/7859 2463/2168/7860
f 1774/2159/7861 605/2158/7862 1773/2164/7863 1134/2167/7864
f 1134/2167/7865 1773/2164/7866 272/2166/7867 2462/2169/7868
f 2463/2168/7869 1134/2167/7870 2462/2169/7871 150/2170/7872
f 127/82/7873 1942/81/7874 1135/2171/7875 2468/2172/7876
f 1942/81/7877 332/77/7878 1775/2173/7879 1135/2171/7880
f 1135/2171/7881 1775/2173/7882 606/2174/7883 1778/2175/7884
f 2468/2172/7885 1135/2171/7886 1778/2175/7887 275/2176/7888
f 332/77/7889 1941/76/7890 1136/2177/7891 1775/2173/7892
f 1941/76/7893 126/75/7894 2464/2156/7895 1136/2177/7896
f 1136/2177/7897 2464/2156/7898 273/2160/7899 1776/2178/7900
f 1775/2173/7901 1136/2177/7902 1776/2178/7903 606/2174/7904
f 606/2174/7905 1776/2178/7906 1137/2179/7907 1777/2180/7908
f 1776/2178/7909 273/2160/7910 2463/2168/7911 1137/2179/7912
f 1137/2179/7913 2463/2168/7914 150/2170/7915 2465/2181/7916
f 1777/2180/7917 1137/2179/7918 2465/2181/7919 274/2182/7920
f 275/2176/7921 1778/2175/7922 1138/2183/7923 2467/2184/7924
f 1778/2175/7925 606/2174/7926 1777/2180/7927 1138/2183/7928
f 1138/2183/7929 1777/2180/7930 274/2182/7931 2466/2185/7932
f 2467/2184/7933 1138/2183/7934 2466/2185/7935 151/2186/7936
f 128/482/7937 2050/504/7938 1139/2187/7939 2472/2188/7940
f 2050/504/7941 386/502/7942 1779/2189/7943 1139/2187/7944
f 1139/2187/7945 1779/2189/7946 607/2190/7947 1782/2191/7948
f 2472/2188/7949 1139/2187/7950 1782/2191/7951 277/2192/7952
f 386/502/7953 2049/501/7954 1140/2193/7955 1779/2189/7956
f 2049/501/7957 127/82/7958 2468/2172/7959 1140/2193/7960
f 1140/2193/7961 2468/2172/7962 275/2176/7963 1780/2194/7964
f 1779/2189/7965 1140/2193/7966 1780/2194/7967 607/2190/7968
f 607/2190/7969 1780/2194/7970 1141/2195/7971 1781/2196/7972
f 1780/2194/7973 275/2176/7974 2467/2184/7975 1141/2195/7976
f 1141/2195/7977 2467/2184/7978 151/2186/7979 2469/2197/7980
f 1781/2196/7981 1141/2195/7982 2469/2197/7983 276/2198/7984
f 277/2192/7985 1782/2191/7986 1142/2199/7987 2471/2200/7988
f 1782/2191/7989 607/2190/7990 1781/2196/7991 1142/2199/7992
f 1142/2199/7993 1781/2196/7994 276/2198/7995 2470/2201/7996
f 2471/2200/7997 1142/2199/7998 2470/2201/7999 152/2202/8000
f 129/458/8001 2046/486/8002 1143/2203/8003 2476/2204/8004
f 2046/486/8005 384/484/8006 1783/2205/8007 1143/2203/8008
f 1143/2203/8009 1783/2205/8010 608/2206/8011 1786/2207/8012
f 2476/2204/8013 1143/2203/8014 1786/2207/8015 279/2208/8016
f 384/484/8017 2045/483/8018 1144/2209/8019 1783/2205/8020
f 2045/483/8021 128/482/8022 2472/2188/8023 1144/2209/8024
f 1144/2209/8025 2472/2188/8026 277/2192/8027 1784/2210/8028
f 1783/2205/8029 1144/2209/8030 1784/2210/8031 608/2206/8032
f 608/2206/8033 1784/2210/8034 1145/2211/8035 1785/2212/8036
f 1784/2210/8037 277/2192/8038 2471/2200/8039 1145/2211/8040
f 1145/2211/8041 2471/2200/8042 152/2202/8043 2473/2213/8044
f 1785/2212/8045 1145/2211/8046 2473/2213/8047 278/2214/8048
f 279/2208/8049 1786/2207/8050 1146/2215/8051 2475/2216/8052
f 1786/2207/8053 608/2206/8054 1785/2212/8055 1146/2215/8056
f 1146/2215/8057 1785/2212/8058 278/2214/8059 2474/2217/8060
f 2475/2216/8061 1146/2215/8062 2474/2217/8063 153/2218/8064
f 130/434/8065 2040/462/8066 1147/2219/8067 2480/2220/8068
f 2040/462/8069 381/460/8070 1787/2221/8071 1147/2219/8072
f 1147/2219/8073 1787/2221/8074 609/2222/8075 1790/2223/8076
f 2480/2220/8077 1147/2219/8078 1790/2223/8079 281/2224/8080
f 381/460/8081 2039/459/8082 1148/2225/8083 1787/2221/8084
f 2039/459/8085 129/458/8086 2476/2204/8087 1148/2225/8088
f 1148/2225/8089 2476/2204/8090 279/2208/8091 1788/2226/8092
f 1787/2221/8093 1148/2225/8094 1788/2226/8095 609/2222/8096
f 609/2222/8097 1788/2226/8098 1149/2227/8099 1789/2228/8100
f 1788/2226/8101 279/2208/8102 2475/2216/8103 1149/2227/8104
f 1149/2227/8105 2475/2216/8106 153/2218/8107 2477/2229/8108
f 1789/2228/8109 1149/2227/8110 2477/2229/8111 280/2230/8112
f 281/2224/8113 1790/2223/8114 1150/2231/8115 2479/2232/8116
f 1790/2223/8117 609/2222/8118 1789/2228/8119 1150/2231/8120
f 1150/2231/8121 1789/2228/8122 280/2230/8123 2478/2233/8124
f 2479/2232/8125 1150/2231/8126 2478/2233/8127 154/2234/8128
f 131/31/8129 2034/438/8130 1151/2235/8131 2484/2236/8132
f 2034/438/8133 378/436/8134 1791/2237/8135 1151/2235/8136
f 1151/2235/8137 1791/2237/8138 610/2238/8139 1794/2239/8140
f 2484/2236/8141 1151/2235/8142 1794/2239/8143 283/2240/8144
f 378/436/8145 2033/435/8146 1152/2241/8147 1791/2237/8148
f 2033/435/8149 130/434/8150 2480/2220/8151 1152/2241/8152
f 1152/2241/8153 2480/2220/8154 281/2224/8155 1792/2242/8156
f 1791/2237/8157 1152/2241/8158 1792/2242/8159 610/2238/8160
f 610/2238/8161 1792/2242/8162 1153/2243/8163 1793/2244/8164
f 1792/2242/8165 281/2224/8166 2479/2232/8167 1153/2243/8168
f 1153/2243/8169 2479/2232/8170 154/2234/8171 2481/2245/8172
f 1793/2244/8173 1153/2243/8174 2481/2245/8175 282/2246/8176
f 283/2240/8177 1794/2239/8178 1154/2247/8179 2483/2248/8180
f 1794/2239/8181 610/2238/8182 1793/2244/8183 1154/2247/8184
f 1154/2247/8185 1793/2244/8186 282/2246/8187 2482/2249/8188
f 2483/2248/8189 1154/2247/8190 2482/2249/8191 155/2250/8192
f 155/2250/8193 2485/2251/8194 1155/2252/8195 2483/2248/8196
f 2485/2251/8197 284/2253/8198 1795/2254/8199 1155/2252/8200
f 1155/2252/8201 1795/2254/8202 611/2255/8203 1798/2256/8204
f 2483/2248/8205 1155/2252/8206 1798/2256/8207 283/2240/8208
f 284/2253/8209 2486/2257/8210 1156/2258/8211 1795/2254/8212
f 2486/2257/8213 156/2259/8214 2487/2260/8215 1156/2258/8216
f 1156/2258/8217 2487/2260/8218 285/2261/8219 1796/2262/8220
f 1795/2254/8221 1156/2258/8222 1796/2262/8223 611/2255/8224
f 611/2255/8225 1796/2262/8226 1157/2263/8227 1797/2264/8228
f 1796/2262/8229 285/2261/8230 2488/2265/8231 1157/2263/8232
f 1157/2263/8233 2488/2265/8234 132/42/8235 1932/40/8236
f 1797/2264/8237 1157/2263/8238 1932/40/8239 327/35/8240
f 283/2240/8241 1798/2256/8242 1158/2266/8243 2484/2236/8244
f 1798/2256/8245 611/2255/8246 1797/2264/8247 1158/2266/8248
f 1158/2266/8249 1797/2264/8250 327/35/8251 1931/32/8252
f 2484/2236/8253 1158/2266/8254 1931/32/8255 131/31/8256
f 156/2267/8257 2489/2268/8258 1159/2269/8259 2487/2270/8260
f 2489/2268/8261 286/2271/8262 1799/2272/8263 1159/2269/8264
f 1159/2269/8265 1799/2272/8266 612/2273/8267 1802/2274/8268
f 2487/2270/8269 1159/2269/8270 1802/2274/8271 285/2275/8272
f 286/2271/8273 2490/2276/8274 1160/2277/8275 1799/2272/8276
f 2490/2276/8277 157/2278/8278 2491/2279/8279 1160/2277/8280
f 1160/2277/8281 2491/2279/8282 287/2280/8283 1800/2281/8284
f 1799/2272/8285 1160/2277/8286 1800/2281/8287 612/2273/8288
f 612/2273/8289 1800/2281/8290 1161/2282/8291 1801/2283/8292
f 1800/2281/8293 287/2280/8294 2492/2284/8295 1161/2282/8296
f 1161/2282/8297 2492/2284/8298 133/410/8299 2370/1720/8300
f 1801/2283/8301 1161/2282/8302 2370/1720/8303 226/1715/8304
f 285/2275/8305 1802/2274/8306 1162/2285/8307 2488/2286/8308
f 1802/2274/8309 612/2273/8310 1801/2283/8311 1162/2285/8312
f 1162/2285/8313 1801/2283/8314 226/1715/8315 2369/1712/8316
f 2488/2286/8317 1162/2285/8318 2369/1712/8319 132/1711/8320
f 134/386/8321 2028/414/8322 1163/2287/8323 2496/2288/8324
f 2028/414/8325 375/412/8326 1803/2289/8327 1163/2287/8328
f 1163/2287/8329 1803/2289/8330 613/2290/8331 1806/2291/8332
f 2496/2288/8333 1163/2287/8334 1806/2291/8335 289/2292/8336
f 375/412/8337 2027/411/8338 1164/2293/8339 1803/2289/8340
f 2027/411/8341 133/410/8342 2492/2284/8343 1164/2293/8344
f 1164/2293/8345 2492/2284/8346 287/2280/8347 1804/2294/8348
f 1803/2289/8349 1164/2293/8350 1804/2294/8351 613/2290/8352
f 613/2290/8353 1804/2294/8354 1165/2295/8355 1805/2296/8356
f 1804/2294/8357 287/2280/8358 2491/2279/8359 1165/2295/8360
f 1165/2295/8361 2491/2279/8362 157/2278/8363 2493/2297/8364
f 1805/2296/8365 1165/2295/8366 2493/2297/8367 288/2298/8368
f 289/2292/8369 1806/2291/8370 1166/2299/8371 2495/2300/8372
f 1806/2291/8373 613/2290/8374 1805/2296/8375 1166/2299/8376
f 1166/2299/8377 1805/2296/8378 288/2298/8379 2494/2301/8380
f 2495/2300/8381 1166/2299/8382 2494/2301/8383 158/2302/8384
f 135/362/8385 2022/390/8386 1167/2303/8387 2500/2304/8388
f 2022/390/8389 372/388/8390 1807/2305/8391 1167/2303/8392
f 1167/2303/8393 1807/2305/8394 614/2306/8395 1810/2307/8396
f 2500/2304/8397 1167/2303/8398 1810/2307/8399 291/2308/8400
f 372/388/8401 2021/387/8402 1168/2309/8403 1807/2305/8404
f 2021/387/8405 134/386/8406 2496/2288/8407 1168/2309/8408
f 1168/2309/8409 2496/2288/8410 289/2292/8411 1808/2310/8412
f 1807/2305/8413 1168/2309/8414 1808/2310/8415 614/2306/8416
f 614/2306/8417 1808/2310/8418 1169/2311/8419 1809/2312/8420
f 1808/2310/8421 289/2292/8422 2495/2300/8423 1169/2311/8424
f 1169/2311/8425 2495/2300/8426 158/2302/8427 2497/2313/8428
f 1809/2312/8429 1169/2311/8430 2497/2313/8431 290/2314/8432
f 291/2308/8433 1810/2307/8434 1170/2315/8435 2499/2316/8436
f 1810/2307/8437 614/2306/8438 1809/2312/8439 1170/2315/8440
f 1170/2315/8441 1809/2312/8442 290/2314/8443 2498/2317/8444
f 2499/2316/8445 1170/2315/8446 2498/2317/8447 159/2318/8448
f 136/338/8449 2016/366/8450 1171/2319/8451 2504/2320/8452
f 2016/366/8453 369/364/8454 1811/2321/8455 1171/2319/8456
f 1171/2319/8457 1811/2321/8458 615/2322/8459 1814/2323/8460
f 2504/2320/8461 1171/2319/8462 1814/2323/8463 293/2324/8464
f 369/364/8465 2015/363/8466 1172/2325/8467 1811/2321/8468
f 2015/363/8469 135/362/8470 2500/2304/8471 1172/2325/8472
f 1172/2325/8473 2500/2304/8474 291/2308/8475 1812/2326/8476
f 1811/2321/8477 1172/2325/8478 1812/2326/8479 615/2322/8480
f 615/2322/8481 1812/2326/8482 1173/2327/8483 1813/2328/8484
f 1812/2326/8485 291/2308/8486 2499/2316/8487 1173/2327/8488
f 1173/2327/8489 2499/2316/8490 159/2318/8491 2501/2329/8492
f 1813/2328/8493 1173/2327/8494 2501/2329/8495 292/2330/8496
f 293/2324/8497 1814/2323/8498 1174/2331/8499 2503/2332/8500
f 1814/2323/8501 615/2322/8502 1813/2328/8503 1174/2331/8504
f 1174/2331/8505 1813/2328/8506 292/2330/8507 2502/2333/8508
f 2503/2332/8509 1174/2331/8510 2502/2333/8511 160/2334/8512
f 137/105/8513 2010/342/8514 1175/2335/8515 2508/2336/8516
f 2010/342/8517 366/340/8518 1815/2337/8519 1175/2335/8520
f 1175/2335/8521 1815/2337/8522 616/2338/8523 1818/2339/8524
f 2508/2336/8525 1175/2335/8526 1818/2339/8527 295/2340/8528
f 366/340/8529 2009/339/8530 1176/2341/8531 1815/2337/8532
f 2009/339/8533 136/338/8534 2504/2320/8535 1176/2341/8536
f 1176/2341/8537 2504/2320/8538 293/2324/8539 1816/2342/8540
f 1815/2337/8541 1176/2341/8542 1816/2342/8543 616/2338/8544
f 616/2338/8545 1816/2342/8546 1177/2343/8547 1817/2344/8548
f 1816/2342/8549 293/2324/8550 2503/2332/8551 1177/2343/8552
f 1177/2343/8553 2503/2332/8554 160/2334/8555 2505/2345/8556
f 1817/2344/8557 1177/2343/8558 2505/2345/8559 294/2346/8560
f 295/2340/8561 1818/2339/8562 1178/2347/8563 2507/2348/8564
f 1818/2339/8565 616/2338/8566 1817/2344/8567 1178/2347/8568
f 1178/2347/8569 1817/2344/8570 294/2346/8571 2506/2349/8572
f 2507/2348/8573 1178/2347/8574 2506/2349/8575 161/2350/8576
f 138/112/8577 1950/111/8578 1179/2351/8579 2512/2352/8580
f 1950/111/8581 336/107/8582 1819/2353/8583 1179/2351/8584
f 1179/2351/8585 1819/2353/8586 617/2354/8587 1822/2355/8588
f 2512/2352/8589 1179/2351/8590 1822/2355/8591 297/2356/8592
f 336/107/8593 1949/106/8594 1180/2357/8595 1819/2353/8596
f 1949/106/8597 137/105/8598 2508/2336/8599 1180/2357/8600
f 1180/2357/8601 2508/2336/8602 295/2340/8603 1820/2358/8604
f 1819/2353/8605 1180/2357/8606 1820/2358/8607 617/2354/8608
f 617/2354/8609 1820/2358/8610 1181/2359/8611 1821/2360/8612
f 1820/2358/8613 295/2340/8614 2507/2348/8615 1181/2359/8616
f 1181/2359/8617 2507/2348/8618 161/2350/8619 2509/2361/8620
f 1821/2360/8621 1181/2359/8622 2509/2361/8623 296/2362/8624
f 297/2356/8625 1822/2355/8626 1182/2363/8627 2511/2364/8628
f 1822/2355/8629 617/2354/8630 1821/2360/8631 1182/2363/8632
f 1182/2363/8633 1821/2360/8634 296/2362/8635 2510/2365/8636
f 2511/2364/8637 1182/2363/8638 2510/2365/8639 162/2366/8640
f 115/121/8641 2418/1988/8642 1183/2367/8643 2423/2010/8644
f 2418/1988/8645 250/1984/8646 1823/2368/8647 1183/2367/8648
f 1183/2367/8649 1823/2368/8650 618/2369/8651 1826/2370/8652
f 2423/2010/8653 1183/2367/8654 1826/2370/8655 253/1999/8656
f 250/1984/8657 2417/1983/8658 1184/2371/8659 1823/2368/8660
f 2417/1983/8661 138/112/8662 2512/2352/8663 1184/2371/8664
f 1184/2371/8665 2512/2352/8666 297/2356/8667 1824/2372/8668
f 1823/2368/8669 1184/2371/8670 1824/2372/8671 618/2369/8672
f 618/2369/8673 1824/2372/8674 1185/2373/8675 1825/2374/8676
f 1824/2372/8677 297/2356/8678 2511/2364/8679 1185/2373/8680
f 1185/2373/8681 2511/2364/8682 162/2366/8683 2513/2375/8684
f 1825/2374/8685 1185/2373/8686 2513/2375/8687 298/2376/8688
f 253/1999/8689 1826/2370/8690 1186/2377/8691 2424/1994/8692
f 1826/2370/8693 618/2369/8694 1825/2374/8695 1186/2377/8696
f 1186/2377/8697 1825/2374/8698 298/2376/8699 2514/2378/8700
f 2424/1994/8701 1186/2377/8702 2514/2378/8703 139/1991/8704
f 1/1085/8705 2212/1083/8706 1187/2379/8707 2518/2380/8708
f 2212/1083/8709 467/1079/8710 1827/2381/8711 1187/2379/8712
f 1187/2382/8713 1827/2383/8714 619/2384/8715 1830/2385/8716
f 2518/2386/8717 1187/2382/8718 1830/2385/8719 300/2387/8720
f 467/1079/8721 2211/1077/8722 1188/2388/8723 1827/2381/8724
f 2211/1077/8725 5/1065/8726 2515/2389/8727 1188/2388/8728
f 1188/2390/8729 2515/2391/8730 299/2392/8731 1828/2393/8732
f 1827/2383/8733 1188/2390/8734 1828/2393/8735 619/2384/8736
f 619/2384/8737 1828/2393/8738 1189/2394/8739 1829/2395/8740
f 1828/2393/8741 299/2392/8742 2516/2396/8743 1189/2394/8744
f 1189/2394/8745 2516/2396/8746 140/2002/8747 2420/2000/8748
f 1829/2395/8749 1189/2394/8750 2420/2000/8751 251/1995/8752
f 300/2387/8753 1830/2385/8754 1190/2397/8755 2517/2398/8756
f 1830/2385/8757 619/2384/8758 1829/2395/8759 1190/2397/8760
f 1190/2397/8761 1829/2395/8762 251/1995/8763 2419/1992/8764
f 2517/2398/8765 1190/2397/8766 2419/1992/8767 139/1991/8768
f 5/1065/8769 2206/1063/8770 1191/2399/8771 2515/2389/8772
f 2206/1063/8773 464/1059/8774 1831/2400/8775 1191/2399/8776
f 1191/2401/8777 1831/2402/8778 620/2403/8779 1834/2404/8780
f 2515/2391/8781 1191/2401/8782 1834/2404/8783 299/2392/8784
f 464/1059/8785 2205/1057/8786 1192/2405/8787 1831/2400/8788
f 2205/1057/8789 4/1045/8790 2519/2406/8791 1192/2405/8792
f 1192/2407/8793 2519/2408/8794 301/2409/8795 1832/2410/8796
f 1831/2402/8797 1192/2407/8798 1832/2410/8799 620/2403/8800
f 620/2403/8801 1832/2410/8802 1193/2411/8803 1833/2412/8804
f 1832/2410/8805 301/2409/8806 2520/2413/8807 1193/2411/8808
f 1193/2411/8809 2520/2413/8810 141/2019/8811 2426/2017/8812
f 1833/2412/8813 1193/2411/8814 2426/2017/8815 254/2013/8816
f 299/2392/8817 1834/2404/8818 1194/2414/8819 2516/2396/8820
f 1834/2404/8821 620/2403/8822 1833/2412/8823 1194/2414/8824
f 1194/2414/8825 1833/2412/8826 254/2013/8827 2425/2011/8828
f 2516/2396/8829 1194/2414/8830 2425/2011/8831 140/2002/8832
f 4/1045/8833 2200/1043/8834 1195/2415/8835 2519/2406/8836
f 2200/1043/8837 461/1039/8838 1835/2416/8839 1195/2415/8840
f 1195/2417/8841 1835/2418/8842 621/2419/8843 1838/2420/8844
f 2519/2408/8845 1195/2417/8846 1838/2420/8847 301/2409/8848
f 461/1039/8849 2199/1037/8850 1196/2421/8851 1835/2416/8852
f 2199/1037/8853 3/1023/8854 2521/2422/8855 1196/2421/8856
f 1196/2423/8857 2521/2424/8858 302/2425/8859 1836/2426/8860
f 1835/2418/8861 1196/2423/8862 1836/2426/8863 621/2419/8864
f 621/2419/8865 1836/2426/8866 1197/2427/8867 1837/2428/8868
f 1836/2426/8869 302/2425/8870 2522/2429/8871 1197/2427/8872
f 1197/2427/8873 2522/2429/8874 142/2035/8875 2430/2033/8876
f 1837/2428/8877 1197/2427/8878 2430/2033/8879 256/2029/8880
f 301/2409/8881 1838/2420/8882 1198/2430/8883 2520/2413/8884
f 1838/2420/8885 621/2419/8886 1837/2428/8887 1198/2430/8888
f 1198/2430/8889 1837/2428/8890 256/2029/8891 2429/2027/8892
f 2520/2413/8893 1198/2430/8894 2429/2027/8895 141/2019/8896
f 3/1023/8897 2192/1021/8898 1199/2431/8899 2521/2422/8900
f 2192/1021/8901 457/1016/8902 1839/2432/8903 1199/2431/8904
f 1199/2433/8905 1839/2434/8906 622/2435/8907 1842/2436/8908
f 2521/2424/8909 1199/2433/8910 1842/2436/8911 302/2425/8912
f 457/1016/8913 2191/1013/8914 1200/2437/8915 1839/2432/8916
f 2191/1013/8917 2/1012/8918 2523/2438/8919 1200/2437/8920
f 1200/2439/8921 2523/2440/8922 303/2441/8923 1840/2442/8924
f 1839/2434/8925 1200/2439/8926 1840/2442/8927 622/2435/8928
f 622/2435/8929 1840/2442/8930 1201/2443/8931 1841/2444/8932
f 1840/2442/8933 303/2441/8934 2524/2445/8935 1201/2443/8936
f 1201/2443/8937 2524/2445/8938 143/2051/8939 2434/2049/8940
f 1841/2444/8941 1201/2443/8942 2434/2049/8943 258/2045/8944
f 302/2425/8945 1842/2436/8946 1202/2446/8947 2522/2429/8948
f 1842/2436/8949 622/2435/8950 1841/2444/8951 1202/2446/8952
f 1202/2446/8953 1841/2444/8954 258/2045/8955 2433/2043/8956
f 2522/2429/8957 1202/2446/8958 2433/2043/8959 142/2035/8960
f 144/2074/8961 2438/2073/8962 1203/2447/8963 2526/2448/8964
f 2438/2073/8965 260/2070/8966 1843/2449/8967 1203/2447/8968
f 1203/2447/8969 1843/2449/8970 623/2450/8971 1846/2451/8972
f 2526/2448/8973 1203/2447/8974 1846/2451/8975 304/2452/8976
f 260/2070/8977 2437/2069/8978 1204/2453/8979 1843/2449/8980
f 2437/2069/8981 143/2051/8982 2524/2445/8983 1204/2453/8984
f 1204/2453/8985 2524/2445/8986 303/2441/8987 1844/2454/8988
f 1843/2449/8989 1204/2453/8990 1844/2454/8991 623/2450/8992
f 623/2450/8993 1844/2454/8994 1205/2455/8995 1845/2456/8996
f 1844/2454/8997 303/2441/8998 2523/2440/8999 1205/2455/9000
f 1205/2457/9001 2523/2438/9002 2/1012/9003 2356/1657/9004
f 1845/2458/9005 1205/2457/9006 2356/1657/9007 219/1653/9008
f 304/2452/9009 1846/2451/9010 1206/2459/9011 2525/2460/9012
f 1846/2451/9013 623/2450/9014 1845/2456/9015 1206/2459/9016
f 1206/2461/9017 1845/2458/9018 219/1653/9019 2355/1652/9020
f 2525/2462/9021 1206/2461/9022 2355/1652/9023 89/1000/9024
f 145/2090/9025 2442/2089/9026 1207/2463/9027 2528/2464/9028
f 2442/2089/9029 262/2086/9030 1847/2465/9031 1207/2463/9032
f 1207/2463/9033 1847/2465/9034 624/2466/9035 1850/2467/9036
f 2528/2464/9037 1207/2463/9038 1850/2467/9039 305/2468/9040
f 262/2086/9041 2441/2085/9042 1208/2469/9043 1847/2465/9044
f 2441/2085/9045 144/2074/9046 2526/2448/9047 1208/2469/9048
f 1208/2469/9049 2526/2448/9050 304/2452/9051 1848/2470/9052
f 1847/2465/9053 1208/2469/9054 1848/2470/9055 624/2466/9056
f 624/2466/9057 1848/2470/9058 1209/2471/9059 1849/2472/9060
f 1848/2470/9061 304/2452/9062 2525/2460/9063 1209/2471/9064
f 1209/2473/9065 2525/2462/9066 89/1000/9067 2186/998/9068
f 1849/2474/9069 1209/2473/9070 2186/998/9071 454/994/9072
f 305/2468/9073 1850/2467/9074 1210/2475/9075 2527/2476/9076
f 1850/2467/9077 624/2466/9078 1849/2472/9079 1210/2475/9080
f 1210/2477/9081 1849/2474/9082 454/994/9083 2185/992/9084
f 2527/2478/9085 1210/2477/9086 2185/992/9087 15/980/9088
f 15/980/9089 2180/978/9090 1211/2479/9091 2527/2478/9092
f 2180/978/9093 451/974/9094 1851/2480/9095 1211/2479/9096
f 1211/2481/9097 1851/2482/9098 625/2483/9099 1854/2484/9100
f 2527/2476/9101 1211/2481/9102 1854/2484/9103 305/2468/9104
f 451/974/9105 2179/972/9106 1212/2485/9107 1851/2480/9108
f 2179/972/9109 14/960/9110 2529/2486/9111 1212/2485/9112
f 1212/2487/9113 2529/2488/9114 306/2489/9115 1852/2490/9116
f 1851/2482/9117 1212/2487/9118 1852/2490/9119 625/2483/9120
f 625/2483/9121 1852/2490/9122 1213/2491/9123 1853/2492/9124
f 1852/2490/9125 306/2489/9126 2530/2493/9127 1213/2491/9128
f 1213/2491/9129 2530/2493/9130 146/2099/9131 2446/2097/9132
f 1853/2492/9133 1213/2491/9134 2446/2097/9135 264/2093/9136
f 305/2468/9137 1854/2484/9138 1214/2494/9139 2528/2464/9140
f 1854/2484/9141 625/2483/9142 1853/2492/9143 1214/2494/9144
f 1214/2494/9145 1853/2492/9146 264/2093/9147 2445/2091/9148
f 2528/2464/9149 1214/2494/9150 2445/2091/9151 145/2090/9152
f 14/960/9153 2174/958/9154 1215/2495/9155 2529/2486/9156
f 2174/958/9157 448/954/9158 1855/2496/9159 1215/2495/9160
f 1215/2497/9161 1855/2498/9162 626/2499/9163 1858/2500/9164
f 2529/2488/9165 1215/2497/9166 1858/2500/9167 306/2489/9168
f 448/954/9169 2173/952/9170 1216/2501/9171 1855/2496/9172
f 2173/952/9173 13/940/9174 2531/2502/9175 1216/2501/9176
f 1216/2503/9177 2531/2504/9178 307/2505/9179 1856/2506/9180
f 1855/2498/9181 1216/2503/9182 1856/2506/9183 626/2499/9184
f 626/2499/9185 1856/2506/9186 1217/2507/9187 1857/2508/9188
f 1856/2506/9189 307/2505/9190 2532/2509/9191 1217/2507/9192
f 1217/2507/9193 2532/2509/9194 147/2115/9195 2450/2113/9196
f 1857/2508/9197 1217/2507/9198 2450/2113/9199 266/2109/9200
f 306/2489/9201 1858/2500/9202 1218/2510/9203 2530/2493/9204
f 1858/2500/9205 626/2499/9206 1857/2508/9207 1218/2510/9208
f 1218/2510/9209 1857/2508/9210 266/2109/9211 2449/2107/9212
f 2530/2493/9213 1218/2510/9214 2449/2107/9215 146/2099/9216
f 13/940/9217 2168/938/9218 1219/2511/9219 2531/2502/9220
f 2168/938/9221 445/934/9222 1859/2512/9223 1219/2511/9224
f 1219/2513/9225 1859/2514/9226 627/2515/9227 1862/2516/9228
f 2531/2504/9229 1219/2513/9230 1862/2516/9231 307/2505/9232
f 445/934/9233 2167/932/9234 1220/2517/9235 1859/2512/9236
f 2167/932/9237 12/918/9238 2533/2518/9239 1220/2517/9240
f 1220/2519/9241 2533/2520/9242 308/2521/9243 1860/2522/9244
f 1859/2514/9245 1220/2519/9246 1860/2522/9247 627/2515/9248
f 627/2515/9249 1860/2522/9250 1221/2523/9251 1861/2524/9252
f 1860/2522/9253 308/2521/9254 2534/2525/9255 1221/2523/9256
f 1221/2523/9257 2534/2525/9258 148/2131/9259 2454/2129/9260
f 1861/2524/9261 1221/2523/9262 2454/2129/9263 268/2125/9264
f 307/2505/9265 1862/2516/9266 1222/2526/9267 2532/2509/9268
f 1862/2516/9269 627/2515/9270 1861/2524/9271 1222/2526/9272
f 1222/2526/9273 1861/2524/9274 268/2125/9275 2453/2123/9276
f 2532/2509/9277 1222/2526/9278 2453/2123/9279 147/2115/9280
f 12/918/9281 2160/916/9282 1223/2527/9283 2533/2518/9284
f 2160/916/9285 441/911/9286 1863/2528/9287 1223/2527/9288
f 1223/2529/9289 1863/2530/9290 628/2531/9291 1866/2532/9292
f 2533/2520/9293 1223/2529/9294 1866/2532/9295 308/2521/9296
f 441/911/9297 2159/908/9298 1224/2533/9299 1863/2528/9300
f 2159/908/9301 11/907/9302 2535/2534/9303 1224/2533/9304
f 1224/2535/9305 2535/2536/9306 309/2537/9307 1864/2538/9308
f 1863/2530/9309 1224/2535/9310 1864/2538/9311 628/2531/9312
f 628/2531/9313 1864/2538/9314 1225/2539/9315 1865/2540/9316
f 1864/2538/9317 309/2537/9318 2536/2541/9319 1225/2539/9320
f 1225/2539/9321 2536/2541/9322 149/2147/9323 2458/2145/9324
f 1865/2540/9325 1225/2539/9326 2458/2145/9327 270/2141/9328
f 308/2521/9329 1866/2532/9330 1226/2542/9331 2534/2525/9332
f 1866/2532/9333 628/2531/9334 1865/2540/9335 1226/2542/9336
f 1226/2542/9337 1865/2540/9338 270/2141/9339 2457/2139/9340
f 2534/2525/9341 1226/2542/9342 2457/2139/9343 148/2131/9344
f 150/2170/9345 2462/2169/9346 1227/2543/9347 2538/2544/9348
f 2462/2169/9349 272/2166/9350 1867/2545/9351 1227/2543/9352
f 1227/2543/9353 1867/2545/9354 629/2546/9355 1870/2547/9356
f 2538/2544/9357 1227/2543/9358 1870/2547/9359 310/2548/9360
f 272/2166/9361 2461/2165/9362 1228/2549/9363 1867/2545/9364
f 2461/2165/9365 149/2147/9366 2536/2541/9367 1228/2549/9368
f 1228/2549/9369 2536/2541/9370 309/2537/9371 1868/2550/9372
f 1867/2545/9373 1228/2549/9374 1868/2550/9375 629/2546/9376
f 629/2546/9377 1868/2550/9378 1229/2551/9379 1869/2552/9380
f 1868/2550/9381 309/2537/9382 2535/2536/9383 1229/2551/9384
f 1229/2553/9385 2535/2534/9386 11/907/9387 2404/1913/9388
f 1869/2554/9389 1229/2553/9390 2404/1913/9391 243/1909/9392
f 310/2548/9393 1870/2547/9394 1230/2555/9395 2537/2556/9396
f 1870/2547/9397 629/2546/9398 1869/2552/9399 1230/2555/9400
f 1230/2557/9401 1869/2554/9402 243/1909/9403 2403/1908/9404
f 2537/2558/9405 1230/2557/9406 2403/1908/9407 108/893/9408
f 151/2186/9409 2466/2185/9410 1231/2559/9411 2540/2560/9412
f 2466/2185/9413 274/2182/9414 1871/2561/9415 1231/2559/9416
f 1231/2559/9417 1871/2561/9418 630/2562/9419 1874/2563/9420
f 2540/2560/9421 1231/2559/9422 1874/2563/9423 311/2564/9424
f 274/2182/9425 2465/2181/9426 1232/2565/9427 1871/2561/9428
f 2465/2181/9429 150/2170/9430 2538/2544/9431 1232/2565/9432
f 1232/2565/9433 2538/2544/9434 310/2548/9435 1872/2566/9436
f 1871/2561/9437 1232/2565/9438 1872/2566/9439 630/2562/9440
f 630/2562/9441 1872/2566/9442 1233/2567/9443 1873/2568/9444
f 1872/2566/9445 310/2548/9446 2537/2556/9447 1233/2567/9448
f 1233/2569/9449 2537/2558/9450 108/893/9451 2152/891/9452
f 1873/2570/9453 1233/2569/9454 2152/891/9455 437/886/9456
f 311/2564/9457 1874/2563/9458 1234/2571/9459 2539/2572/9460
f 1874/2563/9461 630/2562/9462 1873/2568/9463 1234/2571/9464
f 1234/2573/9465 1873/2570/9466 437/886/9467 2151/883/9468
f 2539/2574/9469 1234/2573/9470 2151/883/9471 36/882/9472
f 152/2202/9473 2470/2201/9474 1235/2575/9475 2542/2576/9476
f 2470/2201/9477 276/2198/9478 1875/2577/9479 1235/2575/9480
f 1235/2575/9481 1875/2577/9482 631/2578/9483 1878/2579/9484
f 2542/2576/9485 1235/2575/9486 1878/2579/9487 312/2580/9488
f 276/2198/9489 2469/2197/9490 1236/2581/9491 1875/2577/9492
f 2469/2197/9493 151/2186/9494 2540/2560/9495 1236/2581/9496
f 1236/2581/9497 2540/2560/9498 311/2564/9499 1876/2582/9500
f 1875/2577/9501 1236/2581/9502 1876/2582/9503 631/2578/9504
f 631/2578/9505 1876/2582/9506 1237/2583/9507 1877/2584/9508
f 1876/2582/9509 311/2564/9510 2539/2572/9511 1237/2583/9512
f 1237/2585/9513 2539/2574/9514 36/882/9515 2274/1288/9516
f 1877/2586/9517 1237/2585/9518 2274/1288/9519 178/1284/9520
f 312/2580/9521 1878/2579/9522 1238/2587/9523 2541/2588/9524
f 1878/2579/9525 631/2578/9526 1877/2584/9527 1238/2587/9528
f 1238/2589/9529 1877/2586/9530 178/1284/9531 2273/1282/9532
f 2541/2590/9533 1238/2589/9534 2273/1282/9535 40/1270/9536
f 153/2218/9537 2474/2217/9538 1239/2591/9539 2544/2592/9540
f 2474/2217/9541 278/2214/9542 1879/2593/9543 1239/2591/9544
f 1239/2591/9545 1879/2593/9546 632/2594/9547 1882/2595/9548
f 2544/2592/9549 1239/2591/9550 1882/2595/9551 313/2596/9552
f 278/2214/9553 2473/2213/9554 1240/2597/9555 1879/2593/9556
f 2473/2213/9557 152/2202/9558 2542/2576/9559 1240/2597/9560
f 1240/2597/9561 2542/2576/9562 312/2580/9563 1880/2598/9564
f 1879/2593/9565 1240/2597/9566 1880/2598/9567 632/2594/9568
f 632/2594/9569 1880/2598/9570 1241/2599/9571 1881/2600/9572
f 1880/2598/9573 312/2580/9574 2541/2588/9575 1241/2599/9576
f 1241/2601/9577 2541/2590/9578 40/1270/9579 2268/1268/9580
f 1881/2602/9581 1241/2601/9582 2268/1268/9583 175/1264/9584
f 313/2596/9585 1882/2595/9586 1242/2603/9587 2543/2604/9588
f 1882/2595/9589 632/2594/9590 1881/2600/9591 1242/2603/9592
f 1242/2605/9593 1881/2602/9594 175/1264/9595 2267/1262/9596
f 2543/2606/9597 1242/2605/9598 2267/1262/9599 39/1250/9600
f 154/2234/9601 2478/2233/9602 1243/2607/9603 2546/2608/9604
f 2478/2233/9605 280/2230/9606 1883/2609/9607 1243/2607/9608
f 1243/2607/9609 1883/2609/9610 633/2610/9611 1886/2611/9612
f 2546/2608/9613 1243/2607/9614 1886/2611/9615 314/2612/9616
f 280/2230/9617 2477/2229/9618 1244/2613/9619 1883/2609/9620
f 2477/2229/9621 153/2218/9622 2544/2592/9623 1244/2613/9624
f 1244/2613/9625 2544/2592/9626 313/2596/9627 1884/2614/9628
f 1883/2609/9629 1244/2613/9630 1884/2614/9631 633/2610/9632
f 633/2610/9633 1884/2614/9634 1245/2615/9635 1885/2616/9636
f 1884/2614/9637 313/2596/9638 2543/2604/9639 1245/2615/9640
f 1245/2617/9641 2543/2606/9642 39/1250/9643 2262/1248/9644
f 1885/2618/9645 1245/2617/9646 2262/1248/9647 172/1244/9648
f 314/2612/9649 1886/2611/9650 1246/2619/9651 2545/2620/9652
f 1886/2611/9653 633/2610/9654 1885/2616/9655 1246/2619/9656
f 1246/2621/9657 1885/2618/9658 172/1244/9659 2261/1242/9660
f 2545/2622/9661 1246/2621/9662 2261/1242/9663 38/1230/9664
f 155/2250/9665 2482/2249/9666 1247/2623/9667 2548/2624/9668
f 2482/2249/9669 282/2246/9670 1887/2625/9671 1247/2623/9672
f 1247/2623/9673 1887/2625/9674 634/2626/9675 1890/2627/9676
f 2548/2624/9677 1247/2623/9678 1890/2627/9679 315/2628/9680
f 282/2246/9681 2481/2245/9682 1248/2629/9683 1887/2625/9684
f 2481/2245/9685 154/2234/9686 2546/2608/9687 1248/2629/9688
f 1248/2629/9689 2546/2608/9690 314/2612/9691 1888/2630/9692
f 1887/2625/9693 1248/2629/9694 1888/2630/9695 634/2626/9696
f 634/2626/9697 1888/2630/9698 1249/2631/9699 1889/2632/9700
f 1888/2630/9701 314/2612/9702 2545/2620/9703 1249/2631/9704
f 1249/2633/9705 2545/2622/9706 38/1230/9707 2256/1228/9708
f 1889/2634/9709 1249/2633/9710 2256/1228/9711 169/1224/9712
f 315/2628/9713 1890/2627/9714 1250/2635/9715 2547/2636/9716
f 1890/2627/9717 634/2626/9718 1889/2632/9719 1250/2635/9720
f 1250/2637/9721 1889/2634/9722 169/1224/9723 2255/1222/9724
f 2547/2638/9725 1250/2637/9726 2255/1222/9727 37/1215/9728
f 94/1208/9729 2549/2639/9730 1251/2640/9731 2249/1209/9732
f 2549/2641/9733 316/2642/9734 1891/2643/9735 1251/2644/9736
f 1251/2644/9737 1891/2643/9738 635/2645/9739 1894/2646/9740
f 2249/1209/9741 1251/2640/9742 1894/2647/9743 166/1210/9744
f 316/2642/9745 2550/2648/9746 1252/2649/9747 1891/2643/9748
f 2550/2648/9749 156/2259/9750 2486/2257/9751 1252/2649/9752
f 1252/2649/9753 2486/2257/9754 284/2253/9755 1892/2650/9756
f 1891/2643/9757 1252/2649/9758 1892/2650/9759 635/2645/9760
f 635/2645/9761 1892/2650/9762 1253/2651/9763 1893/2652/9764
f 1892/2650/9765 284/2253/9766 2485/2251/9767 1253/2651/9768
f 1253/2651/9769 2485/2251/9770 155/2250/9771 2548/2624/9772
f 1893/2652/9773 1253/2651/9774 2548/2624/9775 315/2628/9776
f 166/1210/9777 1894/2647/9778 1254/2653/9779 2250/1214/9780
f 1894/2646/9781 635/2645/9782 1893/2652/9783 1254/2654/9784
f 1254/2654/9785 1893/2652/9786 315/2628/9787 2547/2636/9788
f 2250/1214/9789 1254/2653/9790 2547/2638/9791 37/1215/9792
f 30/1185/9793 2551/2655/9794 1255/2656/9795 2367/1699/9796
f 2551/2657/9797 317/2658/9798 1895/2659/9799 1255/2660/9800
f 1255/2660/9801 1895/2659/9802 636/2661/9803 1898/2662/9804
f 2367/1699/9805 1255/2656/9806 1898/2663/9807 225/1701/9808
f 317/2658/9809 2552/2664/9810 1256/2665/9811 1895/2659/9812
f 2552/2664/9813 157/2278/9814 2490/2276/9815 1256/2665/9816
f 1256/2665/9817 2490/2276/9818 286/2271/9819 1896/2666/9820
f 1895/2659/9821 1256/2665/9822 1896/2666/9823 636/2661/9824
f 636/2661/9825 1896/2666/9826 1257/2667/9827 1897/2668/9828
f 1896/2666/9829 286/2271/9830 2489/2268/9831 1257/2667/9832
f 1257/2667/9833 2489/2268/9834 156/2267/9835 2550/2669/9836
f 1897/2668/9837 1257/2667/9838 2550/2669/9839 316/2670/9840
f 225/1701/9841 1898/2663/9842 1258/2671/9843 2368/1705/9844
f 1898/2662/9845 636/2661/9846 1897/2668/9847 1258/2672/9848
f 1258/2672/9849 1897/2668/9850 316/2670/9851 2549/2673/9852
f 2368/1705/9853 1258/2671/9854 2549/2639/9855 94/1208/9856
f 158/2302/9857 2494/2301/9858 1259/2674/9859 2554/2675/9860
f 2494/2301/9861 288/2298/9862 1899/2676/9863 1259/2674/9864
f 1259/2674/9865 1899/2676/9866 637/2677/9867 1902/2678/9868
f 2554/2675/9869 1259/2674/9870 1902/2678/9871 318/2679/9872
f 288/2298/9873 2493/2297/9874 1260/2680/9875 1899/2676/9876
f 2493/2297/9877 157/2278/9878 2552/2664/9879 1260/2680/9880
f 1260/2680/9881 2552/2664/9882 317/2658/9883 1900/2681/9884
f 1899/2676/9885 1260/2680/9886 1900/2681/9887 637/2677/9888
f 637/2677/9889 1900/2681/9890 1261/2682/9891 1901/2683/9892
f 1900/2681/9893 317/2658/9894 2551/2657/9895 1261/2682/9896
f 1261/2684/9897 2551/2655/9898 30/1185/9899 2242/1183/9900
f 1901/2685/9901 1261/2684/9902 2242/1183/9903 482/1179/9904
f 318/2679/9905 1902/2678/9906 1262/2686/9907 2553/2687/9908
f 1902/2678/9909 637/2677/9910 1901/2683/9911 1262/2686/9912
f 1262/2688/9913 1901/2685/9914 482/1179/9915 2241/1177/9916
f 2553/2689/9917 1262/2688/9918 2241/1177/9919 29/1165/9920
f 159/2318/9921 2498/2317/9922 1263/2690/9923 2556/2691/9924
f 2498/2317/9925 290/2314/9926 1903/2692/9927 1263/2690/9928
f 1263/2690/9929 1903/2692/9930 638/2693/9931 1906/2694/9932
f 2556/2691/9933 1263/2690/9934 1906/2694/9935 319/2695/9936
f 290/2314/9937 2497/2313/9938 1264/2696/9939 1903/2692/9940
f 2497/2313/9941 158/2302/9942 2554/2675/9943 1264/2696/9944
f 1264/2696/9945 2554/2675/9946 318/2679/9947 1904/2697/9948
f 1903/2692/9949 1264/2696/9950 1904/2697/9951 638/2693/9952
f 638/2693/9953 1904/2697/9954 1265/2698/9955 1905/2699/9956
f 1904/2697/9957 318/2679/9958 2553/2687/9959 1265/2698/9960
f 1265/2700/9961 2553/2689/9962 29/1165/9963 2236/1163/9964
f 1905/2701/9965 1265/2700/9966 2236/1163/9967 479/1159/9968
f 319/2695/9969 1906/2694/9970 1266/2702/9971 2555/2703/9972
f 1906/2694/9973 638/2693/9974 1905/2699/9975 1266/2702/9976
f 1266/2704/9977 1905/2701/9978 479/1159/9979 2235/1157/9980
f 2555/2705/9981 1266/2704/9982 2235/1157/9983 28/1145/9984
f 160/2334/9985 2502/2333/9986 1267/2706/9987 2558/2707/9988
f 2502/2333/9989 292/2330/9990 1907/2708/9991 1267/2706/9992
f 1267/2706/9993 1907/2708/9994 639/2709/9995 1910/2710/9996
f 2558/2707/9997 1267/2706/9998 1910/2710/9999 320/2711/10000
f 292/2330/10001 2501/2329/10002 1268/2712/10003 1907/2708/10004
f 2501/2329/10005 159/2318/10006 2556/2691/10007 1268/2712/10008
f 1268/2712/10009 2556/2691/10010 319/2695/10011 1908/2713/10012
f 1907/2708/10013 1268/2712/10014 1908/2713/10015 639/2709/10016
f 639/2709/10017 1908/2713/10018 1269/2714/10019 1909/2715/10020
f 1908/2713/10021 319/2695/10022 2555/2703/10023 1269/2714/10024
f 1269/2716/10025 2555/2705/10026 28/1145/10027 2230/1143/10028
f 1909/2717/10029 1269/2716/10030 2230/1143/10031 476/1139/10032
f 320/2711/10033 1910/2710/10034 1270/2718/10035 2557/2719/10036
f 1910/2710/10037 639/2709/10038 1909/2715/10039 1270/2718/10040
f 1270/2720/10041 1909/2717/10042 476/1139/10043 2229/1137/10044
f 2557/2721/10045 1270/2720/10046 2229/1137/10047 27/1125/10048
f 161/2350/10049 2506/2349/10050 1271/2722/10051 2560/2723/10052
f 2506/2349/10053 294/2346/10054 1911/2724/10055 1271/2722/10056
f 1271/2722/10057 1911/2724/10058 640/2725/10059 1914/2726/10060
f 2560/2723/10061 1271/2722/10062 1914/2726/10063 321/2727/10064
f 294/2346/10065 2505/2345/10066 1272/2728/10067 1911/2724/10068
f 2505/2345/10069 160/2334/10070 2558/2707/10071 1272/2728/10072
f 1272/2728/10073 2558/2707/10074 320/2711/10075 1912/2729/10076
f 1911/2724/10077 1272/2728/10078 1912/2729/10079 640/2725/10080
f 640/2725/10081 1912/2729/10082 1273/2730/10083 1913/2731/10084
f 1912/2729/10085 320/2711/10086 2557/2719/10087 1273/2730/10088
f 1273/2732/10089 2557/2721/10090 27/1125/10091 2224/1123/10092
f 1913/2733/10093 1273/2732/10094 2224/1123/10095 473/1119/10096
f 321/2727/10097 1914/2726/10098 1274/2734/10099 2559/2735/10100
f 1914/2726/10101 640/2725/10102 1913/2731/10103 1274/2734/10104
f 1274/2736/10105 1913/2733/10106 473/1119/10107 2223/1117/10108
f 2559/2737/10109 1274/2736/10110 2223/1117/10111 26/1112/10112
f 162/2366/10113 2510/2365/10114 1275/2738/10115 2562/2739/10116
f 2510/2365/10117 296/2362/10118 1915/2740/10119 1275/2738/10120
f 1275/2738/10121 1915/2740/10122 641/2741/10123 1918/2742/10124
f 2562/2739/10125 1275/2738/10126 1918/2742/10127 322/2743/10128
f 296/2362/10129 2509/2361/10130 1276/2744/10131 1915/2740/10132
f 2509/2361/10133 161/2350/10134 2560/2723/10135 1276/2744/10136
f 1276/2744/10137 2560/2723/10138 321/2727/10139 1916/2745/10140
f 1915/2740/10141 1276/2744/10142 1916/2745/10143 641/2741/10144
f 641/2741/10145 1916/2745/10146 1277/2746/10147 1917/2747/10148
f 1916/2745/10149 321/2727/10150 2559/2735/10151 1277/2746/10152
f 1277/2748/10153 2559/2737/10154 26/1112/10155 2220/1111/10156
f 1917/2749/10157 1277/2748/10158 2220/1111/10159 471/1107/10160
f 322/2743/10161 1918/2742/10162 1278/2750/10163 2561/2751/10164
f 1918/2742/10165 641/2741/10166 1917/2747/10167 1278/2750/10168
f 1278/2752/10169 1917/2749/10170 471/1107/10171 2219/1106/10172
f 2561/2753/10173 1278/2752/10174 2219/1106/10175 114/1105/10176
f 139/1991/10177 2514/2378/10178 1279/2754/10179 2517/2398/10180
f 2514/2378/10181 298/2376/10182 1919/2755/10183 1279/2754/10184
f 1279/2754/10185 1919/2755/10186 642/2756/10187 1922/2757/10188
f 2517/2398/10189 1279/2754/10190 1922/2757/10191 300/2387/10192
f 298/2376/10193 2513/2375/10194 1280/2758/10195 1919/2755/10196
f 2513/2375/10197 162/2366/10198 2562/2739/10199 1280/2758/10200
f 1280/2758/10201 2562/2739/10202 322/2743/10203 1920/2759/10204
f 1919/2755/10205 1280/2758/10206 1920/2759/10207 642/2756/10208
f 642/2756/10209 1920/2759/10210 1281/2760/10211 1921/2761/10212
f 1920/2759/10213 322/2743/10214 2561/2751/10215 1281/2760/10216
f 1281/2762/10217 2561/2753/10218 114/1105/10219 2416/1970/10220
f 1921/2763/10221 1281/2762/10222 2416/1970/10223 249/1966/10224
f 300/2387/10225 1922/2757/10226 1282/2764/10227 2518/2386/10228
f 1922/2757/10229 642/2756/10230 1921/2761/10231 1282/2764/10232
f 1282/2765/10233 1921/2763/10234 249/1966/10235 2415/1964/10236
f 2518/2380/10237 1282/2765/10238 2415/1964/10239 1/1085/10240
